evid,station,network,channel,hypo_dist,ptrv,strv,mw_td,fc_td
20170103200047 ,IMWB,KS,HH,74.25,13.83,22.62,2.85,3.23
20170103200047 ,SND,KG,HG,75.64,14.06,22.99,2.88,5
20170103200047 ,HAK,KG,EL,76.92,14.22,23.87,2.95,3.87
20170103200047 ,GWL,KS,HG,79.49,14.65,24.15,2.9,5.96
20170103200047 ,MGB,KG,HH,92.51,16.5,27.4,3.2,2.56
20170103200047 ,MKL,KG,HH,94.9,17.02,28.34,2.77,5
20170103200047 ,DAU,KS,HG,95.69,17.15,28.6,2.96,6.39
20170103200047 ,DAG2,KS,HH,95.71,16.97,28.39,2.77,6.16
20170103200047 ,JSB,KG,HH,95.74,17.18,28.27,2.91,3.91
20170103200047 ,HDB,KG,HH,95.87,17.19,28.94,2.71,9.1
20170103200047 ,GKP1,KG,HH,96.18,17.14,28.6,2.97,5.13
20170103200047 ,YOW2,KS,EL,97.08,17.33,28.77,3.04,6.87
20170103200047 ,CIGB,KS,HH,98.18,17.25,29.02,3.1,2.87
20170103200047 ,USN2,KS,HG,98.46,17.7,29.6,3.04,4.3
20170103200047 ,SAJ,KS,HG,99.36,17.49,29.33,3.06,6.63
20170103200047 ,YCH,KS,HG,73.73,13.57,22.35,3.04,6.87
20170103200047 ,YOJB,KS,HH,72.97,13.36,22.02,2.99,3.14
20170103200047 ,YODB,KS,HH,18.89,5.17,7.82,2.9,3.52
20170103200047 ,ULJ2,KS,HH,22.58,5.7,8.75,3.04,4.37
20170103200047 ,CSO,KS,HG,27.25,6.36,9.94,3.08,5.84
20170103200047 ,ADO2,KS,EL,33.58,7.23,11.43,2.74,13.58
20170103200047 ,PHA2,KS,EL,45.64,9.26,15.13,2.76,3.88
20170103200047 ,CHS,KG,HH,47.38,9.34,15.15,2.62,7.05
20170103200047 ,YEYB,KS,HH,17.61,4.89,7.34,2.85,9.1
20170103200047 ,UJN,KS,HG,49.27,9.92,15.92,2.97,4.99
20170103200047 ,ADOA,KS,HG,49.27,9.63,15.7,3.01,3.41
20170103200047 ,DKJ,KG,EL,71.95,13.26,21.99,2.79,7.53
20170103200047 ,YOCB,KS,HH,72.44,13.2,21.96,2.69,5.08
20170103200047 ,CHYB,KS,HH,50.75,9.88,16,2.64,6.12
20170103200047 ,EUSB,KS,HH,56.27,10.76,17.45,2.7,5.42
20170105203113 ,GKP1,KG,HH,53.9,10.43,17.01,3.29,5.65
20170105203113 ,BUS2,KS,HH,56.76,10.67,17.51,3.26,3.44
20170105203113 ,CHR,KS,HG,66.3,12.21,20.45,3.12,10.27
20170105203113 ,CSO,KS,HG,72.39,13.22,21.88,3.39,3.6
20170105203113 ,BSA,KS,HG,73.36,13.34,22.11,3.3,4.5
20170105203113 ,ADO2,KS,EL,76.77,13.79,23.01,3.15,12.07
20170105203113 ,CIGB,KS,HH,78.77,14.23,23.65,3.19,4.45
20170105203113 ,EUSB,KS,HH,80.71,14.48,23.98,3.15,3.91
20170105203113 ,YODB,KS,HH,90.09,15.93,26.69,3.4,1.77
20170105203113 ,HCNA,KS,HG,93.38,16.62,27.94,3.26,1.83
20170105203113 ,EURB,KS,HH,93.51,16.49,27.62,3.38,2.02
20170105203113 ,YEYB,KS,HH,97.9,17.08,29.08,3.55,1.56
20170105203113 ,PHA2,KS,EL,53.32,10.16,16.71,3.57,1.8
20170105203113 ,DAU,KS,HG,52.99,10.24,16.66,3.2,5.96
20170105203113 ,DAG2,KS,HH,26.72,6.05,9.55,3.33,4.4
20170105203113 ,USN2,KS,EL,12.08,3.77,5.62,3.13,10.48
20170105203113 ,CHS,KG,HH,49.43,9.42,15.52,3.23,4.15
20170105203113 ,MKL,KG,HH,12.22,3.61,5.28,3.04,3.71
20170105203113 ,HDB,KG,HH,23.28,5.25,8.14,3.3,6.87
20170105203113 ,DKJ,KG,EL,24.64,5.56,8.76,3.42,3.83
20170105203113 ,BBK,KG,EL,32.17,6.71,10.58,3.41,4.23
20170105203113 ,YOCB,KS,HH,33.56,7.04,11.28,3.37,3.5
20170105203113 ,MAK,KG,EL,43.63,8.57,13.85,3.22,4.06
20170105203113 ,HAK,KG,EL,37.27,7.66,12.11,3.63,1.89
20170105203113 ,MIYA,KS,HG,49.08,9.6,15.65,3.44,2.56
20170105203113 ,CGD,KG,EL,35.06,7.31,11.7,3.28,5.52
20170105203113 ,YSB,KG,HH,33.81,7.03,11.31,3.4,2.14
20170105203323 ,BSA,KS,HG,73.52,12.89,21.68,2.32,18.32
20170105203323 ,DAU,KS,HG,53.84,9.8,16.27,2.34,11.56
20170105203323 ,GKP1,KG,HH,54.75,10.04,16.57,2.39,21.21
20170105203323 ,BUS2,KS,HH,56.85,10.28,17.08,2.31,13.12
20170105203323 ,CHR,KS,HG,67.14,11.81,19.88,2.65,13.93
20170105203323 ,CSO,KS,HG,72.49,12.84,21.45,2.4,16
20170105203323 ,EUSB,KS,HH,81.2,14.1,23.66,1.9,19.23
20170105203323 ,EURB,KS,HH,94.29,16.2,27.15,2.05,13.08
20170105203323 ,PHA2,KS,EL,53.02,9.75,16.32,2.35,10.51
20170105203323 ,CIGB,KS,HH,79.59,13.85,23.3,2.04,18.47
20170105203323 ,YOCB,KS,HH,34.1,6.65,10.82,2.3,11.53
20170105203323 ,MKL,KG,HH,11.75,3.2,4.85,2.09,9.1
20170105203323 ,USN2,KS,EL,12.42,3.38,5.18,2.2,16.99
20170105203323 ,HDB,KG,HH,22.47,4.83,7.73,2.45,16
20170105203323 ,DKJ,KG,EL,24.86,5.16,8.34,2.42,10.48
20170105203323 ,DAG2,KS,HH,27.55,5.64,9.13,2.4,9.87
20170105203323 ,BBK,KG,EL,31.5,6.3,10.19,2.8,4.23
20170105203323 ,YSB,KG,HH,34.04,6.62,10.84,2.18,10.51
20170105203323 ,CHS,KG,HH,49.57,9.03,15.06,2.25,9.92
20170105203323 ,CGD,KG,EL,35.82,6.91,11.25,2.36,13.01
20170105203323 ,MAK,KG,EL,43.62,8.16,13.49,2.09,28.12
20170110151005 ,DUSB,KS,HH,84.58,15.39,25.36,2.05,3.92
20170110151005 ,DKJ,KG,EL,83.28,15.29,25.47,1.95,9.1
20170110151005 ,JECB,KS,HH,82.95,15.09,24.8,2.05,3.56
20170110151005 ,YOW2,KS,EL,82.93,15.2,25,2.06,11.43
20170110151005 ,CHYB,KS,HH,71.97,13.33,21.97,2.05,6.19
20170110151005 ,YOCB,KS,HH,70.84,13.21,22,1.75,10.88
20170110151005 ,DAG2,KS,HH,86.58,15.69,26.18,2.2,5.5
20170110151005 ,SND,KG,HG,86.8,15.89,26.28,2.2,5.65
20170110151005 ,TEJ,KS,HG,94.91,17.1,28.21,2.5,4.7
20170110151005 ,YODB,KS,HH,89.82,16.2,27,2.05,5.11
20170110151005 ,PHA2,KS,EL,90.23,16.29,27.47,2.26,5.52
20170110151005 ,EMSB,KS,HH,93.11,16.81,27.85,1.45,13.86
20170110151005 ,ULJ2,KS,HH,93.66,16.68,27.98,1.95,10.85
20170110151005 ,CHS,KG,HH,67.27,12.66,20.93,2.2,6.23
20170110151005 ,HKU,KG,HG,97.29,17.56,28.93,2.35,3.99
20170110151005 ,KMC,KG,EL,66.99,12.53,20.51,2.01,8.5
20170110151005 ,SAJ,KS,HG,25.82,6.27,9.47,1.9,13.54
20170110151005 ,EUSB,KS,HH,27.62,6.78,10.53,1.73,11.39
20170110151005 ,MGB,KG,HH,30.52,6.93,10.88,2.04,3.81
20170110151005 ,MGY,KS,EL,41.29,8.63,13.76,1.9,7.34
20170110151005 ,CIGB,KS,HH,45.64,9.25,14.85,2.35,3.15
20170110151005 ,ADO2,KS,EL,48.56,9.92,15.95,2.08,32.37
20170110151005 ,YCH,KS,HG,23.3,6.1,9.55,1.9,14.18
20170110151005 ,GIC,KS,HG,50.12,9.88,16.05,2.05,11.3
20170110151005 ,YOJB,KS,HH,49.72,9.95,15.97,1.45,18.05
20170110151005 ,GKP1,KG,HH,64.51,12.12,20.02,2.18,6.3
20170110151005 ,CSO,KS,HG,60.22,11.76,19.17,2.33,7.25
20170110151005 ,OKCB,KS,HH,57.98,11.22,18.02,2.13,3.86
20170110151005 ,BON,KS,EL,57.87,11.19,18.12,1.9,12.1
20170114025255 ,CHR,KS,HG,76.74,12.63,21.71,2.65,9.56
20170114025255 ,YKDB,KS,HG,74.01,12.43,21.17,2.35,8.82
20170114025255 ,KWJU,KS,HH,73.48,12.27,20.95,1.94,19.29
20170114025255 ,MAS2,KS,EL,71.95,11.8,20.17,2.53,18.96
20170114025255 ,BOSB,KS,HH,70.07,11.55,19.79,2.6,3.39
20170114025255 ,KOHB,KS,HH,77.81,12.82,22.13,2.76,20.61
20170114025255 ,KWJ2,KS,HH,73.49,12.26,20.94,2.36,8.02
20170114025255 ,KUJA,KS,HG,81.27,13.44,22.8,2.35,5.74
20170114025255 ,YNDB,KS,HH,82.42,13.63,23.03,2.46,4.64
20170114025255 ,GWJ,KS,HG,82.46,13.77,23.47,2.48,13.86
20170114025255 ,KJM,KG,EL,83.07,13.64,23.21,2.42,12.14
20170114025255 ,HWSB,KG,HH,84.6,14.21,24.15,2.24,7.49
20170114025255 ,KMC,KG,EL,91.93,15.02,25.67,2.62,5.22
20170114025255 ,JEO2,KS,HH,96.91,15.94,27.17,2.19,13.19
20170114025255 ,DUSB,KS,HH,81,13.12,22.56,2.46,4.17
20170114025255 ,TOY,KS,HG,69.83,11.51,19.58,2.7,13.89
20170114025255 ,JAS,KS,HG,60.17,9.8,17.03,2.35,11.49
20170114025255 ,JRB,KG,HH,17.33,2.79,4.72,2.5,4.81
20170114025255 ,YSU,KS,HG,21.58,3.51,5.93,2.47,13.89
20170114025255 ,JINA,KS,HG,24.9,4.05,6.94,2.45,4.5
20170114025255 ,GWYB,KS,HH,28.54,4.62,7.84,2.43,5.06
20170114025255 ,GSU,KG,HH,29.94,4.92,8.45,2.5,4.03
20170114025255 ,GRE,KG,EL,34.45,5.77,9.72,2.33,11.79
20170114025255 ,BAU,KS,EL,21.58,3.52,5.94,2.47,18.42
20170114025255 ,HAMB,KS,HH,39.39,6.24,11.02,2.43,6.83
20170114025255 ,HACA,KS,HG,41.75,6.5,11.38,2.34,6.69
20170114025255 ,NAH,KS,HG,42.32,6.42,12,2.38,12.28
20170114025255 ,SCHA,KS,HG,43.01,7.14,12.14,2.23,8.28
20170114025255 ,NAWB,KS,HH,46.47,7.56,13.09,2.44,4.2
20170114025255 ,IMSA,KS,HG,67.91,11.12,19.18,2.34,5.41
20170114025255 ,EURB,KS,HH,49.44,8.06,13.78,1.9,12.89
20170114025255 ,KCH2,KS,EL,51.61,8.13,14.38,2.49,9.61
20170114025255 ,HCNA,KS,HG,56.7,9.79,15.96,2.35,5.91
20170116105413 ,PUAA,KS,HG,68.33,12.73,20.73,2.4,7.03
20170116105413 ,TJN,KG,HH,70.37,13.05,21.24,2.39,9.81
20170116105413 ,TEJ,KS,HG,70.98,13.14,21.48,2.52,8.67
20170116105413 ,HKU,KG,HH,76.36,14.05,23.01,2.2,7.34
20170116105413 ,CHO,KS,HG,76.64,13.44,21.99,2.5,6.81
20170116105413 ,CEA,KS,EL,81.63,14.9,24.5,2.19,9.34
20170116105413 ,WID,KG,EL,83.53,14.99,24.86,2.68,3.55
20170116105413 ,HAWB,KS,HH,85.89,15.5,25.47,2.35,4.49
20170116105413 ,GBI,KS,EL,98.5,17.72,29.22,2.33,16.32
20170116105413 ,MND,KS,HH,61.04,11.67,19.04,2.6,4.86
20170116105413 ,JEO2,KS,HH,77.43,14.12,23.24,2.36,11.43
20170116105413 ,ECDB,KS,HH,60.53,11.49,18.87,2.01,18.21
20170116105413 ,HSB,KG,HH,26.98,6.52,10.29,2.44,5.96
20170116105413 ,BUYB,KS,HH,31.98,7.14,11.32,2.25,5.96
20170116105413 ,ANM,KS,HG,34.35,7.66,12.04,2.33,13.35
20170116105413 ,NPR,KG,HH,42.03,8.64,13.92,2.4,7.91
20170116105413 ,YSAB,KS,HH,50.98,10.02,16.14,2.43,5.86
20170116105413 ,IKSA,KS,HG,52.96,10.4,16.75,2.41,6.14
20170116105413 ,KOJ2,KS,EL,53.11,10.33,16.8,2.2,9.29
20170116105413 ,SES2,KS,HH,53.37,10.53,17.08,2.16,24.42
20170116105413 ,OYDB,KS,HH,48.56,9.65,15.65,1.94,17.04
20170118034953 ,BGDB,KS,HH,86.17,15.58,25.76,2.74,4.17
20170118034953 ,AMD,KS,HH,95.92,17.01,28.94,2.67,11.9
20170118034953 ,HUK2,KS,EL,52.33,10.04,16.3,3,2.56
20170120182738 ,BSA,KS,HG,73.52,12.96,21.73,2.9,6.87
20170120182738 ,DAU,KS,HG,53.84,9.9,16.39,2.89,5.76
20170120182738 ,GKP1,KG,HH,54.75,10.12,16.71,2.82,8.42
20170120182738 ,BUS2,KS,HH,56.85,10.25,17.08,2.75,7.38
20170120182738 ,CHR,KS,HG,67.14,11.88,20.03,2.91,10.48
20170120182738 ,CSO,KS,HG,72.49,12.82,21.56,2.79,5.41
20170120182738 ,PHA2,KS,EL,53.02,9.85,16.42,2.93,3.73
20170120182738 ,EUSB,KS,HH,81.2,14.13,23.76,2.7,3.66
20170120182738 ,YEYB,KS,HH,97.97,17.02,28.72,3.1,1.83
20170120182738 ,YODB,KS,HG,89.88,15.68,26.27,2.95,2.32
20170120182738 ,HCNA,KS,HG,94.26,15.7,27.61,2.91,2.49
20170120182738 ,CIGB,KS,HH,79.59,13.9,23.41,2.8,4.64
20170120182738 ,MIYA,KS,HG,49.79,9.26,15.33,3.1,3.36
20170120182738 ,CHS,KG,HH,49.57,9.1,15.12,2.61,5.96
20170120182738 ,MKL,KG,HH,11.75,3.4,5.19,2.9,5.7
20170120182738 ,USN2,KS,EL,12.42,3.59,5.52,2.82,9.02
20170120182738 ,HDB,KG,HH,22.47,4.93,7.92,2.9,12.82
20170120182738 ,DKJ,KG,EL,24.86,5.3,8.53,2.6,7.91
20170120182738 ,DAG2,KS,HH,27.55,5.8,9.41,3.1,3.74
20170120182738 ,BBK,KG,EL,31.5,6.35,10.3,2.95,3.83
20170120182738 ,YSB,KG,HH,34.04,6.71,10.82,3,3.61
20170120182738 ,YOCB,KS,HH,34.1,6.79,11.02,2.79,2.89
20170120182738 ,CGD,KG,EL,35.82,7.04,11.38,3,6
20170120182738 ,HAK,KG,EL,36.54,7.3,12.05,3.1,2.94
20170120182738 ,MAK,KG,EL,43.62,8.18,13.44,2.7,10.48
20170123190756 ,GKP1,KG,HH,53.31,9.91,16.32,2.64,10.63
20170123190756 ,MIYA,KS,HG,50.4,9.32,15.55,3.13,2.24
20170123190756 ,DAU,KS,HG,52.39,9.64,16.05,2.68,9.87
20170123190756 ,PHA2,KS,EL,51.28,9.38,15.62,2.86,4.68
20170123190756 ,BUS2,KS,HH,58.94,10.49,17.63,2.84,4.71
20170123190756 ,CSO,KS,HG,70.2,12.31,20.76,2.89,6.6
20170123190756 ,BSA,KS,HG,75.53,13.18,22.25,2.82,7.53
20170123190756 ,EUSB,KS,HH,78.87,13.67,23.04,2.68,5.05
20170123190756 ,MAS2,KS,EL,86.44,14.98,25.56,2.82,19.74
20170123190756 ,YODB,KS,HH,87.95,15.15,25.5,2.91,2.56
20170123190756 ,EURB,KS,HH,94.65,16.22,27.47,2.61,4.03
20170123190756 ,YEYB,KS,HH,95.69,16.42,27.88,3.1,2.31
20170123190756 ,CHS,KG,HH,47.28,8.61,14.31,2.59,7.51
20170123190756 ,ADO2,KS,EL,74.65,12.95,21.88,2.71,16
20170123190756 ,MAK,KG,EL,45.79,8.43,13.98,2.7,7.91
20170123190756 ,MKL,KG,HH,12.82,3.3,5.15,2.76,7.21
20170123190756 ,DKJ,KG,EL,22.69,4.82,7.82,2.71,6.24
20170123190756 ,HDB,KG,HH,23.59,4.83,7.83,2.92,6.05
20170123190756 ,DAG2,KS,HH,26.63,5.59,9.17,3.01,3.39
20170123190756 ,USN2,KS,EL,13.2,3.57,5.57,2.71,9.48
20170123190756 ,CGD,KG,EL,36.14,7.01,11.46,2.86,5.96
20170123190756 ,HAK,KG,EL,36.15,6.98,11.19,2.97,3.74
20170123190756 ,BBK,KG,EL,33.52,6.47,10.6,2.9,4.45
20170123190756 ,YSB,KG,HH,35.87,6.89,11.28,2.95,2.73
20170126135338 ,BGD,KG,HH,74.96,13.64,22.82,2.21,9.08
20170126135338 ,JJU,KS,HG,33.95,6.43,10.75,2.2,4.81
20170126135338 ,JJB,KG,HH,24.33,4.68,7.76,2.33,2.42
20170129044553 ,YKB,KG,HH,90.15,16,26.75,2.97,3.79
20170129044553 ,GAPB,KS,HH,99.07,17.76,29.41,3.25,2.52
20170129044553 ,HWCA,KS,HG,89.82,15.95,26.58,3.2,2.95
20170129044553 ,YNCB,KS,HG,76.74,13.76,22.88,2.92,5.93
20170129044553 ,CWO2,KS,EL,76,13.78,22.81,2.93,9.56
20170129044553 ,HWCB,KS,HH,70.07,12.71,21.15,2.7,6.87
20170129044553 ,CHNB,KG,HH,49.07,9.09,15.05,2.89,7.77
20170129044553 ,PCH,KG,EL,82.59,14.6,24.52,2.85,6
20170205100729 ,WAN2,KS,EL,87.78,15.6,26.21,2.83,21.7
20170205100729 ,GMDB,KS,HH,71.11,13.04,21.94,2.47,7.91
20170205100729 ,GOS2,KS,EL,64.1,10.96,18.52,2.41,9.1
20170205100729 ,BGD,KG,HH,63.52,11.66,19.11,2.52,8.97
20170205100729 ,HALB,KS,HH,49.32,9.2,15.03,2.5,4.72
20170205100729 ,JJU,KS,HG,28.06,6.25,9.88,2.91,7.09
20170205100729 ,JJB,KG,HH,21.6,5.4,8.39,2.8,3.63
20170209202241 ,CGD,KG,EL,66.63,12.4,20.44,2.37,10.73
20170209202241 ,YOCB,KS,HH,67.43,12.3,20.46,2.49,5.38
20170209202241 ,CHS,KG,HH,73.93,13.21,22.25,2.92,4.49
20170209202241 ,DAU,KS,HG,90.45,16.13,26.79,2.5,7.97
20170209202241 ,GKP1,KG,HH,91.38,16.3,27.08,2.46,7.91
20170209202241 ,CSO,KS,HG,93.98,16.12,27.71,2.61,4.5
20170209202241 ,CHR,KS,HG,98.93,17.38,29.4,2.65,10.63
20170209202241 ,YODB,KS,HH,99.57,17.15,29.24,2.35,4.46
20170209202241 ,PHA2,KS,EL,63.66,11.62,19.47,2.37,9.48
20170209202241 ,BSA,KS,HG,78.42,14.42,23.91,2.65,4.81
20170209202241 ,DAG2,KS,HH,63.1,11.77,19.45,2.61,6.71
20170209202241 ,BUS2,KS,HH,61.71,11.66,19.14,2.5,9.23
20170209202241 ,HDB,KG,HH,20.34,5.48,8.52,2.5,10.45
20170209202241 ,MKL,KG,HH,32.42,7.1,11.38,2.5,5.38
20170209202241 ,HAK,KG,EL,32.83,7.22,11.6,2.65,4.67
20170209202241 ,BBK,KG,EL,17.58,5.12,7.94,2.53,4.85
20170209202241 ,USN2,KS,EL,42.07,8.51,13.82,2.6,5.66
20170209202241 ,MAK,KG,EL,48.41,9.68,15.7,2.59,6.3
20170209202241 ,YSB,KG,HH,49.8,9.8,16.02,2.46,4.4
20170209202241 ,DKJ,KG,EL,54.05,10.3,16.94,2.62,6.93
20170212002227 ,YOCB,KS,HH,65.91,12.13,20.25,2.42,6.91
20170212002227 ,CGD,KG,EL,67.99,12.19,20.23,2.32,12.46
20170212002227 ,CHS,KG,HH,70.99,13.04,22.04,2.82,6.69
20170212002227 ,BSA,KS,HG,82.43,14.19,23.72,2.65,5.32
20170212002227 ,DAU,KS,HG,90.12,15.86,26.59,2.46,10.48
20170212002227 ,CSO,KS,HG,90.56,16.12,27.5,2.48,12.89
20170212002227 ,GKP1,KG,HH,91.06,16.06,26.88,2.4,12.14
20170212002227 ,YODB,KS,HH,95.34,16.95,29,2.35,4.2
20170212002227 ,ADO2,KS,EL,98.77,17.39,29.51,2.49,16.04
20170212002227 ,BUS2,KS,HH,65.57,11.44,18.94,2.55,9.53
20170212002227 ,DAG2,KS,HH,63.2,11.56,19.24,2.53,10.27
20170212002227 ,HDB,KG,HH,19.55,5.22,8.3,2.45,15.1
20170212002227 ,BBK,KG,EL,20.51,4.91,7.72,2.55,6.03
20170212002227 ,HAK,KG,EL,28.93,7.01,11.33,2.65,5.11
20170212002227 ,MKL,KG,HH,32.35,6.89,11.18,2.41,10.54
20170212002227 ,USN2,KS,EL,42.56,8.29,13.63,2.46,10.48
20170212002227 ,DKJ,KG,EL,52.19,10.11,16.72,2.57,7.91
20170212002227 ,YSB,KG,HH,52.53,9.6,15.74,2.38,5.45
20170212002227 ,PHA2,KS,EL,59.75,11.41,19.23,2.31,10.18
20170212002227 ,MAK,KG,EL,52.02,9.48,15.49,2.84,5.49
20170215173456 ,CHR,KS,HG,69.99,12.15,20.84,2.95,11.83
20170215173456 ,CSO,KS,HG,69.48,12.21,20.7,2.95,5.65
20170215173456 ,BUS2,KS,HH,60.33,10.57,17.76,3,7.19
20170215173456 ,MIYA,KS,HG,53.17,9.61,16.2,3.19,2.85
20170215173456 ,GKP1,KG,HH,55.65,10.18,16.97,2.91,7.05
20170215173456 ,DAU,KS,HG,54.73,9.95,16.67,2.88,12.07
20170215173456 ,BSA,KS,HG,77.1,13.27,22.47,3.06,7.59
20170215173456 ,YEYB,KS,HH,94.84,16.14,27.84,3.1,2.96
20170215173456 ,CIGB,KS,HH,79.96,13.92,23.47,3,3.91
20170215173456 ,MAS2,KS,EL,89.01,15.08,25.98,3.01,19.07
20170215173456 ,EUSB,KS,HH,79.49,13.72,23.26,2.93,4.81
20170215173456 ,HCNA,KS,HG,96.77,16.49,27.99,3.1,2.77
20170215173456 ,PHA2,KS,EL,49.36,9.1,15.29,3.09,4.28
20170215173456 ,MKL,KG,HH,12.12,3.3,5.15,2.75,8.95
20170215173456 ,USN2,KS,HG,14.91,3.81,6.07,2.84,10.48
20170215173456 ,DKJ,KG,EL,22.58,4.86,7.99,3.12,3.81
20170215173456 ,DAG2,KS,HH,29.19,5.93,9.81,2.93,5.44
20170215173456 ,BBK,KG,EL,32.38,6.22,10.23,3.1,3.99
20170215173456 ,HDB,KG,HH,21.47,4.51,7.32,3.13,6.35
20170215173456 ,YOCB,KS,HH,32.92,6.52,10.73,2.96,4.16
20170215173456 ,HAK,KG,EL,33.37,6.53,10.79,3.17,2.6
20170215173456 ,YSB,KG,HH,37.61,7.05,11.61,3.04,4.3
20170215173456 ,CGD,KG,EL,38.92,7.35,12.18,2.98,5.95
20170215173456 ,CHS,KG,HH,46.72,8.57,14.34,2.85,6.87
20170215173456 ,MAK,KG,EL,46.91,8.41,14.04,2.98,6.24
20170216092019 ,JEO2,KS,HH,79.92,14.73,23.99,2.65,14.93
20170216092019 ,KMSA,KS,HG,76.1,14.15,23.05,2.65,7.57
20170216092019 ,BAU,KS,EL,75.25,13.39,22.44,2.52,26.02
20170216092019 ,HAD,KS,HG,69.37,12.28,20.74,2.73,12.07
20170216092019 ,GRE,KG,EL,72.96,12.9,21.6,2.62,10.24
20170216092019 ,OKCB,KS,HH,83.38,15.27,24.86,2.3,7.29
20170216092019 ,DAG2,KS,HH,75.08,13.68,22.82,2.45,8.79
20170216092019 ,SAJ,KS,HG,86.01,15.66,25.83,2.5,13.01
20170216092019 ,YOCB,KS,HH,86.93,15.58,26.16,2.6,3.91
20170216092019 ,CHO,KS,HG,87.53,16.73,27.29,2.75,6.83
20170216092019 ,SUCA,KS,HG,91.78,16.63,27.13,2.71,4.5
20170216092019 ,USN2,KS,EL,94.33,16.82,28.12,2.68,10.21
20170216092019 ,SCHA,KS,HG,95.55,16.51,27.9,2.73,5.15
20170216092019 ,CGD,KG,EL,69.24,12.76,21.24,2.51,6.89
20170216092019 ,EUSB,KS,HH,96.55,17.11,28.63,2.6,4.5
20170216092019 ,DKJ,KG,EL,98.7,17.53,29.53,2.71,5.18
20170216092019 ,GWYB,KS,HH,85.98,15.36,25.26,2.6,5.18
20170216092019 ,MAS2,KS,HG,68.8,12.9,21.05,2.62,18.42
20170216092019 ,IMSA,KS,HG,73.63,13.68,22.18,2.61,4.06
20170216092019 ,NAWB,KS,HH,68.16,12.72,20.5,2.91,2.72
20170216092019 ,HCNA,KS,HG,14.88,4.34,6.39,2.57,3.91
20170216092019 ,KCH2,KS,EL,18.68,4.75,7.22,2.8,13.54
20170216092019 ,HACA,KS,HG,27.1,6.05,9.44,2.49,3.48
20170216092019 ,HAMB,KS,HH,35.77,7.41,11.54,2.82,5.65
20170216092019 ,CHR,KS,HG,39.23,8.14,12.98,2.58,12.07
20170216092019 ,EURB,KS,HH,40.91,8.25,13.17,2.29,5.93
20170216092019 ,DUSB,KS,HH,41.44,8.42,13.42,2.79,4.01
20170216092019 ,KMC,KG,EL,41.57,8.53,13.51,2.49,9.84
20170216092019 ,GIC,KS,HG,49.83,9.85,15.77,2.66,11.62
20170216092019 ,JAS,KS,HG,52.58,10.22,16.42,2.83,8.97
20170216092019 ,CPR2,KS,EL,66.1,12.43,20.17,2.36,14.63
20170216092019 ,JRB,KG,HH,63.46,11.4,18.89,2.53,6.32
20170216092019 ,CIGB,KS,HH,52.55,10.12,16.46,2.57,3.91
20170216092019 ,MIYA,KS,HG,62.37,11.78,19.32,2.8,3.15
20170216092019 ,GKP1,KG,HH,55.17,10.57,17.26,2.5,9.92
20170216092019 ,GSU,KG,HH,55.06,10.47,17.06,2.5,5.44
20170216092019 ,JINA,KS,HG,53.92,10.19,16.83,2.64,3.85
20170216092019 ,DAU,KS,HG,55.94,10.64,17.54,2.52,9.87
20170218075349 ,CJD,KS,HH,82.19,14.9,24.71,2.31,12.53
20170218075349 ,MRD,KG,HH,17.96,4.03,6.41,1.75,20.43
20170218075349 ,HALB,KS,HH,23.25,5.44,8.41,2.67,2.99
20170218075349 ,GOS2,KS,HG,12.37,3.8,5.92,2.5,4.72
20170218115819 ,JRB,KG,HH,64.77,12.37,19.98,2.65,7.84
20170218115819 ,CHO,KS,HG,69.18,13.17,21.56,2.45,9.1
20170218115819 ,MOP,KS,HG,69.3,12.93,21.45,2.34,13.46
20170218115819 ,WID,KG,EL,72.68,13.53,22.19,2.32,16.42
20170218115819 ,KOHB,KS,HH,75.13,14,23.07,2.43,32.37
20170218115819 ,GWYB,KS,HH,76.22,14.13,23.22,2.53,7.57
20170218115819 ,HAD,KS,HG,78.05,14.48,23.84,2.86,16.28
20170218115819 ,MND,KS,HH,79.68,14.75,24.18,2.18,14.93
20170218115819 ,HANB,KS,HH,82.93,15.24,25.06,2.52,5.81
20170218115819 ,AMD,KS,HH,84.32,15.45,25.49,2.4,32.37
20170218115819 ,JEO2,KS,HH,85.39,15.53,25.58,2.57,16.09
20170218115819 ,NPR,KG,HH,90.6,16.37,27.22,2.71,7.91
20170218115819 ,YESA,KS,HG,91.66,16.51,27.57,2.59,10.48
20170218115819 ,AJD,KG,EL,92.27,16.66,27.78,2.47,13.5
20170218115819 ,IKSA,KS,HG,93.2,16.75,27.75,2.76,5.38
20170218115819 ,WAN2,KS,EL,95.59,17.33,28.83,2.76,24.42
20170218115819 ,SMKB,KS,HH,62.52,11.88,19.17,2.38,9.42
20170218115819 ,HAMB,KS,HH,80.19,14.95,24.39,2.35,23.93
20170218115819 ,YSU,KS,HG,62.29,12.03,19.72,2.51,32.37
20170218115819 ,MAN,KS,HG,62.36,11.96,19.4,2.47,15.91
20170218115819 ,KWJ2,KS,HH,13.49,4.67,6.89,2.2,16.04
20170218115819 ,SUCA,KS,HG,26.08,6.32,9.73,2.46,8.3
20170218115819 ,NAJ,KS,HG,26.81,6.44,10.04,2.53,15.68
20170218115819 ,HWSB,KG,HH,30.05,6.91,10.87,2.39,9.26
20170218115819 ,JEU,KS,HG,30.91,6.97,10.9,2.32,18.11
20170218115819 ,GOCB,KS,HH,35.12,7.69,12.05,2.46,6.16
20170218115819 ,SCHA,KS,HG,46.62,9.54,15.3,2.54,9.1
20170218115819 ,GRE,KG,EL,47.1,9.6,15.18,2.42,32.37
20170218115819 ,KWJU,KS,HH,13.5,4.66,6.89,1.89,32.37
20170218115819 ,NAWB,KS,HH,47.67,9.68,15.22,2.2,8.3
20170218115819 ,BAU,KS,EL,62.29,12.03,19.68,2.52,32.37
20170218115819 ,PUAA,KS,HG,59.86,11.42,18.55,2.04,12.46
20170218115819 ,MUN,KG,EL,59.64,11.5,18.81,2.44,6.45
20170218115819 ,JAH,KS,HG,60.89,11.76,19.2,2.75,11.2
20170218115819 ,YOA,KS,EL,55.64,10.9,17.68,2.47,32.37
20170218115819 ,MOK,KS,HG,55.64,10.66,17.46,2.53,16.66
20170218115819 ,IMSA,KS,HG,53.71,10.52,17.05,2.13,10.3
20170218115819 ,BOSB,KS,HH,58.25,11.39,18.24,2.34,7.75
20170220182111 ,MIYA,KS,HG,51.87,9.39,15.65,2.35,5.05
20170220182111 ,ADO2,KS,EL,76.47,13.27,22.37,2.28,32.37
20170220182111 ,DAU,KS,HG,55.25,9.94,16.49,2.32,12.82
20170220182111 ,GKP1,KG,HH,56.17,10.26,16.82,2.2,18.58
20170220182111 ,BUS2,KS,HH,58.16,10.34,17.31,2.1,16
20170220182111 ,CHR,KS,HG,69.2,12.09,20.26,2.5,13.62
20170220182111 ,BSA,KS,HG,74.95,13.05,21.96,2.35,10.27
20170220182111 ,YODB,KS,HH,88.41,15.29,25.78,2.05,6.3
20170220182111 ,MAS2,KS,EL,87.34,14.87,25.39,2.62,17.29
20170220182111 ,HCNA,KS,HG,96.25,16.53,27.67,2.5,3.92
20170220182111 ,EURB,KS,HH,96.4,16.35,27.57,2.2,6.89
20170220182111 ,YEYB,KS,HH,97.04,16.75,28.25,2.48,3.42
20170220182111 ,EUSB,KS,HG,81.29,14.17,23.6,2.35,6.23
20170220182111 ,PHA2,KS,EL,51.43,9.51,15.98,2.15,13.89
20170220182111 ,CSO,KS,HG,71.65,12.54,21.27,2.21,11.36
20170220182111 ,CHS,KG,HH,48.84,8.88,14.82,2.09,13.89
20170220182111 ,MKL,KG,HH,11.27,3.3,5.09,2.16,13.89
20170220182111 ,USN2,KS,EL,13.75,3.66,5.72,2.37,14.38
20170220182111 ,DKJ,KG,EL,24.43,5.09,8.32,2.21,12.1
20170220182111 ,DAG2,KS,HH,29.18,5.84,9.56,2.28,8.84
20170220182111 ,HDB,KG,HH,21.02,4.71,7.64,2.33,15.46
20170220182111 ,YOCB,KS,HH,34.44,6.7,10.89,1.75,17.95
20170220182111 ,HAK,KG,EL,34.51,7.02,11.09,2.63,4.56
20170220182111 ,YSB,KG,HH,35.58,6.81,11.37,2.25,7.91
20170220182111 ,CGD,KG,EL,37.86,7.14,11.73,2.24,14.47
20170220182111 ,MAK,KG,EL,44.74,8.23,13.72,2.09,12.07
20170220182111 ,BBK,KG,EL,30.9,6.26,10.16,2.41,4.5
20170222040850 ,ADO2,KS,EL,74.9,12.92,21.75,2.19,15.37
20170222040850 ,BUS2,KS,HH,59.03,10.42,17.51,2.05,12.75
20170222040850 ,DAU,KS,HG,53.25,9.56,15.89,2.05,19.68
20170222040850 ,YEYB,KS,HH,95.77,16.4,27.75,2.46,3.09
20170222040850 ,CIGB,KS,HH,78.71,13.48,22.84,2.05,12.6
20170222040850 ,EUSB,KS,HH,79.37,13.62,22.93,2.09,7.91
20170222040850 ,MAS2,KS,EL,87.01,14.91,25.39,2.4,28.44
20170222040850 ,PHA2,KS,EL,50.97,9.24,15.53,2.05,10.1
20170222040850 ,CHS,KG,HH,47.43,8.5,14.24,2.01,9.1
20170222040850 ,BBK,KG,EL,32.88,6.36,10.49,2.45,4.1
20170222040850 ,MKL,KG,HH,12.38,3.19,5.03,2.06,15.95
20170222040850 ,USN2,KS,EL,13.51,3.46,5.46,2.08,23.25
20170222040850 ,HDB,KG,HH,22.79,4.7,7.7,2.25,10.48
20170222040850 ,DKJ,KG,EL,22.93,4.71,7.72,2.18,10.88
20170222040850 ,DAG2,KS,HH,27.47,5.48,9.06,2.33,4.75
20170222040850 ,YOCB,KS,HH,32.49,6.23,10.23,2.02,11.73
20170222040850 ,YSB,KG,HH,36.09,6.79,11.27,2.05,6.97
20170222040850 ,CGD,KG,EL,36.88,6.91,11.38,2.15,16
20170222040850 ,MAK,KG,EL,45.79,8.34,13.87,1.89,32.37
20170223120351 ,YPD,KG,EL,77.83,13.95,23.93,3.1,6.23
20170223120351 ,YPDB,KS,HH,76.77,13.68,23.72,3.09,2.9
20170223120351 ,BRN,KG,HG,68,11.29,19.31,3.1,2.23
20170224023444 ,CIGB,KS,HH,65.97,11.52,19.42,2.54,3.74
20170224023444 ,EMSB,KS,HH,68.28,12.24,20.24,2.68,4.96
20170224023444 ,CEA,KS,EL,69.19,12.43,20.91,2.25,10.48
20170224023444 ,BUYB,KS,HH,79.59,14.11,23.27,2.65,4.93
20170224023444 ,JAS,KS,HG,84.41,14.9,24.99,2.8,6.12
20170224023444 ,CHO,KS,HG,84.93,14.93,25.28,2.5,6.97
20170224023444 ,YOJB,KS,HH,85.47,14.89,24.97,2.59,5.96
20170224023444 ,KCH2,KS,EL,86.37,14.94,25.5,2.54,11.83
20170224023444 ,NPR,KG,HH,91.62,15.99,27.2,2.64,6.89
20170224023444 ,JECB,KS,HH,94.29,16.33,27.55,2.65,5.38
20170224023444 ,BURB,KS,HH,95.12,16.55,27.69,2.6,4.5
20170224023444 ,YSAB,KS,HH,96.56,17.05,28.57,2.72,3.39
20170224023444 ,HAMB,KS,HH,96.98,16.68,28.22,2.67,7.32
20170224023444 ,IMSA,KS,HG,97.07,16.8,28.22,2.4,5.42
20170224023444 ,YCH,KS,HG,64.13,11.3,18.9,2.65,11.01
20170224023444 ,JEO2,KS,HH,67.14,11.92,20.22,2.56,6.87
20170224023444 ,CHJ2,KS,HH,58.02,10.44,17.4,2.52,12.46
20170224023444 ,OKCB,KS,HH,10.69,2.9,4.41,2.25,5.96
20170224023444 ,BON,KS,EL,21.19,4.61,7.31,2.46,14.85
20170224023444 ,CPR2,KS,EL,26.04,5.19,8.6,2.59,10.48
20170224023444 ,SAJ,KS,HG,34.59,6.53,10.74,2.59,10.48
20170224023444 ,TEJ,KS,HG,38.91,7.48,12.19,2.93,5.19
20170224023444 ,KOJ2,KS,EL,59.58,10.85,17.92,2.48,8.69
20170224023444 ,MGY,KS,EL,40.26,7.47,12.45,2.64,6.77
20170224023444 ,TJN,KG,HH,39.53,7.62,12.31,2.71,7.03
20170224023444 ,GIC,KS,HG,44.7,8.15,13.76,2.62,7.38
20170224023444 ,CEJA,KS,HG,43.72,8.26,13.89,2.67,5.39
20170224023444 ,JNPA,KS,HG,51.41,9.51,15.57,2.61,4.13
20170224023444 ,MGB,KG,HH,48.8,8.79,14.87,2.5,4.51
20170224023444 ,DUSB,KS,HH,54.84,9.87,16.1,2.65,4.15
20170224023444 ,HKU,KG,HH,47.27,8.92,14.89,2.65,4.56
20170224023444 ,KMC,KG,EL,47.18,8.48,13.92,2.6,6.87
20170224215844 ,PHA2,KS,EL,54.35,10.02,16.66,2.64,5.19
20170224215844 ,BUS2,KS,HH,55.68,10.23,17.03,2.45,15.91
20170224215844 ,CHR,KS,HG,65.93,11.83,19.99,2.44,24.42
20170224215844 ,BSA,KS,HG,72.28,12.84,21.57,2.56,12.07
20170224215844 ,CSO,KS,HG,73.48,13.09,21.83,2.53,6.87
20170224215844 ,ADO2,KS,EL,77.84,13.63,22.9,2.51,19.29
20170224215844 ,CIGB,KS,HH,79.24,13.94,23.46,2.53,6
20170224215844 ,HDB,KG,HH,23.21,5.1,8.16,2.61,8.45
20170224215844 ,MAS2,KS,EL,83.91,14.84,24.96,2.63,19.23
20170224215844 ,YODB,KS,HH,91.16,15.75,26.49,2.8,1.65
20170224215844 ,EURB,KS,HH,92.96,16.13,27.15,2.43,7.91
20170224215844 ,YEYB,KS,HH,99,17.09,29.02,2.5,3.94
20170224215844 ,GKP1,KG,HH,54.23,10.25,16.78,2.65,5.28
20170224215844 ,USN2,KS,EL,11.63,3.76,5.8,2.44,13.89
20170224215844 ,CHS,KG,HH,50.5,9.27,15.36,2.4,7.91
20170224215844 ,MKL,KG,HH,12.07,3.63,5.55,2.42,12.07
20170224215844 ,DKJ,KG,EL,25.63,5.5,8.87,2.5,6.46
20170224215844 ,DAU,KS,HG,53.32,9.98,16.45,2.55,8.62
20170224215844 ,DAG2,KS,HH,26.83,5.9,9.55,2.64,9.61
20170224215844 ,BBK,KG,EL,31.53,6.45,10.39,2.67,5.22
20170224215844 ,YSB,KG,HH,32.79,6.7,10.8,2.5,6.23
20170224215844 ,MIYA,KS,HG,48.44,9.22,15.27,2.71,4.76
20170224215844 ,MAK,KG,EL,42.55,8.17,13.41,2.39,11.23
20170224215844 ,HAK,KG,EL,37.86,7.47,12.2,2.73,2.86
20170224215844 ,CGD,KG,EL,34.56,7.04,11.42,2.56,9.64
20170224215844 ,YOCB,KS,HH,34.4,6.93,11.23,2.6,4.13
20170224215907 ,YOCB,KS,HH,34.93,7.05,11.32,2.05,19.97
20170224215907 ,USN2,KS,EL,11.99,3.84,5.89,2.44,16
20170224215907 ,HDB,KG,HH,22.39,5.19,8.25,2.64,14.1
20170224215907 ,DKJ,KG,EL,25.84,5.6,8.94,2.35,14.59
20170224215907 ,MKL,KG,HH,11.59,3.73,5.62,2.49,14.42
20170224215907 ,BBK,KG,EL,30.85,6.54,10.38,2.5,9.56
20170224215907 ,HAK,KG,EL,37.15,7.56,12.16,2.05,22.14
20170224215907 ,DAG2,KS,HH,27.66,5.98,9.64,2.75,6.87
20170303213312 ,KOJ2,KS,EL,90.49,16.08,26.35,2.6,6.67
20170303213312 ,HKU,KG,HH,87.41,15.59,25.69,2.67,6.54
20170303213312 ,NAWB,KS,HH,81.19,14.68,23.76,2.69,4.68
20170303213312 ,IKSA,KS,HG,81.04,14.6,23.84,2.8,3.68
20170303213312 ,EURB,KS,HH,80.88,14.51,24.12,2.66,4.36
20170303213312 ,CEJA,KS,HG,85.98,15.35,25.34,2.7,7.23
20170303213312 ,YOCB,KS,HH,90.84,16.16,27.02,2.75,5.96
20170303213312 ,JRB,KG,HH,91.47,16.14,26.68,2.82,3.72
20170303213312 ,CGD,KG,EL,92.1,16.28,27.22,2.76,8.54
20170303213312 ,JINA,KS,HG,92.53,16.24,27.38,2.8,3.74
20170303213312 ,GRE,KG,EL,93.69,16.73,27.75,2.82,7.88
20170303213312 ,ADOA,KS,HG,93.98,16.57,27.42,3.07,3.9
20170303213312 ,GSU,KG,HH,94.48,16.59,27.78,2.9,2.95
20170303213312 ,NPR,KG,HH,98.16,17.38,28.73,2.95,5.98
20170303213312 ,BUYB,KS,HH,98.33,17.3,28.6,2.91,4.47
20170303213312 ,CHJ2,KS,HH,98.52,17.38,28.82,2.8,7.62
20170303213312 ,MIYA,KS,HG,91.22,16.29,27.01,2.99,2.95
20170303213312 ,MGB,KG,HH,76.62,13.62,22.47,2.94,3.4
20170303213312 ,MGY,KS,EL,75.15,13.4,22.35,2.7,9.1
20170303213312 ,KMC,KG,EL,10.03,2.11,2.81,2.95,5.47
20170303213312 ,GIC,KS,HG,19.7,4.18,6.37,3.36,4.5
20170303213312 ,CPR2,KS,EL,27.58,5.51,8.55,2.77,7.91
20170303213312 ,CIGB,KS,HH,40.53,7.84,12.57,2.7,4.5
20170303213312 ,KCH2,KS,EL,42.99,8.39,13.49,2.77,7.82
20170303213312 ,OKCB,KS,HH,43.12,8.19,13.06,2.64,5.88
20170303213312 ,KMSA,KS,HG,45.24,8.55,13.75,2.94,3.69
20170303213312 ,SAJ,KS,HG,50.98,9.5,15.47,2.8,13.78
20170303213312 ,DUSB,KS,HH,21.62,4.55,6.97,2.87,2.98
20170303213312 ,HAMB,KS,HG,57.12,10.63,17.17,2.78,5.08
20170303213312 ,JAS,KS,HG,54.51,10.24,16.57,2.77,7.73
20170303213312 ,IMSA,KS,HG,73.91,13.44,21.91,2.52,5.49
20170303213312 ,TJN,KG,HH,68.77,12.53,20.38,2.69,10.48
20170303213312 ,HACA,KS,HG,66.47,12.14,20.06,2.79,3.44
20170303213312 ,BON,KS,EL,64.21,11.75,19.15,2.45,13.89
20170303213312 ,CHR,KS,HG,70.34,12.96,21.2,2.66,15.15
20170303213312 ,GKP1,KG,HH,61.33,11.38,18.73,2.85,10.48
20170303213312 ,JEO2,KS,HH,60.4,11.18,18.16,2.64,6.73
20170303213312 ,DAU,KS,HG,62.26,11.57,19.05,2.69,13.89
20170304225204 ,GKP1,KG,HH,53.9,10.26,16.82,2.39,12.07
20170304225204 ,BUS2,KS,HH,56.76,10.46,17.29,2.49,19.23
20170304225204 ,CHR,KS,HG,66.3,12.02,20.13,2.69,19.18
20170304225204 ,CSO,KS,HG,72.39,13.23,21.78,2.55,13.89
20170304225204 ,BSA,KS,HG,73.36,13.12,21.84,2.64,9.13
20170304225204 ,ADO2,KS,EL,76.77,13.66,22.88,2.49,32.37
20170304225204 ,YODB,KS,HH,90.09,15.79,26.53,2.77,2.23
20170304225204 ,EUSB,KS,HH,80.71,14.28,23.85,2.46,5.63
20170304225204 ,HCNA,KS,HG,93.38,16.41,27.66,2.5,4.17
20170304225204 ,EURB,KS,HH,93.51,16.36,27.34,2.35,9.98
20170304225204 ,YEYB,KS,HH,97.9,17.2,29.17,2.58,3.39
20170304225204 ,CIGB,KS,HH,78.77,14,23.5,2.46,6.87
20170304225204 ,PHA2,KS,EL,53.32,10.06,16.64,2.67,5.42
20170304225204 ,USN2,KS,EL,12.08,3.82,5.81,2.46,16
20170304225204 ,MKL,KG,HH,12.22,3.68,5.53,2.5,7.93
20170304225204 ,HDB,KG,HH,23.28,5.22,8.26,2.56,28.12
20170304225204 ,DKJ,KG,EL,24.64,5.52,8.76,2.54,6.87
20170304225204 ,BBK,KG,EL,32.17,6.63,10.59,2.73,6.87
20170304225204 ,DAG2,KS,HH,26.72,5.96,9.55,2.65,5.95
20170304225204 ,YOCB,KS,HH,33.56,6.98,11.17,2.5,4.41
20170304225204 ,YSB,KG,HH,33.81,6.9,11.05,2.54,7.91
20170304225204 ,CGD,KG,EL,35.06,7.21,11.56,2.61,10.88
20170304225204 ,HAK,KG,EL,37.27,7.56,12.33,2.75,4.83
20170304225204 ,MAK,KG,EL,43.63,8.41,13.72,2.4,16
20170304225204 ,CHS,KG,HH,49.43,9.31,15.35,2.43,10.48
20170305001827 ,DGY2,KS,HH,87.74,15.49,25.06,3.35,3.91
20170305001827 ,JSB,KG,HH,99.11,16.94,29.84,3.34,5.18
20170305001827 ,GWL,KS,HG,95.94,16.64,29.38,3.54,2.61
20170305001827 ,JES,KS,HG,95.26,16.46,26.91,3.56,3.5
20170305001827 ,UJN,KS,HG,87.51,15.53,27.3,3.45,4.6
20170305001827 ,JMJ,KS,EL,81.53,14.82,23.93,3.34,4.25
20170305001827 ,IMWB,KS,HH,64.2,11.45,18.19,3.51,1.68
20170305001827 ,OKEB,KS,HH,62.45,11.22,17.67,3.21,8.84
20170305002849 ,IMWB,KS,HH,64.44,11.8,18.61,2.1,5.96
20170305002849 ,OKEB,KS,HH,64.76,11.59,18.05,2.08,21.95
20170305002849 ,JMJ,KS,EL,84.32,15.22,24.33,2.17,8.69
20170305060940 ,JSB,KG,HG,92.13,16.15,26.95,2.5,4.41
20170305060940 ,JES,KS,HG,88.34,15.68,26,2.42,5.96
20170305060940 ,DGY2,KS,HH,81.44,14.74,24.23,2.25,9.87
20170305060940 ,JMJ,KS,EL,76.26,14.17,23.11,2.3,6.87
20170305060940 ,KAW,KS,HG,66.23,12.42,20.36,2.64,9.73
20170305060940 ,OKEB,KS,HH,55.81,10.43,16.85,2.02,13.89
20170305101907 ,DGY2,KS,HH,91.41,15.96,25.5,2.38,7.53
20170305101907 ,JMJ,KS,EL,84.61,15.3,24.41,2.35,8.52
20170305101907 ,OKEB,KS,HH,66.35,11.67,18.1,2.2,14.51
20170305101907 ,KAW,KS,HG,75.22,13.62,21.67,2.57,12.07
20170305212133 ,PORA,KS,HG,76.77,13.72,22.77,2.24,8.52
20170305212133 ,GOCB,KS,HH,64.31,11.84,19.2,2.1,8.14
20170305212133 ,PUAA,KS,HG,56.73,10.4,17.03,2.2,7.09
20170305212133 ,OYDB,KS,HH,54.15,10.09,16.27,2.03,10.18
20170305212133 ,BUYB,KS,HH,94.54,16.62,27.37,2.23,6.54
20170305212133 ,MND,KS,HH,31.55,6.21,9.78,2.29,6.87
20170305212133 ,WID,KG,EL,25.65,5.28,8.06,2,11.39
20170305212133 ,SMKB,KS,HH,43,8.17,13.13,2.11,10.48
20170306184807 ,CHR,KS,HG,87.72,15.23,25.8,2.5,17.29
20170306184807 ,HKU,KG,HH,85.81,15.08,25.15,2.78,4.72
20170306184807 ,YEYB,KS,HH,85.53,14.96,25.23,2.65,3.99
20170306184807 ,JNPA,KS,HG,81.86,14.34,23.91,2.8,4.06
20170306184807 ,KCH2,KS,EL,81.74,14.4,24.27,2.66,11.36
20170306184807 ,CEJA,KS,HG,80.8,14.25,23.63,2.2,19.74
20170306184807 ,CHS,KG,HH,78.89,13.84,23.66,2.45,9.1
20170306184807 ,DKJ,KG,EL,88.86,15.64,26.4,2.7,6.54
20170306184807 ,DAG2,KS,HH,84.8,14.96,25.36,2.6,10.48
20170306184807 ,EMSB,KS,HH,92.89,16.12,27.01,2.79,5.19
20170306184807 ,JEO2,KS,HH,93.99,16.29,27.6,2.61,7.91
20170306184807 ,CGD,KG,EL,95.64,16.44,28,2.71,7.15
20170306184807 ,JECB,KS,HH,95.97,16.51,27.98,2.5,4.33
20170306184807 ,JAS,KS,HG,96.35,16.81,28.29,2.86,7.91
20170306184807 ,HAMB,KS,HH,98.34,17.02,28.84,2.65,7.4
20170306184807 ,KOJ2,KS,EL,99.71,17.18,28.92,2.48,10.33
20170306184807 ,TJN,KG,HH,78.87,13.91,23.1,2.41,16
20170306184807 ,CHYB,KS,HH,94.63,16.53,27.52,2.61,4.56
20170306184807 ,CSO,KS,HG,77.58,13.86,23.64,2.48,17.19
20170306184807 ,SAJ,KS,HG,16.9,4.51,7.19,2.25,28.12
20170306184807 ,CPR2,KS,HG,26.74,5.86,9.14,2.31,8.64
20170306184807 ,GIC,KS,HG,28.79,6.25,10.12,2.45,17.09
20170306184807 ,CIGB,KS,HH,33.44,6.97,11.36,2.37,9.18
20170306184807 ,MGB,KG,HH,39.08,7.61,12.41,2.44,5.9
20170306184807 ,OKCB,KS,HH,40.72,7.88,12.87,2.55,4.71
20170306184807 ,YCH,KS,HG,41.79,8.09,13.45,2.63,17.19
20170306184807 ,EUSB,KS,HH,42.75,8.4,13.87,2.18,11.13
20170306184807 ,MGY,KS,EL,43.4,8.21,13.77,2.31,9.05
20170306184807 ,TEJ,KS,HG,78.17,13.68,22.8,2.52,13.16
20170306184807 ,YOCB,KS,HH,74.8,13.48,22.63,2.61,5.03
20170306184807 ,YOJB,KS,HH,69.18,12.36,20.58,2.05,24.07
20170306184807 ,CHJ2,KS,HH,68.3,12.15,20.28,2.32,13.89
20170306184807 ,ADO2,KS,EL,66.46,12.03,20.29,2.31,32.37
20170306184807 ,DUSB,KS,HH,61.8,11.26,18.66,2.52,5.74
20170306184807 ,GKP1,KG,HH,58.03,10.66,17.86,2.6,7.91
20170306184807 ,KMC,KG,EL,44.6,8.56,14.07,2.52,15.15
20170306184807 ,ADOA,KS,HG,52.91,9.78,16.3,2.53,4.63
20170306184807 ,BON,KS,EL,48.57,9.13,14.98,2.46,16
20170306184807 ,DAU,KS,HG,58.66,10.83,18.23,2.51,17.14
20170306215336 ,DGY2,KS,HH,92.11,16.03,25.52,2.65,6.65
20170306215336 ,JMJ,KS,EL,85.84,15.35,24.41,2.7,7.03
20170306215336 ,OKEB,KS,HH,66.69,11.72,18.18,2.41,13.89
20170306215336 ,IMWB,KS,HH,66.25,11.94,18.68,2.35,4.7
20170308172431 ,BUS2,KS,HH,88.23,15.46,26.14,1.85,10.48
20170308172431 ,CGD,KG,EL,88.51,15.5,26.17,2.35,4.72
20170308172431 ,DAG2,KS,HH,80.65,14.39,24.14,2.35,5.32
20170308172431 ,CSO,KS,HG,90.04,15.67,26.67,1.9,7.62
20170308172431 ,MAK,KG,EL,74.77,13.41,22.78,2.35,3.66
20170308172431 ,HAK,KG,EL,29.42,6.63,10.96,2.05,6.5
20170308172431 ,HDB,KG,HH,37.03,7.64,12.73,2.11,9.75
20170308172431 ,MKL,KG,HH,50.54,9.61,16.09,1.75,11.76
20170308172431 ,PHA2,KS,EL,56.33,10.36,17.47,1.9,8.92
20170308172431 ,USN2,KS,EL,61.63,11.35,18.98,1.94,18.42
20170308172431 ,DKJ,KG,EL,63.01,11.57,19.3,1.97,6.91
20170313204143 ,JAH,KS,HG,79.69,14.45,24.05,2.53,11.3
20170313204143 ,GMDB,KS,HH,81.03,14.49,24.11,2.09,14.72
20170313204143 ,SAC,KS,HG,86.82,15.25,25.59,2.38,13.78
20170313204143 ,EURB,KS,HH,89.31,15.85,26.41,2.29,4.5
20170313204143 ,HWSB,KG,HH,89.38,15.84,26.56,2.35,5.91
20170313204143 ,KJM,KG,EL,78.01,14.21,23.51,2.37,15.86
20170313204143 ,KWJU,KS,HH,92.87,16.47,27.44,2.09,14.14
20170313204143 ,NAWB,KS,HH,94.01,16.58,27.56,2.05,5.71
20170313204143 ,YOA,KS,EL,97,17.18,28.69,2.44,18.32
20170313204143 ,HAMB,KS,HH,97.24,16.73,28.57,2.27,9.16
20170313204143 ,HACA,KS,HG,91.25,16.15,27.13,2.35,4.78
20170313204143 ,KWJ2,KS,HH,92.87,16.49,27.42,2.47,7.64
20170313204143 ,JRB,KG,HH,65.24,12.15,19.94,2.29,5.18
20170313204143 ,YNDB,KS,HH,25.19,6.39,9.89,2.05,13.78
20170313204143 ,NAH,KS,HG,25.76,6.37,9.79,2.1,32.37
20170313204143 ,GWYB,KS,HH,36,7.72,12.22,2.02,10.63
20170313204143 ,GRE,KG,EL,75.84,13.75,22.77,2,21.21
20170313204143 ,YKDB,KS,HH,46.38,9.39,15.17,2.17,12.07
20170313204143 ,KOHB,KS,HH,47.36,9.47,15.35,2.32,32.37
20170313204143 ,HAD,KS,HG,49.8,9.86,15.81,2.65,9.5
20170313204143 ,BOSB,KS,HH,54.68,10.46,17.23,1.9,18.69
20170313204143 ,YSU,KS,HG,54.91,10.65,17.3,2.17,19.01
20170313204143 ,BAU,KS,EL,54.91,10.65,17.23,2.14,28.12
20170313204143 ,SCHA,KS,HG,57.34,10.89,17.81,1.94,12.07
20170318180114 ,HALB,KS,HH,85.49,15.35,25.52,2.98,4.85
20170318180114 ,JJB,KG,HH,51.6,10.08,16.41,3.06,3.3
20170318180114 ,JJU,KS,HG,61.06,11.57,19.02,2.86,8.23
20170318180114 ,GMDB,KS,HH,81.21,14.72,24.52,2.65,12.03
20170318180114 ,MRD,KG,HH,88.71,15.7,26.26,2.92,7.91
20170321141948 ,CHNB,KG,HH,99.58,16.87,28.9,2.51,7.27
20170321141948 ,GAHB,KS,HG,97.8,17.37,29.07,2.8,2.42
20170321141948 ,YNCB,KS,HH,95.31,16.36,27.43,2.64,2.23
20170321141948 ,MUS,KS,HG,95.93,16.73,28.45,2.53,7.79
20170327002826 ,JRB,KG,HH,63.84,11.32,18.76,2.46,5.18
20170327002826 ,SMKB,KS,HG,64.84,11.36,19.1,2.24,7.36
20170327002826 ,KOHB,KS,HG,72.76,12.74,21.31,2.35,6.85
20170327002826 ,WID,KG,EL,74.73,13.16,21.89,2.39,6.87
20170327002826 ,HAD,KS,HG,76.73,13.64,22.6,2.71,10.97
20170327002826 ,AMD,KS,HH,85.58,14.86,24.82,2.31,16
20170327002826 ,JEO2,KS,HH,87.11,15.17,25.48,2.32,10.48
20170327002826 ,YESA,KS,HG,89.63,15.57,26.02,2.35,8.62
20170327002826 ,AJD,KG,EL,91.76,15.67,26.44,2.21,23.39
20170327002826 ,NPR,KG,HH,92.87,16.19,27.18,2.42,5.55
20170327002826 ,WAN2,KS,EL,93.66,16.75,27.11,2.63,17.9
20170327002826 ,IKSA,KS,HG,95.29,16.49,27.71,2.05,10.94
20170327002826 ,PUAA,KS,HG,62.22,11.06,18.35,1.9,10.27
20170327002826 ,HAMB,KS,HH,80.27,14.22,25.45,2.11,16
20170327002826 ,BAU,KS,HG,60.95,10.99,18.14,2.22,15.86
20170327002826 ,YSU,KS,HG,60.95,11.01,18.12,2.22,15.59
20170327002826 ,KWJ2,KS,HH,12.03,2.59,3.88,2.41,6.95
20170327002826 ,KWJU,KS,HH,12.04,2.59,3.88,2.02,12.6
20170327002826 ,GWJ,KS,HG,12.05,2.54,3.84,2.44,11.13
20170327002826 ,SUCA,KS,HG,26.9,5.25,8.41,2.35,4.08
20170327002826 ,HWSB,KG,HH,28.12,5.31,8.65,2.35,7.53
20170327002826 ,JEU,KS,HG,33.06,6.24,10.19,2.37,8.87
20170327002826 ,GOCB,KS,HH,36.8,6.82,11.09,2.29,5.18
20170327002826 ,GRE,KG,EL,46.43,8.52,13.92,2.28,5.96
20170327002826 ,SCHA,KS,HG,44.77,8.19,13.44,2.31,5.96
20170327002826 ,NAWB,KS,HH,47.93,8.77,14.45,1.6,15.41
20170327002826 ,YOA,KS,EL,53.91,9.48,15.8,2.37,20.08
20170327002826 ,IMSA,KS,HG,54.98,9.91,16.49,1.9,7.93
20170327002826 ,BOSB,KS,HH,55.9,9.95,16.26,2.3,3.8
20170327002826 ,JAH,KS,HG,58.74,8.48,17.06,2.7,7.91
20170327002826 ,MUN,KG,EL,59.07,10.39,17.25,2.18,7.93
20170327154839 ,GBI,KS,EL,61.66,11.77,19.26,2.09,8.47
20170327154839 ,SES2,KS,HH,96.91,17.64,29.33,2.2,10.94
20170327154839 ,YPD,KG,EL,58.76,10.78,17.83,2.17,17.09
20170327154839 ,DEI,KS,EL,57.16,10.77,17.53,2.05,8.3
20170327154839 ,YPDB,KS,HG,53.65,9.86,15.98,2.05,7.88
20170328064538 ,DAU,KS,HG,54.5,10.08,16.65,2.03,22.66
20170328064538 ,GKP1,KG,HH,55.42,10.3,16.99,2.2,11.96
20170328064538 ,BUS2,KS,HH,61.41,10.82,18.04,1.95,24.42
20170328064538 ,CHR,KS,HG,70.41,12.33,20.81,2.24,13.89
20170328064538 ,ADO2,KS,EL,73.33,13.08,21.96,2.01,32.37
20170328064538 ,EUSB,KS,HH,78.6,14.07,23.29,1.45,32.37
20170328064538 ,CIGB,KS,HH,79.56,14.02,23.55,1.75,14.85
20170328064538 ,MAS2,KS,HG,89.86,16.07,26.26,2.63,13.27
20170328064538 ,YEYB,KS,HH,93.75,16.49,27.78,2.17,4.37
20170328064538 ,MKL,KG,HH,12.67,3.34,5.12,1.8,16
20170328064538 ,MAK,KG,EL,47.99,8.68,14.33,1.74,32.37
20170328064538 ,PHA2,KS,EL,48.33,9.18,15.3,2.15,10.07
20170328064538 ,USN2,KS,EL,15.58,3.87,6.03,2.1,30.04
20170328064538 ,DKJ,KG,EL,21.68,4.86,7.86,2.15,10.24
20170328064538 ,DAG2,KS,HH,29.26,6,9.78,2.22,7.84
20170328064538 ,HDB,KG,HH,21.78,4.64,7.44,2.1,24.42
20170328064538 ,YOCB,KS,HH,32.2,6.6,10.64,2,9.1
20170328064538 ,CGD,KG,EL,39.49,7.46,12.24,2.04,26.09
20170328064538 ,CHS,KG,HH,45.67,8.64,14.29,2.01,9.73
20170328064538 ,BBK,KG,EL,33.15,6.43,10.45,2.31,7.29
20170328064538 ,YSB,KG,HH,38.63,7.28,11.85,1.9,10.57
20170330124953 ,BSA,KS,HG,74.77,13.52,22.44,2.44,12.07
20170330124953 ,DAU,KS,HG,54.39,10.37,16.97,2.38,8.97
20170330124953 ,GKP1,KG,HH,55.31,10.63,17.28,2.3,16
20170330124953 ,BUS2,KS,HH,58.04,10.82,17.77,2.17,14.18
20170330124953 ,YEYB,KS,HH,96.95,17.06,28.77,2.5,3.29
20170330124953 ,CHR,KS,HG,68.36,12.51,20.85,2.37,14.18
20170330124953 ,ADO2,KS,EL,76.21,13.64,22.83,2.24,32.37
20170330124953 ,EUSB,KS,HH,80.78,14.34,23.97,2.35,4.93
20170330124953 ,HCNA,KS,HG,95.38,16.8,28.21,2.35,3.74
20170330124953 ,EURB,KS,HH,95.62,16.74,28.47,2.05,7.01
20170330124953 ,PHA2,KS,EL,51.7,9.88,16.31,2.29,10.48
20170330124953 ,YOCB,KS,HH,33.86,7.1,11.36,2.31,5.18
20170330124953 ,CHS,KG,HH,48.66,9.26,15.18,2.25,10.79
20170330124953 ,MKL,KG,HH,11.61,3.8,5.69,1.94,32.37
20170330124953 ,USN2,KS,EL,13.32,4.16,6.33,2.16,18.32
20170330124953 ,HDB,KG,HH,21.81,5.13,8.02,2.42,16
20170330124953 ,DKJ,KG,EL,24.15,5.5,8.78,2.31,9.61
20170330124953 ,BBK,KG,EL,31.53,6.67,10.65,2.69,3.53
20170330124953 ,DAG2,KS,HH,28.34,6.31,10.09,2.25,9.1
20170330124953 ,MAK,KG,EL,44.71,8.66,14.14,2.4,8.04
20170330124953 ,CGD,KG,EL,37.1,7.62,12.26,2.24,12.56
20170330124953 ,YSB,KG,HH,35.31,7.3,11.73,2.35,5.19
20170331044609 ,MIYA,KS,HG,53.17,10.24,16.82,3.7,2.04
20170331044609 ,DAU,KS,HG,54.73,10.48,17.13,3.4,6.58
20170331044609 ,GKP1,KG,HH,55.65,10.7,17.45,3.26,13.31
20170331044609 ,BUS2,KS,HH,60.33,11.28,18.58,3.28,5.21
20170331044609 ,ADO2,KS,EL,74.37,13.42,22.4,3.1,23.25
20170331044609 ,EUSB,KS,HH,79.49,14.28,23.81,3.44,2.56
20170331044609 ,ADOA,KS,HG,99.24,17.49,29.25,3.4,3.15
20170331044609 ,CIGB,KS,HH,79.96,14.41,23.99,3.55,2.29
20170331044609 ,YODB,KS,HG,86.26,15.39,25.74,3.55,1.91
20170331044609 ,MAS2,KS,EL,89.01,15.85,26.64,3.41,14.34
20170331044609 ,YEYB,KS,HH,94.84,16.64,28.23,3.42,2.71
20170331044609 ,HCNA,KS,HG,96.77,17.14,28.83,3.4,2.76
20170331044609 ,EURB,KS,HH,97.53,17.1,29.18,3.4,2.6
20170331044609 ,PHA2,KS,EL,49.36,9.62,15.76,3.43,3.74
20170331044609 ,DKJ,KG,EL,22.58,5.31,8.3,3.33,5.15
20170331044609 ,MAK,KG,EL,46.91,9.12,14.88,3.32,5.18
20170331044609 ,MKL,KG,HH,12.12,3.79,5.57,3.07,9.5
20170331044609 ,USN2,KS,EL,14.91,4.31,6.47,3.34,7.91
20170331044609 ,HDB,KG,HH,21.47,5.09,7.9,3.35,6.48
20170331044609 ,BBK,KG,EL,32.38,6.88,10.91,3.7,2.27
20170331044609 ,DAG2,KS,HH,29.19,6.44,10.22,3.52,3.04
20170331044609 ,YOCB,KS,HH,32.92,6.99,11.09,3.15,5.18
20170331044609 ,HAK,KG,EL,33.37,7.12,11.36,3.7,1.86
20170331044609 ,YSB,KG,HH,37.61,7.68,12.49,3.48,2.56
20170331044609 ,CGD,KG,EL,38.92,7.92,12.7,3.35,5.53
20170331044609 ,CHS,KG,HH,46.72,9.08,14.76,3.18,5.18
20170331045328 ,BUS2,KS,HH,60.33,10.8,18.02,2.63,10.57
20170331045328 ,ADO2,KS,EL,74.37,12.94,21.9,2.53,24.42
20170331045328 ,CHR,KS,HG,69.99,12.45,20.81,2.67,12.03
20170331045328 ,DAU,KS,HG,54.73,10,16.63,2.77,10.82
20170331045328 ,MIYA,KS,HG,53.17,9.78,16.3,2.95,3.56
20170331045328 ,GKP1,KG,HH,55.65,10.25,16.95,2.7,10.48
20170331045328 ,BSA,KS,HG,77.1,13.46,22.69,2.77,9.1
20170331045328 ,CIGB,KS,HH,79.96,13.94,23.51,2.67,4.82
20170331045328 ,YODB,KS,HH,86.26,14.94,25.22,2.79,3.44
20170331045328 ,MAS2,KS,EL,89.01,15.42,26.16,2.8,21.03
20170331045328 ,YEYB,KS,HH,94.84,16.45,27.76,2.8,2.9
20170331045328 ,EURB,KS,HH,97.53,16.66,28.17,2.65,5.05
20170331045328 ,PHA2,KS,EL,49.36,9.13,15.26,2.78,6.67
20170331045328 ,EUSB,KS,HH,79.49,13.78,23.21,2.66,5.25
20170331045328 ,MAK,KG,EL,46.91,8.64,14.28,2.6,10.18
20170331045328 ,MKL,KG,HH,12.12,3.31,5.09,2.56,13.89
20170331045328 ,USN2,KS,EL,14.91,3.82,6.01,2.68,20.67
20170331045328 ,HDB,KG,HH,21.47,4.61,7.4,2.76,10.36
20170331045328 ,DKJ,KG,EL,22.58,4.84,7.84,2.79,8.97
20170331045328 ,DAG2,KS,HH,29.19,5.96,9.74,2.82,5.49
20170331045328 ,BBK,KG,EL,32.38,6.4,10.43,2.92,4.5
20170331045328 ,YOCB,KS,HH,32.92,6.5,10.61,2.56,6.87
20170331045328 ,HAK,KG,EL,33.37,6.65,10.85,2.93,3.63
20170331045328 ,YSB,KG,HH,37.61,7.25,11.76,2.74,3.91
20170331045328 ,CGD,KG,EL,38.92,7.44,12.2,2.62,12.75
20170331045328 ,CHS,KG,HH,46.72,8.61,14.27,2.63,6.23
20170401070416 ,ADO2,KS,EL,74.37,12.83,21.72,2.3,28.12
20170401070416 ,CHR,KS,HG,69.99,12.3,20.79,2.49,13.04
20170401070416 ,CSO,KS,HG,69.48,12.23,20.51,2.35,10.27
20170401070416 ,BUS2,KS,HH,60.33,10.75,17.95,2.38,12.07
20170401070416 ,MIYA,KS,HG,53.17,9.72,16.24,2.65,3.92
20170401070416 ,GKP1,KG,HH,55.65,10.25,16.86,2.44,13.5
20170401070416 ,DAU,KS,HG,54.73,9.96,16.56,2.53,7.7
20170401070416 ,BSA,KS,HG,77.1,13.44,22.65,2.6,9.1
20170401070416 ,EUSB,KS,HH,79.49,13.73,23.07,2.36,4.59
20170401070416 ,CIGB,KS,HH,79.96,13.91,23.4,2.45,4.45
20170401070416 ,EURB,KS,HH,97.53,16.61,28.16,2.47,4.06
20170401070416 ,YODB,KS,HH,86.26,14.8,25.04,2.35,4.28
20170401070416 ,MAS2,KS,EL,89.01,15.37,26.06,2.61,24.14
20170401070416 ,YEYB,KS,HH,94.84,16.35,27.73,2.65,3.27
20170401070416 ,PHA2,KS,EL,49.36,9.01,15.08,2.5,7.29
20170401070416 ,CHS,KG,HH,46.72,8.48,14.13,2.31,6.87
20170401070416 ,MKL,KG,HH,12.12,3.19,4.99,2.31,13.27
20170401070416 ,USN2,KS,EL,14.91,3.71,5.91,2.32,18.21
20170401070416 ,HDB,KG,HH,21.47,4.48,7.27,2.49,15.41
20170401070416 ,DKJ,KG,EL,22.58,4.72,7.72,2.62,5.28
20170401070416 ,DAG2,KS,HH,29.19,5.86,9.65,2.53,4.74
20170401070416 ,BBK,KG,EL,32.38,6.29,10.32,2.65,4.7
20170401070416 ,CGD,KG,EL,38.92,7.35,12.13,2.42,7.91
20170401070416 ,YSB,KG,HH,37.61,7.15,11.74,2.47,4.89
20170401070416 ,MAK,KG,EL,46.91,8.56,14.2,2.39,10.79
20170401070416 ,HAK,KG,EL,33.37,6.51,10.71,2.49,5.05
20170401070416 ,YOCB,KS,HH,32.92,6.4,10.49,2.32,5.28
20170404142552 ,CHS,KG,HH,89.69,15.73,26.53,2.45,5.96
20170404142552 ,YOCB,KS,HH,88.66,15.69,26.42,1.75,26.17
20170404142552 ,DAG2,KS,HH,87.49,15.63,26.04,2.39,9.1
20170404142552 ,BUS2,KS,HH,82.27,14.66,24.56,2.19,13.7
20170404142552 ,DKJ,KG,EL,74.36,13.5,22.55,2.37,10.73
20170404142552 ,CGD,KG,EL,91.87,16.3,27.25,2.27,10.79
20170404142552 ,YSB,KG,HH,73.98,13.44,22.49,2.05,7.29
20170404142552 ,PHA2,KS,EL,73.05,13.18,22.31,2.25,12.07
20170404142552 ,MAK,KG,EL,70.25,12.86,21.39,2.35,14.85
20170404142552 ,USN2,KS,EL,66.64,12.32,20.09,2.31,16.7
20170404142552 ,MKL,KG,HH,56.18,10.72,17.79,2.17,18.42
20170404142552 ,HAK,KG,EL,43.52,8.89,14.73,2.45,6.87
20170404142552 ,HDB,KG,HH,42.37,8.68,14.22,2.18,32.37
20170406150409 ,KOJ2,KS,EL,81.61,14.25,23.7,1.92,19.85
20170406150409 ,MGY,KS,EL,80.19,13.8,23.57,2.37,6.08
20170406150409 ,CHR,KS,HG,79.04,13.6,22.71,2.22,13.46
20170406150409 ,HACA,KS,HG,68.89,11.73,19.74,2.21,4.26
20170406150409 ,NAWB,KS,HH,71.7,12.49,20.54,2.17,7.93
20170406150409 ,HAD,KS,HG,99.32,16.65,28.34,2.44,16
20170406150409 ,GKP1,KG,HH,74.21,12.73,21.46,2.22,10.33
20170406150409 ,EURB,KS,HH,85.06,14.47,24.33,1.9,11.36
20170406150409 ,MGB,KG,HH,83.77,14.35,24.18,2.09,11.23
20170406150409 ,NPR,KG,HH,84.93,14.77,24.97,2.17,15.72
20170406150409 ,JRB,KG,HH,86.11,14.67,24.39,2.03,11.86
20170406150409 ,BUYB,KS,HH,86.57,15.01,25.12,1.95,18.42
20170406150409 ,IKSA,KS,HG,68.01,12.06,19.94,2.2,8.11
20170406150409 ,HKU,KG,HH,81.89,14.37,23.9,2.2,6.65
20170406150409 ,BON,KS,EL,64.93,11.43,19.11,1.86,24.42
20170406150409 ,TJN,KG,HH,60.7,10.79,17.91,2.02,17.29
20170406150409 ,DUSB,KS,HH,13.28,2.3,3.45,2.39,6
20170406150409 ,KMC,KG,EL,16.52,2.87,4.49,2.4,10.48
20170406150409 ,GIC,KS,HG,31.49,5.61,9.15,2.34,11.69
20170406150409 ,CPR2,KS,EL,33.4,6.01,9.89,2.32,7.77
20170406150409 ,KCH2,KS,EL,42.14,7.48,12.34,2.16,15.46
20170406150409 ,IMSA,KS,HG,61.95,11.04,18,2.05,6.54
20170406150409 ,JAS,KS,HG,44.09,7.91,13.04,2.59,5.83
20170406150409 ,JEO2,KS,HH,46.97,8.5,13.93,2.07,12.03
20170406150409 ,HAMB,KS,HH,52.09,9.14,15.03,2.07,21.83
20170406150409 ,CIGB,KS,HH,53.92,9.35,15.49,1.59,16.14
20170406150409 ,HCNA,KS,HG,56.89,9.95,16.59,2.2,4.7
20170406150409 ,SAJ,KS,HG,59.12,10.32,17.24,2.16,15.82
20170406150409 ,TEJ,KS,HG,59.86,10.51,17.55,2.31,11.39
20170406150409 ,OKCB,KS,HH,42.93,7.65,12.61,2.16,6.87
20170408092049 ,BSA,KS,HG,74.6,12.69,21.58,2.67,7.07
20170408092049 ,CSO,KS,HG,71.4,12.1,20.73,2.61,7.91
20170408092049 ,CHR,KS,HG,67.52,11.64,19.95,2.7,13.89
20170408092049 ,DAU,KS,HG,53.53,9.49,16.03,2.64,9.29
20170408092049 ,GKP1,KG,HH,54.45,9.72,16.33,2.5,11.83
20170408092049 ,ADO2,KS,EL,75.96,12.76,21.81,2.55,24.42
20170408092049 ,BUS2,KS,HH,57.94,10.03,17.04,2.61,6.67
20170408092049 ,CIGB,KS,HH,79.14,13.45,22.96,2.65,5.68
20170408092049 ,MAS2,KS,EL,86.17,14.67,25.19,2.75,15.37
20170408092049 ,YODB,KS,HH,88.81,14.84,25.33,2.5,4.06
20170408092049 ,EURB,KS,HH,94.85,15.99,27.2,2.62,5.09
20170408092049 ,YEYB,KS,HH,96.87,16.24,27.8,2.69,2.95
20170408092049 ,PHA2,KS,EL,51.99,9.06,15.45,2.77,4.42
20170408092049 ,EUSB,KS,HH,80.28,13.53,23.09,2.58,5.86
20170408092049 ,CHS,KG,HH,48.5,8.42,14.28,2.55,6.39
20170408092049 ,MIYA,KS,HG,50.44,8.9,15.26,2.95,2.73
20170408092049 ,USN2,KS,HG,12.93,3.17,5.16,2.56,12.07
20170408092049 ,HDB,KG,HH,22.6,4.28,7.14,2.79,9.18
20170408092049 ,DKJ,KG,EL,23.89,4.6,7.71,2.76,4.97
20170408092049 ,DAG2,KS,HH,27.49,5.39,9.02,2.77,3.86
20170408092049 ,BBK,KG,EL,32.18,5.91,9.83,2.86,4.09
20170408092049 ,MKL,KG,HH,12.02,2.82,4.52,2.47,7.42
20170408092049 ,YOCB,KS,HH,33.29,6.18,10.35,2.57,6.03
20170408092049 ,YSB,KG,HH,35.06,6.44,10.78,2.68,4.04
20170408092049 ,HAK,KG,EL,35.96,6.53,10.48,2.9,3.39
20170408092049 ,CGD,KG,EL,36.34,6.73,11.3,2.62,11.93
20170408092049 ,MAK,KG,EL,44.7,7.91,13.31,2.45,9.1
20170408164553 ,CSO,KS,HG,71.65,12.89,21.38,2.21,32.37
20170408164553 ,CHR,KS,HG,69.2,12.27,20.6,2.44,15.91
20170408164553 ,BUS2,KS,HH,58.16,10.72,17.76,2.17,18.42
20170408164553 ,GKP1,KG,HH,56.17,10.44,17,2.16,10.13
20170408164553 ,DAU,KS,HG,55.25,10.17,16.69,2.29,10.48
20170408164553 ,ADO2,KS,EL,76.47,13.44,22.56,2.23,32.37
20170408164553 ,MAS2,KS,EL,87.34,15.34,25.82,2.55,19.62
20170408164553 ,CIGB,KS,HH,80.79,14.13,23.64,2.33,5.66
20170408164553 ,EUSB,KS,HH,81.29,14.21,23.75,2.29,5.86
20170408164553 ,YODB,KS,HH,88.41,15.53,26.01,2.33,3.96
20170408164553 ,MIYA,KS,HG,51.87,9.73,15.97,2.5,4.72
20170408164553 ,CHS,KG,HH,48.84,9.08,14.94,2.1,13.89
20170408164553 ,MKL,KG,HH,11.27,3.47,5.18,2.07,21.21
20170408164553 ,PHA2,KS,EL,51.43,9.72,16.09,2.34,8.92
20170408164553 ,HDB,KG,HH,21.02,4.93,7.79,2.39,19.97
20170408164553 ,DKJ,KG,EL,24.43,5.25,8.36,2.37,5.91
20170408164553 ,DAG2,KS,HH,29.18,6.04,9.7,2.37,6.05
20170408164553 ,USN2,KS,HG,13.75,3.84,5.84,2.19,15.41
20170408164553 ,YOCB,KS,HH,34.44,6.85,11.01,2.17,7.25
20170408164553 ,HAK,KG,EL,34.51,7.19,11.12,2.53,4.38
20170408164553 ,YSB,KG,HH,35.58,7.1,11.48,2.2,6.97
20170408164553 ,CGD,KG,EL,37.86,7.41,11.95,2.3,12.07
20170408164553 ,BBK,KG,EL,30.9,6.56,10.48,2.5,5.88
20170409190249 ,DAG2,KS,HH,69.22,12.29,20.51,2.02,13.5
20170409190249 ,MKL,KG,HH,77.07,13.55,22.81,1.9,8.97
20170409190249 ,GKP1,KG,HH,82.52,14.27,24.09,2.05,11.9
20170409190249 ,HAD,KS,HG,92.17,15.86,26.67,2.25,32.37
20170409190249 ,DKJ,KG,EL,93.08,16.08,27.17,2.05,8.57
20170409190249 ,GSU,KG,HH,61.96,11.23,18.49,1.9,8.57
20170409190249 ,MAK,KG,EL,44.86,8.51,13.94,2.01,10.36
20170409190249 ,BUS2,KS,HH,34.2,6.85,11.04,2.01,10.48
20170409190249 ,EURB,KS,HH,48.36,9.03,14.65,2.11,4.63
20170409190249 ,CGD,KG,EL,50.69,9.46,15.48,2.04,11.59
20170409190249 ,YSB,KG,HH,45.44,8.52,13.89,1.94,8.67
20170414204152 ,CSO,KS,HG,71.4,12.47,20.97,2.45,8.3
20170414204152 ,DAU,KS,HG,53.53,9.68,16.17,2.44,9.1
20170414204152 ,BUS2,KS,HH,57.94,10.35,17.24,2.29,10.18
20170414204152 ,CHR,KS,HG,67.52,11.78,20.06,2.49,14.42
20170414204152 ,BSA,KS,HG,74.6,12.85,21.82,2.4,9.37
20170414204152 ,CIGB,KS,HH,79.14,13.7,23.15,2.19,10.69
20170414204152 ,EUSB,KS,HH,80.28,13.85,23.33,2.14,9.05
20170414204152 ,CHS,KG,HH,48.5,8.69,14.58,2.2,6.61
20170414204152 ,EURB,KS,HH,94.85,16.17,27.36,2.34,6.48
20170414204152 ,ADO2,KS,EL,75.96,13.07,22.11,2.17,32.37
20170414204152 ,GKP1,KG,HH,54.45,9.91,16.48,2.3,13.82
20170414204152 ,MAK,KG,EL,44.7,8.14,13.51,2.25,12.07
20170414204152 ,MKL,KG,HH,12.02,3.02,4.68,2.39,13.89
20170414204152 ,HDB,KG,HH,22.6,4.54,7.41,2.53,10.85
20170414204152 ,DKJ,KG,EL,23.89,4.84,7.98,2.1,9.42
20170414204152 ,DAG2,KS,HH,27.49,5.56,9.13,2.58,6.87
20170414204152 ,BBK,KG,EL,32.18,6.16,10.17,2.65,4.51
20170414204152 ,YSB,KG,HH,35.06,6.63,10.94,2.6,4.3
20170414204152 ,HAK,KG,EL,35.96,6.85,11.33,2.76,2.22
20170414204152 ,CGD,KG,EL,36.34,6.9,11.36,2.44,10.42
20170415023113 ,GKP1,KG,HH,72.87,12.73,21.32,3.58,3.02
20170415023113 ,YEYB,KS,HH,62.95,11.11,18.87,3.25,1.66
20170415023113 ,ULJ2,KS,HH,66.59,11.65,19.72,3.66,0.81
20170415023113 ,EUSB,KS,HH,67.08,11.73,19.87,3.65,0.82
20170415023113 ,DAU,KS,HG,72.02,12.6,21.12,3.56,3.64
20170415023113 ,CGD,KG,EL,73.62,12.72,21.29,3.59,2.22
20170415023113 ,CIGB,KS,HH,89.07,15.36,25.93,3.55,1.68
20170415023113 ,YSB,KG,HH,76.22,13.13,22.15,3.61,1.26
20170415023113 ,BUS2,KS,HH,98.67,16.69,28.37,3.24,3.6
20170415023113 ,MAK,KG,EL,84.61,14.45,24.6,3.21,3.65
20170415023113 ,MIYA,KS,HG,88.91,15.43,25.81,3.35,2.77
20170415023113 ,BBK,KG,EL,60.06,10.43,17.83,3.5,2.03
20170415023113 ,CHS,KG,HH,27.59,5.26,8.65,3.41,2.33
20170415023113 ,PHA2,KS,EL,13.62,2.52,4.09,3.53,2.75
20170415023113 ,DAG2,KS,HH,57.28,10.13,17,3.62,2.6
20170415023113 ,HAK,KG,EL,26.09,4.81,7.88,3.64,1.93
20170415023113 ,DKJ,KG,EL,30.66,5.67,9.42,3.6,2.7
20170415023113 ,YOCB,KS,HH,40.93,7.37,12.41,3.63,1.46
20170415023113 ,MKL,KG,HH,44.64,7.66,13.39,3.37,1.89
20170415023113 ,YODB,KS,HH,48.22,8.61,14.54,3.66,0.65
20170415023113 ,ADO2,KS,EL,50.88,9.08,15.38,3.52,1.83
20170415023113 ,HDB,KG,HH,43.42,7.7,13.09,3.59,2.22
20170415081647 ,YEYB,KS,HH,63.31,11.16,18.83,2,6.83
20170415081647 ,ULJ2,KS,HH,66.54,11.67,19.75,1.9,11.2
20170415081647 ,GKP1,KG,HH,73.71,12.69,21.29,2.32,10.3
20170415081647 ,CGD,KG,EL,74.19,12.73,21.16,2.48,4.49
20170415081647 ,MAK,KG,EL,84.79,14.44,24.52,1.9,14.1
20170415081647 ,BUS2,KS,HH,98.88,16.67,28.35,2.18,8.95
20170415081647 ,ADO2,KS,EL,51.54,9.08,15.34,2.12,28.61
20170415081647 ,EUSB,KS,HH,67.89,11.77,19.8,1.75,14.89
20170415081647 ,DAG2,KS,HH,57.94,10.1,16.89,2.49,5.71
20170415081647 ,YODB,KS,HH,48.14,8.71,14.52,1.6,12.1
20170415081647 ,HAK,KG,EL,25.66,4.8,8.04,2.63,3.99
20170415081647 ,CHS,KG,HH,28.39,5.24,8.61,2.2,12.1
20170415081647 ,DKJ,KG,EL,31.33,5.66,9.37,2.42,6.87
20170415081647 ,PHA2,KS,EL,13.59,2.56,4.14,2.4,8.57
20170415081647 ,YOCB,KS,HH,41.74,7.36,12.33,2.39,4.09
20170415081647 ,HDB,KG,HH,43.35,7.69,13.05,2.27,12.07
20170415081647 ,MKL,KG,HH,44.86,7.92,13.3,2.25,7.53
20170417161744 ,ADO2,KS,EL,75.96,13.47,22.62,2.2,32.37
20170417161744 ,DAU,KS,HG,53.53,10.17,16.73,2.24,18.42
20170417161744 ,GKP1,KG,HH,54.45,10.49,17.06,2.21,21.15
20170417161744 ,BUS2,KS,HH,57.94,10.68,17.73,2.06,22.08
20170417161744 ,CHR,KS,HG,67.52,12.25,20.62,2.23,26.32
20170417161744 ,CSO,KS,HG,71.4,12.83,21.33,2.22,16.85
20170417161744 ,BSA,KS,HG,74.6,13.38,22.35,2.43,11.79
20170417161744 ,YEYB,KS,HH,96.87,16.83,28.63,2.35,4.64
20170417161744 ,MAS2,KS,EL,86.17,15.3,25.77,2.31,32.37
20170417161744 ,EURB,KS,HH,94.85,16.62,28.19,2.09,7.49
20170417161744 ,CIGB,KS,HH,79.14,14.12,23.65,2.47,5.06
20170417161744 ,PHA2,KS,EL,51.99,9.77,16.16,2.25,10.48
20170417161744 ,MIYA,KS,HG,50.44,9.71,16.02,2.5,5.02
20170417161744 ,MKL,KG,HH,12.02,3.71,5.63,1.94,29.19
20170417161744 ,HDB,KG,HH,22.6,5.09,8.03,2.46,12.07
20170417161744 ,DKJ,KG,EL,23.89,5.37,8.62,2.3,9.1
20170417161744 ,DAG2,KS,HH,27.49,6.15,9.9,2.25,12.21
20170417161744 ,BBK,KG,EL,32.18,6.63,10.64,2.51,5.52
20170417161744 ,USN2,KS,EL,12.93,4.04,6.2,2.07,14.3
20170417161744 ,CHS,KG,HG,48.5,9.12,15.03,2.24,9.1
20170417161744 ,CGD,KG,EL,36.34,7.47,12.07,2.19,26.39
20170417161744 ,MAK,KG,EL,44.7,8.58,14.13,2.24,9.92
20170417161744 ,YSB,KG,HH,35.06,7.17,11.48,2.3,7.34
20170417161744 ,YOCB,KS,HH,33.29,6.95,11.17,2.16,7.59
20170417161744 ,HAK,KG,EL,35.96,7.26,11.81,2.53,4.66
20170418083638 ,DKJ,KG,EL,54.64,9.72,16.33,2.25,12.07
20170418083638 ,KUJA,KS,HG,73.02,12.32,20.87,2.06,8.3
20170418083638 ,EURB,KS,HH,58.09,10.12,16.84,2.1,7.91
20170418083638 ,HCNA,KS,HG,65.56,11.62,19.33,1.9,11.76
20170418083638 ,KCH2,KS,EL,88.63,15.1,25.69,2.3,18.42
20170418083638 ,KJM,KG,EL,79.48,13.3,22.6,2.1,30.56
20170418083638 ,GSU,KG,HH,81.45,14.03,23.61,1.57,32.37
20170418083638 ,EUSB,KS,HH,97.1,16.82,28.19,2.06,9.02
20170418083638 ,PHA2,KS,EL,89.31,15.48,26.18,2.19,8.97
20170418083638 ,HDB,KG,HH,54.63,9.7,16.36,2.16,18.42
20170418083638 ,CHS,KG,HH,78.52,13.53,22.87,1.99,18.42
20170418083638 ,YOCB,KS,HH,54.27,9.62,16.22,2.17,7.59
20170418083638 ,CHR,KS,HG,36.94,6.74,11.13,2.25,29.7
20170418083638 ,CGD,KG,EL,15.57,3.31,5.22,2.22,15.15
20170418083638 ,MIYA,KS,HG,15.88,3.27,5.13,2.39,4.55
20170418083638 ,YSB,KG,HH,21.02,3.94,6.24,2.19,6.61
20170418083638 ,DAG2,KS,HH,31.46,5.88,9.77,2.34,15.02
20170418083638 ,MAK,KG,EL,32.45,5.81,9.53,2.17,21.09
20170418083638 ,USN2,KS,EL,33.01,6.14,10.18,2.16,16
20170418083638 ,BUS2,KS,HH,36.39,6.49,10.62,1.95,28.12
20170418083638 ,MKL,KG,HH,42.81,7.73,12.91,1.93,9.02
20170418083638 ,BSA,KS,HG,47.05,8.19,13.76,2.2,10.88
20170418083638 ,MAS2,KS,EL,47.13,8.38,13.98,2.31,27.16
20170418083638 ,GKP1,KG,HH,50.42,9.12,15.31,2.09,16
20170420070021 ,CJD,KS,HH,94.21,16.21,27.62,3.25,5.74
20170420070021 ,SGP,KS,HG,92.6,16.04,27.34,3.7,1.79
20170420070021 ,YNDB,KS,HH,88.4,15.26,26.02,3.16,6.95
20170420070021 ,KOHB,KS,HH,94.64,16.31,28.14,3.2,10.42
20170420070021 ,BGD,KG,HH,80,14.17,24.11,3.22,9.5
20170420070021 ,GMDB,KS,HH,31.68,7.19,11.88,3.06,5
20170420070021 ,WAN2,KS,EL,88.14,15.33,26.17,3.38,17.39
20170420070021 ,JJU,KS,HG,78.45,13.85,23.74,3.29,4.5
20170420070021 ,JJB,KG,HH,68.6,12.23,20.93,3.4,2
20170428021923 ,DAU,KS,HG,81.73,14.1,23.95,2.61,15.82
20170428021923 ,CHJ2,KS,HH,81.13,14.03,23.46,2.54,7.91
20170428021923 ,JSB,KG,HH,80.67,14.05,23.39,2.46,6.16
20170428021923 ,CIGB,KS,HH,73.79,12.57,21.39,2.5,7.34
20170428021923 ,DKJ,KG,EL,77.95,13.34,22.79,2.53,8.97
20170428021923 ,YOW2,KS,EL,72.46,12.57,21.02,2.62,8.45
20170428021923 ,GKP1,KG,HH,81.86,14.04,23.87,2.72,10.6
20170428021923 ,GIC,KS,HG,86.41,14.81,25.09,2.59,12
20170428021923 ,JECB,KS,HH,83.46,14.45,24.14,2.58,3.39
20170428021923 ,IMWB,KS,HH,85.78,14.94,24.9,2.6,5.12
20170428021923 ,YOCB,KS,HH,70.97,12.28,20.89,2.53,6.5
20170428021923 ,CPR2,KS,EL,86.72,14.75,25.02,2.39,10.48
20170428021923 ,BON,KS,EL,91.3,15.69,26.35,2.61,7.01
20170428021923 ,DAG2,KS,HH,93.14,15.8,26.99,2.67,7.44
20170428021923 ,HAK,KG,EL,97.79,16.8,28.67,2.95,4.03
20170428021923 ,OKCB,KS,HH,95.83,16.16,27.56,2.78,3.13
20170428021923 ,ADOA,KS,HG,14.29,3.34,5.35,2.67,4.04
20170428021923 ,ADO2,KS,EL,26.26,5.23,8.5,2.42,32.37
20170428021923 ,EUSB,KS,HH,30.85,5.97,9.55,2.55,7.91
20170428021923 ,CSO,KS,HG,34.87,6.71,10.95,2.52,25.28
20170428021923 ,YCH,KS,HG,35.94,6.7,11.11,2.35,15.15
20170428021923 ,CHYB,KS,HH,40.54,7.47,12.29,2.49,7.64
20170428021923 ,YOJB,KS,HH,41.19,7.58,12.45,2.65,3.79
20170428021923 ,YEYB,KS,HH,26.95,5.31,8.68,2.74,4.5
20170428021923 ,CHS,KG,HH,53.69,9.66,16.08,2.64,8.02
20170428021923 ,PHA2,KS,EL,68.35,12.07,20.3,2.54,7.91
20170428021923 ,MGY,KS,EL,68.03,11.85,19.83,2.77,3.67
20170428021923 ,SAJ,KS,HG,63.02,11,18.54,2.47,11.73
20170428021923 ,SND,KG,HG,62.4,11.21,18.53,2.51,7.79
20170428021923 ,UJN,KS,HG,69.91,12.39,20.6,2.79,7.21
20170428021923 ,ULJ2,KS,HH,55.6,9.87,16.61,2.73,4.95
20170428021923 ,YODB,KS,HH,55.08,9.8,16.52,2.84,2.95
20170428021923 ,MGB,KG,HH,54.36,9.65,15.97,2.6,4.78
20170428021923 ,TBA,KS,HG,60.2,10.88,17.77,2.8,8.72
20170503160827 ,IMWB,KS,HH,70.94,13.41,21.76,2.8,3.56
20170503160827 ,EUSB,KS,HH,73.74,13.82,22.65,3,3.91
20170503160827 ,HAK,KG,EL,76.71,14.26,23.71,2.94,5.05
20170503160827 ,DKJ,KG,EL,80.01,14.76,24.43,2.88,5.93
20170503160827 ,GWL,KS,HG,86.64,16.17,26.53,3.1,3.5
20170503160827 ,SND,KG,HG,83.83,15.76,25.61,3.03,4.27
20170503160827 ,YOJB,KS,HH,88,16.18,26.66,2.95,4.01
20170503160827 ,YCH,KS,HG,91.29,16.75,27.65,3.14,7.07
20170503160827 ,MKL,KG,HH,99.79,17.87,29.85,2.8,4.41
20170503160827 ,HDB,KG,HH,98.14,17.61,29.8,3.04,5.18
20170503160827 ,CHYB,KS,HH,60.61,11.74,19.04,3,3.25
20170503160827 ,ULJ2,KS,HH,14.57,4.49,6.57,2.96,5.08
20170503160827 ,YEYB,KS,HH,33.08,7.4,11.57,3.1,2.47
20170503160827 ,CSO,KS,HG,41.59,8.8,14.04,2.77,9.9
20170503160827 ,YODB,KS,HH,13.42,4.3,6.27,2.98,3.66
20170503160827 ,PHA2,KS,EL,47.76,9.74,15.75,3.04,4.25
20170503160827 ,ADO2,KS,EL,50.18,10.12,16.3,2.76,12.89
20170503160827 ,CHS,KG,HH,57.98,11.44,18.39,2.82,10.85
20170503160827 ,UJN,KS,HG,43.61,8.96,14.33,2.89,7.59
20170504124623 ,CIGB,KS,HH,82.29,14.1,23.56,2.53,5.61
20170504124623 ,YIN,KG,EL,78.14,13.91,23.22,2.54,16
20170504124623 ,SND,KG,HG,78.04,13.93,23.12,2.55,5.18
20170504124623 ,CHYB,KS,HH,76.75,13.56,22.42,2.67,4.43
20170504124623 ,CEA,KS,EL,76.43,13.44,22.57,2.62,8.3
20170504124623 ,WJU2,KS,EL,74.42,13.26,22.35,2.86,12.42
20170504124623 ,TJN,KG,HH,77.86,13.58,22.69,2.5,13.78
20170504124623 ,JSB,KG,HH,83.07,14.54,24.47,2.65,4.38
20170504124623 ,KOJ2,KS,EL,91.09,15.74,26.31,2.77,5.6
20170504124623 ,KMC,KG,EL,85.64,14.65,24.85,2.82,5.22
20170504124623 ,ICN,KS,HG,86.79,15.28,25.5,2.53,24.42
20170504124623 ,YEYB,KS,HH,89.78,15.52,25.98,2.81,4.67
20170504124623 ,KMSA,KS,HG,90.15,15.61,26.22,2.2,14.42
20170504124623 ,PYCA,KS,HG,95.03,16.87,28.15,2.87,4.5
20170504124623 ,CSO,KS,HG,96.32,16.68,28.39,2.74,6.87
20170504124623 ,DUSB,KS,HH,98.84,16.92,28.64,2.86,3.41
20170504124623 ,GIC,KS,HG,73.94,12.76,21.85,2.77,9
20170504124623 ,ADO2,KS,EL,84.83,14.72,24.5,2.64,19.23
20170504124623 ,SAJ,KS,HG,38.53,7.19,11.86,2.56,16
20170504124623 ,HKU,KG,HH,68.42,12.19,20.26,2.77,6.79
20170504124623 ,MGB,KG,HH,18.1,3.94,6.5,2.86,3.51
20170504124623 ,CHJ2,KS,HH,21.04,4.73,7.49,2.82,8.07
20170504124623 ,YCH,KS,HG,33.14,6.4,10.48,2.98,5.74
20170504124623 ,BON,KS,EL,35.8,6.85,11.28,2.37,19.51
20170504124623 ,EUSB,KS,HG,68.42,12.04,20.04,2.75,3.91
20170504124623 ,YOJB,KS,HH,41.19,7.84,12.87,2.77,3.2
20170504124623 ,JECB,KS,HH,48.37,8.99,14.92,2.85,2.95
20170504124623 ,MGY,KS,EL,14.17,3.56,5.58,2.61,7.91
20170504124623 ,JNPA,KS,HG,49.46,9.08,15.09,2.95,3.96
20170504124623 ,BURB,KS,HH,63.69,11.47,19.36,2.7,4.26
20170504124623 ,CPR2,KS,EL,59.57,10.53,17.68,2.81,6.73
20170504124623 ,CEJA,KS,HG,60.8,10.94,18.14,2.85,5.58
20170504124623 ,ADOA,KS,HG,57.74,10.31,17.02,2.8,2.9
20170504124623 ,OKCB,KS,HH,52.54,9.41,15.65,2.71,3.93
20170504124623 ,EMSB,KS,HH,50.76,9.37,15.5,2.91,5.38
20170504124623 ,YOW2,KS,HG,59.22,10.67,18.13,2.06,12.67
20170504150255 ,SND,KG,HG,78.7,13.84,23.03,2.24,11.3
20170504150255 ,YIN,KG,EL,78.8,13.72,23.02,2.33,9.4
20170504150255 ,TJN,KG,HH,77.29,13.44,22.52,2.31,9.1
20170504150255 ,WJU2,KS,EL,75.52,13.13,22.14,2.6,15.46
20170504150255 ,CHYB,KS,HH,77.09,13.44,22.31,2.4,6.54
20170504150255 ,CEA,KS,EL,76.57,13.3,22.37,2.3,7.91
20170504150255 ,CIGB,KS,HH,81.25,13.98,23.45,2.34,6.89
20170504150255 ,JSB,KG,HH,83.92,14.41,24.29,2.36,6.85
20170504150255 ,KMC,KG,EL,84.55,14.55,24.64,2.51,9.29
20170504150255 ,HES,KS,HG,85.79,14.73,24.81,2.51,9.23
20170504150255 ,ICN,KS,HG,87.58,15.11,25.57,2.35,11.69
20170504150255 ,KMSA,KS,HG,89.29,15.4,26.05,2.64,5.68
20170504150255 ,YEYB,KS,HH,89.64,15.44,25.9,2.61,4.72
20170504150255 ,KOJ2,KS,EL,90.74,15.56,26.12,2.47,6.75
20170504150255 ,CSO,KS,HG,95.89,16.58,28.35,2.6,7.91
20170504150255 ,PYCA,KS,HG,96.09,16.49,27.83,2.8,3.79
20170504150255 ,DUSB,KS,HH,97.78,16.77,28.5,2.52,5.28
20170504150255 ,GIC,KS,HG,72.84,12.65,21.68,2.61,9.73
20170504150255 ,ADO2,KS,EL,84.36,14.62,24.45,2.53,32.37
20170504150255 ,HKU,KG,HH,68.2,12.03,20.07,2.53,5.95
20170504150255 ,MGY,KS,EL,13.46,3.41,5.45,2.2,16.95
20170504150255 ,MGB,KG,HH,17.45,3.82,6.38,2.52,5.25
20170504150255 ,CHJ2,KS,HH,21.83,4.58,7.33,2.53,6.1
20170504150255 ,YCH,KS,HG,32.75,6.28,10.4,2.79,5.13
20170504150255 ,SAJ,KS,HG,37.47,7.07,11.72,2.4,18.42
20170504150255 ,YOJB,KS,HH,41.6,7.72,12.77,2.55,4.55
20170504150255 ,JECB,KS,HH,49.44,8.86,14.77,2.51,4.46
20170504150255 ,BON,KS,EL,35.16,6.69,11.14,2.06,25.42
20170504150255 ,JNPA,KS,HG,49.61,8.92,14.89,2.59,4.83
20170504150255 ,BURB,KS,HH,64.64,11.29,18.83,2.37,5.71
20170504150255 ,CEJA,KS,HG,60.61,10.81,17.94,2.53,6.65
20170504150255 ,YOW2,KS,HG,60.15,10.54,18,1.9,11.43
20170504150255 ,EUSB,KS,HG,67.74,11.94,20.01,2.5,5.44
20170504150255 ,CPR2,KS,EL,58.5,10.42,17.49,2.54,7.91
20170504150255 ,ADOA,KS,HG,57.39,10.05,16.91,2.65,3.04
20170504150255 ,OKCB,KS,HH,51.62,9.26,15.53,2.37,5.39
20170504150255 ,EMSB,KS,HH,51.34,9.19,15.32,2.56,5.96
20170505141621 ,HCNA,KS,HG,73.17,12.62,21.41,3.25,2.81
20170505141621 ,NAH,KS,HG,72.57,12.81,21.53,3.39,6.12
20170505141621 ,GUS,KS,HG,99.36,17.29,29.04,3.36,5.03
20170505141621 ,DUSB,KS,HH,71.6,12.85,20.98,3.65,1.93
20170505141621 ,BOSB,KS,HH,65.57,11.58,19.04,3.65,1.66
20170505141621 ,JEO2,KS,HH,70.39,12.61,20.63,3.31,4.5
20170505141621 ,NAJ,KS,HG,64.7,11.53,18.99,3.34,7.46
20170505141621 ,GSU,KG,HH,64.46,11.21,18.98,3.35,2.56
20170505141621 ,YESA,KS,HG,71.06,12.5,20.87,3.27,5.05
20170505141621 ,GOCB,KS,HH,76.27,13.38,22.09,3.05,4.5
20170505141621 ,NPR,KG,HH,95.17,16.65,27.84,3.16,8.04
20170505141621 ,EURB,KS,HH,78.74,13.48,22.91,3.21,3.46
20170505141621 ,PUAA,KS,HG,79.69,13.97,23.35,3.2,4.1
20170505141621 ,KOHB,KS,HH,79.73,13.82,23.13,3.4,6.61
20170505141621 ,JAH,KS,HG,84.7,14.74,24.57,3.74,5.18
20170505141621 ,KMC,KG,EL,87.75,15.56,25.78,3.35,4.22
20170505141621 ,KMSA,KS,HG,87.89,15.48,25.92,3.5,3.91
20170505141621 ,SMKB,KS,HH,89.79,15.66,26.11,3.19,4.83
20170505141621 ,HACA,KS,HG,64.46,10.96,18.66,3.37,3.2
20170505141621 ,HWSB,KG,HH,62.35,11.13,18.28,3.52,2.18
20170505141621 ,GRE,KG,EL,12.16,2.59,3.84,3.45,3.91
20170505141621 ,NAWB,KS,HH,15.35,3.33,5.09,3.36,2.86
20170505141621 ,JRB,KG,HH,24.96,4.85,7.77,3.29,3.91
20170505141621 ,SUCA,KS,HG,28.93,5.51,8.69,3.08,4.78
20170505141621 ,BAU,KS,EL,30.2,5.85,9.39,3.42,6.77
20170505141621 ,YSU,KS,HG,30.2,5.84,9.37,3.35,6.79
20170505141621 ,SCHA,KS,HG,35.2,6.51,10.52,3.57,2.58
20170505141621 ,IMSA,KS,HG,36.41,6.88,11.07,3.2,2.53
20170505141621 ,HAMB,KS,HG,37.03,7.15,11.45,3.52,2.61
20170505141621 ,JAS,KS,HG,39.57,7.55,12.29,3.59,3.7
20170505141621 ,CHO,KS,HG,61.78,11.68,19.23,3.33,3.39
20170505141621 ,KCH2,KS,EL,55.97,10.37,16.84,3.5,5.96
20170505141621 ,GWJ,KS,HG,52.61,9.44,15.57,3.14,8.47
20170505141621 ,JEU,KS,HG,50.35,9.12,14.86,3.2,5.96
20170505141621 ,JINA,KS,HG,59.02,10.36,17.49,3.25,3.29
20170505141621 ,KWJ2,KS,HH,44.86,8.13,13.17,3.15,5.39
20170505141621 ,KWJU,KS,HH,44.85,8.14,13.18,2.71,12.07
20170505141621 ,SAC,KS,HG,43.25,7.79,13.11,3.31,7.44
20170505141621 ,GWYB,KS,HH,49.16,8.96,14.52,3.55,2.15
20170505141621 ,HAD,KS,HG,42.04,7.73,12.81,3.58,5.08
20170510050647 ,AMD,KS,HH,62.04,11.15,18.58,2.77,32.37
20170510050647 ,NPR,KG,HH,64.49,11.49,19.48,2.76,14.51
20170510050647 ,HSB,KG,HH,85.39,14.86,24.87,2.92,5.28
20170510050647 ,CHO,KS,HG,87.97,14.73,24.65,2.89,5.6
20170510050647 ,MAN,KS,HG,88.21,15.34,25.67,3.09,9.73
20170510050647 ,GOCB,KS,HH,70.39,12.56,20.9,2.65,8.52
20170510050647 ,PORA,KS,HG,60.42,10.95,18.21,2.8,7.01
20170510050647 ,JEU,KS,HG,80.15,14.09,23.64,2.91,13.58
20170510050647 ,PUAA,KS,HG,51.44,9.56,15.86,2.66,8.47
20170510050647 ,OYDB,KS,HH,41.32,8,13.21,2.53,8.52
20170510050647 ,SMKB,KS,HH,40.55,7.91,13.13,2.7,12.49
20170510050647 ,ECDB,KS,HH,34.07,6.86,11.24,2.48,12.03
20170510050647 ,WID,KG,EL,32.36,6.82,11.1,2.54,13.89
20170510050647 ,MND,KS,HG,24.86,5.69,9.34,2.63,11.26
20170510050647 ,GUS,KS,HG,57.06,10.38,17.48,2.77,9.5
20170510133114 ,HAK,KG,EL,76.65,13.77,23.27,2.41,6.91
20170510133114 ,DKJ,KG,EL,80.35,14.35,23.98,2.37,9.92
20170510133114 ,YOCB,KS,HH,83.9,14.9,24.96,2.46,6.83
20170510133114 ,GWL,KS,HG,87.21,15.63,26.02,2.5,5.68
20170510133114 ,YOJB,KS,HH,88.84,15.72,26.12,2.49,4.72
20170510133114 ,HDB,KG,HH,98.18,17.14,29.23,2.44,10.48
20170510133114 ,MKL,KG,HH,99.95,17.35,29.34,2.16,6.52
20170510133114 ,SND,KG,HG,84.44,15.24,25.1,2.52,6.24
20170510133114 ,EUSB,KS,HH,74.56,13.33,22.24,2.32,6.12
20170510133114 ,CHS,KG,HH,58.47,10.93,17.89,2.26,18.42
20170510133114 ,ADOA,KS,HG,67.89,12.29,20.6,2.33,4.7
20170510133114 ,YODB,KS,HH,13.63,3.78,5.76,2.32,5.93
20170510133114 ,YEYB,KS,HH,33.93,6.9,11.07,2.49,3.73
20170510133114 ,ULJ2,KS,HH,14.77,3.98,6.06,2.46,6.67
20170510133114 ,PHA2,KS,EL,47.88,9.23,15.22,2.47,6.23
20170510133114 ,ADO2,KS,EL,50.97,9.61,15.82,2.18,32.37
20170510133114 ,UJN,KS,HG,43.67,8.48,13.93,2.44,9.05
20170513093723 ,YOCB,KS,HG,83.42,15.28,25.49,3.33,3.17
20170513093723 ,EUSB,KS,HH,73.74,13.68,22.6,3.25,3.04
20170513093723 ,DKJ,KG,EL,80.01,14.68,24.46,3.13,5.98
20170513093723 ,MKL,KG,HH,99.79,17.85,29.88,2.95,5.44
20170513093723 ,GWL,KS,HG,86.64,15.89,26.1,3.25,3.48
20170513093723 ,YOJB,KS,HH,88,15.94,26.41,3.2,3.63
20170513093723 ,HDB,KG,HH,98.14,17.36,29.67,3.22,7.21
20170513093723 ,IMWB,KS,HH,70.94,13.12,21.47,3.1,2.41
20170513093723 ,SND,KG,HG,83.83,15.44,25.24,3.25,2.72
20170513093723 ,CHYB,KS,HH,60.61,11.45,18.73,3.13,3.49
20170513093723 ,YODB,KS,HH,13.42,4.14,6.1,3.3,2.15
20170513093723 ,YEYB,KS,HH,33.08,7.18,11.35,3.5,1.67
20170513093723 ,CSO,KS,HG,41.59,8.65,13.99,3.27,4.56
20170513093723 ,ULJ2,KS,HH,14.57,4.15,6.1,3.19,3.91
20170513093723 ,PHA2,KS,EL,47.76,9.7,15.74,3.33,3.39
20170513093723 ,ADO2,KS,EL,50.18,9.98,16.16,3.14,10.48
20170513093723 ,CHS,KG,HH,57.98,11.35,18.4,3.14,5.96
20170513093723 ,ADOA,KS,HG,67,12.52,20.78,3.25,2.47
20170513093723 ,UJN,KS,HG,43.61,8.69,14.17,2.97,6.93
20170516142902 ,MGB,KG,HH,64.03,11.04,18.56,3.22,1.21
20170516142902 ,YOCB,KS,HH,69.88,12.1,20.63,3.34,1.26
20170516142902 ,DKJ,KG,EL,75.12,12.96,22.09,2.9,3.04
20170516142902 ,MGY,KS,EL,77.74,13.33,22.64,2.96,2.51
20170516142902 ,CIGB,KS,HH,79.39,13.47,22.87,2.85,3.03
20170516142902 ,IMWB,KS,HH,80.78,14.14,23.83,3.1,1.53
20170516142902 ,DAG2,KS,HH,92.83,15.85,26.94,2.84,3.91
20170516142902 ,JSB,KG,HH,82.57,14.39,24.1,2.91,2.27
20170516142902 ,CHJ2,KS,HG,90.25,15.48,25.97,2.7,3.91
20170516142902 ,HAK,KG,EL,91.81,15.91,27.3,2.95,2.82
20170516142902 ,CPR2,KS,EL,95.4,16.13,27.41,2.95,4.31
20170516142902 ,SND,KG,HG,63.32,11.32,18.85,2.95,2.39
20170516142902 ,UJN,KS,HG,62.67,11.24,18.84,3.02,4.58
20170516142902 ,YEYB,KS,HH,18.27,3.36,5.51,3.21,1.82
20170516142902 ,ADOA,KS,HG,22.2,3.93,6.59,3.3,1.62
20170516142902 ,ADO2,KS,EL,23.27,4.21,7,3.25,2.51
20170516142902 ,CSO,KS,HG,28.94,5.55,5.64,3.21,2.04
20170516142902 ,CHYB,KS,HH,39.46,7.07,11.76,3.1,1.33
20170516142902 ,YODB,KS,HH,45.54,8.21,13.82,3.25,1.24
20170516142902 ,ULJ2,KS,HH,46.21,8.29,13.97,3.26,1.47
20170516142902 ,YOJB,KS,HG,48.04,8.55,14.36,3.43,0.82
20170516142902 ,CHS,KG,HH,49.88,8.87,14.85,3.25,1.36
20170516142902 ,YCH,KS,HG,45.44,8.01,13.53,2.35,10.57
20170516142902 ,PHA2,KS,EL,61.45,10.92,18.6,3.1,2.03
20170520072902 ,MGY,KS,EL,84.31,14.37,24.35,2.2,9.61
20170520072902 ,ADO2,KS,EL,82.53,14.14,23.88,2.25,24.42
20170520072902 ,USN2,KS,EL,81.42,14.16,23.71,2.61,7.55
20170520072902 ,CHS,KG,HH,79.83,13.66,23.1,2.39,6
20170520072902 ,JINA,KS,HG,86.98,14.83,25.35,2.5,4.96
20170520072902 ,DKJ,KG,EL,76.42,13.25,22.19,2.44,7.59
20170520072902 ,MGB,KG,HH,80.69,13.64,23.14,2.24,9.42
20170520072902 ,JEO2,KS,HH,88.77,15.32,25.62,2.25,10.48
20170520072902 ,YSB,KG,HG,89.37,15.42,25.84,2.5,6.26
20170520072902 ,CSO,KS,HG,90.26,15.66,25.99,2.25,24.42
20170520072902 ,MKL,KG,HH,91.02,15.62,26.33,2.26,5.96
20170520072902 ,TEJ,KS,HG,95.74,16.49,27.65,2.55,9.7
20170520072902 ,IMSA,KS,HG,95.87,16.71,27.83,2.2,7.05
20170520072902 ,TJN,KG,HH,96.58,16.67,27.87,2.46,9.1
20170520072902 ,NAWB,KS,HH,97.04,16.78,27.96,2.32,8.45
20170520072902 ,JRB,KG,HH,97.68,16.55,27.74,2.37,13.31
20170520072902 ,KMSA,KS,HG,74.68,13.1,21.87,2.5,7.62
20170520072902 ,GSU,KG,HH,87.19,14.92,25.38,2.46,5.6
20170520072902 ,SAC,KS,HG,67.21,11.65,19.65,2.77,11.46
20170520072902 ,KMC,KG,EL,31.8,6.01,9.78,2.24,21.21
20170520072902 ,CIGB,KS,HH,19.44,3.88,6.1,2.3,8.5
20170520072902 ,GIC,KS,HG,25.35,4.88,7.79,2.4,14.55
20170520072902 ,GKP1,KG,HH,32.35,6.13,10.02,2.47,8.02
20170520072902 ,DAU,KS,HG,33.26,6.32,10.35,2.32,11.59
20170520072902 ,CPR2,KS,EL,44.01,7.93,13.06,2.25,28.12
20170520072902 ,EURB,KS,HH,67.16,11.74,19.79,2.27,6.03
20170520072902 ,DUSB,KS,HH,46.04,8.33,13.75,2.07,10.85
20170520072902 ,CHR,KS,HG,47.36,8.68,14.35,2.46,14.34
20170520072902 ,HAMB,KS,HG,66.4,11.75,19.45,2.55,5.58
20170520072902 ,OKCB,KS,HH,64.59,11.34,18.78,2.17,9.56
20170520072902 ,KCH2,KS,EL,47.55,8.61,14.31,2.46,21.21
20170520072902 ,YOCB,KS,HH,62.58,11,18.38,2.45,3.88
20170520072902 ,CGD,KG,EL,63.53,11.09,18.61,2.26,10.48
20170520072902 ,DAG2,KS,HH,59.93,10.63,17.8,2.32,11.39
20170520072902 ,HACA,KS,HG,58.55,10.45,17.54,2.47,5.18
20170520072902 ,SAJ,KS,HG,55.98,9.78,16.42,2.31,14.59
20170520072902 ,EUSB,KS,HH,62.11,10.89,18.03,2.22,9.23
20170520132933 ,JSB,KG,HH,94.97,17.06,27.74,3.11,6.81
20170520132933 ,JES,KS,HG,91.19,16.56,26.99,3.41,4.28
20170520132933 ,DGY2,KS,HH,84.11,15.57,25.11,3.08,9.29
20170520132933 ,IMWB,KS,HH,60.73,11.56,18.29,3.26,2.07
20170520132933 ,KAW,KS,HG,68.67,13.23,21.22,3.14,16.28
20170520132933 ,JMJ,KS,EL,78.56,14.96,24.03,3.12,7.23
20170520132933 ,OKEB,KS,HH,58.58,11.32,17.7,2.97,4.9
20170528064738 ,BUS2,KS,HH,62.74,11.7,19.34,2.66,7.4
20170528064738 ,YOCB,KS,HH,65.49,12.1,20.1,2.68,3.57
20170528064738 ,CGD,KG,EL,65.94,12.27,20.31,2.62,7.86
20170528064738 ,CHS,KG,HH,71.63,12.92,21.69,3.03,3.91
20170528064738 ,MIYA,KS,HG,77.18,14.09,23.5,1.9,14.42
20170528064738 ,CSO,KS,HG,91.61,16.17,27.24,2.75,6.87
20170528064738 ,YODB,KS,HH,97.25,16.81,28.59,3.07,1.45
20170528064738 ,CHR,KS,HG,98.31,17.25,29.23,2.7,10.54
20170528064738 ,ADO2,KS,EL,99.57,17.28,29.3,2.85,7.91
20170528064738 ,BSA,KS,HG,79.59,14.44,24.07,2.95,3.29
20170528064738 ,DAG2,KS,HH,61.79,11.57,19.13,2.9,5.9
20170528064738 ,GKP1,KG,HH,89.89,16.01,26.76,2.8,6.16
20170528064738 ,BBK,KG,EL,18.09,5.15,8.09,2.79,4.15
20170528064738 ,HDB,KG,HH,18.76,5.27,8.28,2.74,13.35
20170528064738 ,HAK,KG,HG,30.6,6.94,10.54,2.71,5.96
20170528064738 ,MKL,KG,HH,31.05,6.93,11.16,2.52,6.85
20170528064738 ,USN2,KS,EL,40.94,8.37,13.69,2.88,5.06
20170528064738 ,MAK,KG,EL,49.23,9.69,15.85,2.74,6.56
20170528064738 ,YSB,KG,HH,49.94,9.77,16.08,2.61,3.91
20170528064738 ,DKJ,KG,EL,52.01,10.03,16.53,2.79,5.32
20170528064738 ,PHA2,KS,EL,61.3,11.3,18.93,2.68,6.81
20170603201611 ,KMSA,KS,HG,98.12,17.13,29.31,2.76,4.5
20170603201611 ,TEJ,KS,HG,83.25,14.72,24.73,2.57,10.48
20170603201611 ,CEA,KS,EL,75.83,13.62,22.6,2.24,21.21
20170603201611 ,JSB,KG,HH,75.65,13.38,22.48,2.45,6.48
20170603201611 ,HES,KS,HG,74.86,13.41,22.27,2.55,9.53
20170603201611 ,CHYB,KS,HH,74.37,13.28,22.05,2.59,5.96
20170603201611 ,EUSB,KS,HH,75.03,13.31,22.41,2.24,6.87
20170603201611 ,TJN,KG,HH,83.43,14.78,24.88,2.67,6.39
20170603201611 ,CIGB,KS,HH,91.78,15.84,26.57,2.37,4.96
20170603201611 ,PYCA,KS,HG,85.48,15.08,25.18,2.66,5.84
20170603201611 ,ADO2,KS,EL,89.53,15.63,26.28,2.6,13.74
20170603201611 ,YAPA,KS,HG,91.33,16.13,26.76,2.56,5.52
20170603201611 ,YEYB,KS,HH,91.68,16.03,26.74,2.64,4.64
20170603201611 ,KOJ2,KS,EL,94.79,16.71,27.84,2.39,11.43
20170603201611 ,KMC,KG,EL,95.44,16.57,27.99,2.54,9.1
20170603201611 ,HOC,KS,HG,97.26,17.08,28.35,2.95,3.56
20170603201611 ,YIN,KG,EL,72.67,13.14,21.95,2.25,14.38
20170603201611 ,GIC,KS,HG,83.85,14.71,24.79,2.6,10.48
20170603201611 ,SND,KG,HG,72.56,13.16,21.6,2.63,4.2
20170603201611 ,YOW2,KS,EL,51.26,9.57,15.89,2.69,9.42
20170603201611 ,CHJ2,KS,HH,15.73,4.41,6.87,2.25,21.21
20170603201611 ,MGY,KS,HG,22.1,5.19,8.29,2.49,8.16
20170603201611 ,MGB,KG,HH,25.47,5.56,9.02,2.68,5.08
20170603201611 ,HKU,KG,HH,71.16,12.85,21.4,2.39,7.11
20170603201611 ,YOJB,KS,HH,38.76,7.66,12.53,2.59,4.5
20170603201611 ,JECB,KS,HH,38.85,7.67,12.53,2.38,5.55
20170603201611 ,BON,KS,EL,42.5,8.26,13.79,2.15,32.37
20170603201611 ,YCH,KS,HG,37.97,7.5,12.44,2.35,12.82
20170603201611 ,SAJ,KS,HG,48.17,9.11,15.07,2.6,13.5
20170603201611 ,EMSB,KS,HH,46.44,8.9,14.54,2.55,6.46
20170603201611 ,CPR2,KS,EL,69.27,12.46,20.77,2.33,14.68
20170603201611 ,WJU2,KS,EL,64.55,11.78,19.52,2.62,15.72
20170603201611 ,CEJA,KS,HG,63.36,11.65,19.34,2.51,7.32
20170603201611 ,ADOA,KS,HG,61.65,11.2,18.57,2.45,4.5
20170603201611 ,BURB,KS,HH,55.36,10.28,16.78,2.37,6.81
20170603201611 ,JNPA,KS,HG,49.19,9.33,15.3,2.37,8.92
20170603201611 ,OKCB,KS,HH,61.09,11.12,18.63,2.35,4.99
20170611091653 ,YOJB,KS,HH,77.15,13.88,22.74,2.35,4.64
20170611091653 ,ULJ2,KS,HH,67.28,12.15,20.31,2.55,7.19
20170611091653 ,YOW2,KS,EL,68.46,12.35,20.3,2.59,10.48
20170611091653 ,YEYB,KS,HH,74.16,13.35,22.3,2.92,2.9
20170611091653 ,ADO2,KS,EL,99.6,17.37,29.37,2.6,7.91
20170611091653 ,JECB,KS,HH,91.65,16.16,26.77,2.43,6.83
20170611091653 ,PYCA,KS,HG,80.68,14.47,23.62,2.05,15.23
20170611091653 ,YODB,KS,HH,85.35,15.07,25.33,2.8,2.73
20170611091653 ,JMJ,KS,EL,78.52,13.76,22.9,2.39,14.14
20170611091653 ,KAWA,KS,HG,66.86,11.75,19.65,2.44,5.96
20170611091653 ,SND,KG,HG,40.34,7.73,12.54,2.95,2.2
20170611091653 ,DGY2,KS,HH,66.49,11.79,19.56,2.38,10.79
20170611091653 ,TOHA,KS,HG,28.16,5.31,8.6,2.52,6.61
20170611091653 ,TBA2,KS,EL,30.48,6.1,9.75,2.55,10.91
20170611091653 ,GWL,KS,HG,36.62,7.1,11.6,2.7,4.55
20170611091653 ,UJN,KS,HG,38.05,7.43,12.2,2.74,5.93
20170611091653 ,IMWB,KS,HH,16.09,3.31,5.01,2.71,3.93
20170611091653 ,OKEB,KS,HH,44.1,7.99,13.03,1.72,5.28
20170611091653 ,CHYB,KS,HH,46.7,8.85,14.22,2.8,3.33
20170611091653 ,JSB,KG,HH,47.54,8.84,14.28,2.56,6.91
20170611091653 ,JES,KS,HG,52.03,9.51,15.54,2.65,5.95
20170611113152 ,BSA,KS,HG,75.53,13.11,22.1,2.95,6.34
20170611113152 ,ADO2,KS,EL,74.65,12.98,21.96,2.9,10.48
20170611113152 ,CSO,KS,HG,70.2,12.42,20.81,3.01,6.87
20170611113152 ,GUWB,KS,HH,69.96,12.4,20.83,2.85,3.05
20170611113152 ,BUS2,KS,HH,58.94,10.41,17.5,2.77,8.21
20170611113152 ,GKP1,KG,HH,53.31,9.94,16.41,2.78,11.26
20170611113152 ,CIGB,KS,HH,77.88,13.67,23.01,2.91,3.75
20170611113152 ,HCNA,KS,HG,93.88,16.19,27.46,2.79,3.5
20170611113152 ,EUSB,KS,HH,78.87,13.74,23.13,2.71,5.96
20170611113152 ,MAS2,KS,EL,86.44,14.9,25.34,2.82,16.04
20170611113152 ,YODB,KS,HH,87.95,15.23,25.65,2.95,2.39
20170611113152 ,GDDB,KS,HH,90.46,15.66,26.53,2.8,3.99
20170611113152 ,EURB,KS,HH,94.65,16.23,27.84,2.68,3.91
20170611113152 ,YEYB,KS,HH,95.69,16.41,27.89,3.19,2.35
20170611113152 ,PHA2,KS,EL,51.28,9.39,15.71,2.97,4.71
20170611113152 ,DAU,KS,HG,52.39,9.7,16.09,2.88,9.1
20170611113152 ,CHS,KG,HH,47.28,8.66,14.41,2.79,6.37
20170611113152 ,MKL,KG,HH,12.82,3.22,5.01,2.74,5.73
20170611113152 ,MIYA,KS,HG,50.4,9.3,15.51,3.1,2.32
20170611113152 ,DKJ,KG,EL,22.69,4.84,7.89,2.93,5.7
20170611113152 ,HDB,KG,HH,23.59,4.74,7.69,3.04,9.1
20170611113152 ,DAG2,KS,HH,26.63,5.59,9.17,2.88,4.5
20170611113152 ,JEJB,KS,HH,30.26,5.81,9.52,2.86,3.95
20170611113152 ,USN2,KS,EL,13.2,3.49,5.46,2.78,9.61
20170611113152 ,BBK,KG,EL,33.52,6.36,10.49,2.85,6.54
20170611113152 ,YSB,KG,HH,35.87,6.79,11.14,2.93,3.82
20170611113152 ,CGD,KG,EL,36.14,6.97,11.47,2.86,5.24
20170611113152 ,HAK,KG,EL,36.15,6.96,11.19,3.05,3.39
20170611113152 ,MAK,KG,EL,45.79,8.32,13.81,2.85,5.96
20170611113152 ,YOCB,KS,HH,31.93,6.39,10.4,2.93,2.97
20170612230151 ,BSA,KS,HG,72.44,13.37,22.12,2.5,6.81
20170612230151 ,BUS2,KS,HH,55.77,10.73,17.53,2.36,14.1
20170612230151 ,GKP1,KG,HH,55.07,10.73,17.25,2.35,9.5
20170612230151 ,DAU,KS,HG,54.16,10.59,16.97,2.34,16.23
20170612230151 ,GUWB,KS,HH,72.83,13.39,21.92,2.53,2.92
20170612230151 ,CSO,KS,HG,73.58,13.67,22.21,2.45,12.07
20170612230151 ,EUSB,KS,HH,82.12,14.76,24.3,1.75,15.68
20170612230151 ,MAS2,KS,EL,84.5,15.76,25.48,2.54,22.08
20170612230151 ,YEYB,KS,HH,99.07,17.57,29.32,2.5,3.04
20170612230151 ,YODB,KS,HH,90.96,16.16,26.97,1.6,18.37
20170612230151 ,EURB,KS,HH,93.74,16.66,27.9,2.2,7.62
20170612230151 ,PHA2,KS,EL,54.05,10.48,17.07,2.72,3.91
20170612230151 ,ADO2,KS,EL,78.07,14.07,23.31,2.44,10.48
20170612230151 ,CHS,KG,HH,50.64,9.7,15.78,2.32,7.55
20170612230151 ,GDDB,KS,HH,87.7,16.06,26.61,2.35,5.22
20170612230151 ,MIYA,KS,HG,49.16,9.71,15.81,2.05,11.36
20170612230151 ,MKL,KG,HH,11.59,4.05,5.93,2.25,10.48
20170612230151 ,USN2,KS,EL,11.99,4.2,6.24,2.27,18.42
20170612230151 ,HDB,KG,HH,22.39,5.55,8.59,2.5,20.31
20170612230151 ,DKJ,KG,EL,25.84,5.93,9.25,2.39,6.5
20170612230151 ,DAG2,KS,HH,27.66,6.35,9.97,2.41,7.91
20170612230151 ,BBK,KG,EL,30.85,6.9,10.87,2.52,5.84
20170612230151 ,JEJB,KS,HH,28.03,6.43,10.08,2.44,4.5
20170612230151 ,MAK,KG,EL,42.54,8.74,13.87,2.32,13.42
20170612230151 ,HAK,KG,EL,37.15,7.92,12.52,2.35,6.19
20170612230151 ,CGD,KG,EL,35.33,7.54,11.96,2.46,6.87
20170612230151 ,YSB,KG,HH,33.03,7.19,11.34,2.37,6.02
20170612230151 ,YOCB,KS,HH,34.93,7.38,11.65,2.49,4.1
20170613174347 ,PCH,KG,EL,97.23,17.57,28.92,3.01,3.16
20170613174347 ,DDCA,KS,HG,94.79,17.33,28.35,2.95,1.88
20170613174347 ,YPDB,KS,HH,90.16,16.76,27.29,2.46,3.39
20170613174347 ,CHNB,KG,HH,86.51,15.65,25.82,2.62,11.73
20170613174347 ,YNCB,KS,HH,77.13,14.26,23.27,2.65,3.48
20170613174347 ,GAHB,KS,HH,75.84,14.52,23.3,2.63,11.73
20170613174347 ,MUS2,KS,EL,75.15,14.29,23.13,2.62,10.3
20170613174347 ,YPD,KG,EL,85.26,16.03,26.31,2.47,7.55
20170615075624 ,OYDB,KS,HH,97.13,17.33,29.74,2.9,3.91
20170615075624 ,TANB,KS,HH,96.96,17.36,29.6,2.83,3.21
20170615075624 ,ECDB,KS,HH,94.64,16.84,28.81,2.79,8.54
20170615075624 ,GBI,KS,EL,45.93,8.78,15.24,2.54,14.63
20170617053009 ,MRD,KG,HH,93.23,15.9,27.32,2.36,8.87
20170617053009 ,HALB,KS,HH,87.77,15.26,26.36,2.64,4.1
20170617053009 ,GMDB,KS,HH,74.34,13.41,22.95,2.29,9.1
20170617053009 ,CSDB,KS,HG,94.02,16.46,28.35,2.75,3.39
20170617053009 ,JJU2,KS,HH,62.71,11.71,19.79,2.77,4.97
20170617053009 ,JJB,KG,HH,52.86,10.23,17.4,2.05,10.33
20170617053009 ,UDO,KS,HH,30.29,6.86,11.71,2.19,6.45
20170620020237 ,CIGB,KS,HH,67.22,12.47,20.3,2.2,7.25
20170620020237 ,MAK,KG,EL,55.21,10.35,16.92,1.86,32.37
20170620020237 ,GUWB,KS,HH,58.15,10.94,17.58,2.29,5.18
20170620020237 ,CSO,KS,HG,60.96,11.33,18.47,2.39,32.37
20170620020237 ,CHR,KS,HG,63.94,11.84,19.47,2.31,11.26
20170620020237 ,ADO2,KS,EL,64.26,11.75,19.19,2.39,19.18
20170620020237 ,EUSB,KS,HH,67.11,12.34,20.13,2.4,4.5
20170620020237 ,ULJ2,KS,HH,99.54,17.51,29.1,2.79,3.63
20170620020237 ,GIC,KS,HG,92.34,16.43,27.43,2.74,7.86
20170620020237 ,YODB,KS,HH,82.01,14.5,24.2,2.05,9.02
20170620020237 ,BSA,KS,HG,83.4,14.89,24.76,2.35,6.5
20170620020237 ,YEYB,KS,HH,86.59,15.3,25.43,2.5,3.09
20170620020237 ,EURB,KS,HH,93.16,16.49,27.35,1.75,12.17
20170620020237 ,GDDB,KS,HH,96.51,17.27,28.77,2.5,2.32
20170620020237 ,BUS2,KS,HH,67.54,12.35,20.24,2.35,5.28
20170620020237 ,PHA2,KS,EL,47.27,9.17,14.76,2.65,7.7
20170620020237 ,DKJ,KG,EL,14.9,3.68,5.4,2.31,10.94
20170620020237 ,DAG2,KS,HH,21.34,4.87,7.57,2.77,3.5
20170620020237 ,MKL,KG,HH,22.3,4.79,7.34,2.55,6.39
20170620020237 ,YOCB,KS,HH,20.85,4.76,7.24,2.46,3.58
20170620020237 ,BBK,KG,EL,45.1,8.71,14.19,2.67,4.07
20170620020237 ,HDB,KG,HH,33.44,6.7,10.65,2.35,14.51
20170620020237 ,GKP1,KG,HH,43.94,8.66,13.81,2.24,11.69
20170620020237 ,YSB,KG,HH,43.52,8.42,13.56,2.39,4
20170620020237 ,HAK,KG,EL,40.38,8.03,12.79,2.65,3.13
20170620020237 ,CHS,KG,HH,38.09,7.54,11.92,2.4,6.91
20170620020237 ,JEJB,KS,HH,41.46,8.05,13.04,2.35,4.46
20170627111718 ,BSA,KS,HG,76.03,13.21,22.27,2.53,8.04
20170627111718 ,ADO2,KS,EL,75.42,13.16,22.44,2.3,24.42
20170627111718 ,GUWB,KS,HH,71.99,12.67,21.24,2.25,5.52
20170627111718 ,CSO,KS,HG,70.57,12.59,21.1,2.32,14.85
20170627111718 ,BUS2,KS,HH,59.24,10.5,17.64,2.25,13.89
20170627111718 ,GKP1,KG,HH,55.9,10.34,17.02,2.4,13.89
20170627111718 ,CHR,KS,HG,69.59,12.41,20.55,2.53,13.89
20170627111718 ,CIGB,KS,HH,80.37,14.22,23.6,2.39,9.37
20170627111718 ,EUSB,KS,HH,80.39,13.96,23.49,2.46,5.41
20170627111718 ,MAS2,KS,EL,88.18,15.23,25.81,2.55,24.42
20170627111718 ,EURB,KS,HH,96.96,16.5,27.92,2.22,7.79
20170627111718 ,GDDB,KS,HH,91.44,15.79,26.77,2.46,4.13
20170627111718 ,YEYB,KS,HH,95.94,16.64,28.28,2.6,2.85
20170627111718 ,DAU,KS,HG,54.98,10.07,16.72,2.32,15.02
20170627111718 ,MIYA,KS,HG,52.51,9.59,16,2.61,4.5
20170627111718 ,DKJ,KG,EL,23.5,5.1,8.34,2.55,6
20170627111718 ,PHA2,KS,EL,50.39,9.42,15.71,2.54,4.99
20170627111718 ,MKL,KG,HH,11.65,3.42,5.23,1.94,18.42
20170627111718 ,USN2,KS,EL,14.3,3.84,6.03,2.2,28.86
20170627111718 ,JEJB,KS,HG,28.1,5.79,9.34,2.7,2.77
20170627111718 ,DAG2,KS,HH,29.17,6.01,9.88,2.26,10.48
20170627111718 ,BBK,KG,EL,31.63,6.31,10.18,2.64,5.78
20170627111718 ,HDB,KG,HH,21.22,4.7,7.56,2.48,23.86
20170627111718 ,CHS,KG,HH,47.78,8.85,14.74,2.35,7.88
20170627111718 ,MAK,KG,EL,45.83,8.37,13.96,2.25,18.42
20170627111718 ,CGD,KG,EL,38.38,7.35,12.05,2.33,9.56
20170627111718 ,YSB,KG,HH,36.59,6.97,11.44,2.32,6.52
20170627111718 ,HAK,KG,EL,33.92,6.84,11.09,2.64,4.54
20170627111718 ,YOCB,KS,HH,33.67,6.72,10.99,2.23,6.95
20170705101730 ,CEJA,KS,HG,86.95,15.22,25.29,2.35,9.45
20170705101730 ,DAG2,KS,HH,87.81,14.9,25.29,2.95,6.46
20170705101730 ,HKU,KG,HH,88.51,15.46,25.87,2.77,6.02
20170705101730 ,IKSA,KS,HG,82.82,14.47,24.02,3.05,3.75
20170705101730 ,MGB,KG,HH,76.08,13.1,22.05,2.98,4.04
20170705101730 ,EURB,KS,HH,80.21,13.64,22.98,3.13,2.74
20170705101730 ,EUSB,KS,HH,76.95,13.27,22.28,2.85,4.5
20170705101730 ,NAWB,KS,HH,82.32,14.2,23.6,2.77,5.12
20170705101730 ,YOCB,KS,HH,89.05,15.25,25.74,3.12,2.82
20170705101730 ,CHJ2,KS,HH,98.49,16.99,28.57,2.98,5.45
20170705101730 ,CGD,KG,EL,90.52,15.28,25.85,3.05,5.83
20170705101730 ,NPR,KG,HH,99.95,17.25,28.99,2.95,8.35
20170705101730 ,GRE,KG,EL,94.59,16.14,27.15,2.75,12.07
20170705101730 ,GSU,KG,HH,94.24,15.79,26.81,2.96,3.81
20170705101730 ,MIYA,KS,HG,89.81,15.3,25.68,3.1,3.04
20170705101730 ,JINA,KS,HG,92.39,15.45,26.29,2.93,4.32
20170705101730 ,JRB,KG,HH,92.03,15.29,26.07,2.93,5.41
20170705101730 ,KOJ2,KS,EL,91.93,15.96,26.48,2.79,6.85
20170705101730 ,ADOA,KS,HG,92.7,15.8,26.58,2.95,4.1
20170705101730 ,MGY2,KS,HG,74.93,12.99,22.78,2.94,4.59
20170705101730 ,IMSA,KS,HG,75.39,13.12,21.74,2.79,3.6
20170705101730 ,KMC,KG,EL,10.28,1.52,2.18,3.21,5.7
20170705101730 ,TJN,KG,HH,70.16,12.4,20.56,3.08,3.42
20170705101730 ,GIC,KS,HG,18.48,3.38,5.4,3.26,3.31
20170705101730 ,DUSB,KS,HH,22.99,4.19,6.76,3.1,1.79
20170705101730 ,CPR2,KS,EL,27.51,5.1,8.29,2.91,6.87
20170705101730 ,CIGB,KS,HH,38.8,6.87,11.32,3.15,1.93
20170705101730 ,OKCB,KS,HH,43.73,7.99,13.18,2.96,7.79
20170705101730 ,KMSA,KS,HG,46.93,8.31,13.95,3.01,4.5
20170705101730 ,SAJ,KS,HG,50.35,8.97,15.02,2.93,8.16
20170705101730 ,HCNA,KS,HG,51.46,9.03,15.09,2.95,3.11
20170705101730 ,KCH2,KS,EL,43.15,7.65,12.61,3.01,6.07
20170705101730 ,JASA,KS,HG,55.82,9.81,16.25,2.95,4.82
20170705101730 ,CHR,KS,HG,69.1,11.97,19.9,2.97,10.04
20170705101730 ,HACA,KS,HG,66.08,11.28,19,3.01,2.95
20170705101730 ,SACA,KS,HG,65.31,11.18,18.83,2.96,3.7
20170705101730 ,BON,KS,EL,64.62,11.47,19.05,2.67,9.98
20170705101730 ,TEJ2,KS,HG,69.26,12.23,20.3,2.9,7.91
20170705101730 ,GUWB,KS,HH,60.79,10.67,17.8,3,2.4
20170705101730 ,DAU,KS,HG,60.51,10.57,17.74,3.2,4.42
20170705101730 ,GKP1,KG,HH,59.58,10.37,17.39,3.21,4.62
20170705101730 ,HAMB,KS,HH,57.73,10.04,16.53,2.86,4.5
20170705210026 ,DAG2,KS,HH,90.7,15.32,26.26,2.8,5.65
20170705210026 ,KOJ2,KS,EL,89.11,15.48,25.98,2.67,7.66
20170705210026 ,HKU,KG,HH,85.99,15.02,25.05,2.55,6.32
20170705210026 ,IKSA,KS,HG,80.04,13.97,23.22,2.76,6.19
20170705210026 ,EURB,KS,HG,82.24,14.02,23.52,2.64,5.66
20170705210026 ,MGB,KG,HH,75.86,13,21.89,2.68,5.88
20170705210026 ,CHO,KS,HG,74.26,13.44,22.43,2.65,8.72
20170705210026 ,MGY2,KS,EL,74.19,12.8,21.69,2.65,7.13
20170705210026 ,CEJA,KS,HG,84.58,14.81,24.67,2.8,6.3
20170705210026 ,YOCB,KS,HH,91.76,15.65,26.38,3.09,2.09
20170705210026 ,IMSA,KS,HG,73.82,12.83,21.27,2.44,6.87
20170705210026 ,JRB,KG,HH,92.25,15.51,26.11,2.47,15.91
20170705210026 ,CGD,KG,EL,93.41,15.7,26.57,2.89,3.39
20170705210026 ,JINA,KS,HG,93.71,15.72,26.73,2.63,6.37
20170705210026 ,GRE,KG,EL,94.22,16.07,27.15,2.71,16
20170705210026 ,GSU,KG,HH,95.71,16.06,27.19,2.65,5.25
20170705210026 ,BUYB,KS,HH,97.12,16.72,28.02,2.59,10.24
20170705210026 ,NPR,KG,HH,97.2,16.77,28.18,2.83,12.21
20170705210026 ,CHJ2,KS,HH,97.44,16.78,28.16,2.84,5.45
20170705210026 ,CHR,KS,HG,71.75,12.34,20.6,2.8,9.87
20170705210026 ,SAJ,KS,HG,50.31,8.87,15.02,2.77,6.87
20170705210026 ,TJN,KG,HH,67.39,11.91,19.76,2.61,7.86
20170705210026 ,HACA,KS,HG,67.75,11.56,19.4,2.75,3.39
20170705210026 ,KMC,KG,EL,10.17,1.52,2.21,3.08,7.05
20170705210026 ,GIC,KS,HG,19.81,3.58,5.75,2.85,6.69
20170705210026 ,DUSB,KS,HH,21.55,3.94,6.34,2.82,4.07
20170705210026 ,CPR2,KS,EL,26.64,4.89,7.97,2.71,6.87
20170705210026 ,CIGB,KS,HH,41.26,7.22,11.93,2.95,2.31
20170705210026 ,OKCB,KS,HH,41.81,7.61,12.52,2.73,9.1
20170705210026 ,KCH2,KS,EL,44.02,7.77,12.84,2.68,12.49
20170705210026 ,KMSA,KS,HG,44.09,7.96,13.17,2.79,6.41
20170705210026 ,HCNA,KS,HG,53.48,9.32,15.57,2.8,2.55
20170705210026 ,SACA,KS,HG,66.11,11.24,18.89,2.59,5.96
20170705210026 ,BON,KS,EL,62.95,11.16,18.47,2.44,13.5
20170705210026 ,GKP1,KG,HH,62.41,10.76,18.07,2.94,5.6
20170705210026 ,GUWB,KS,HH,62.93,10.94,18.27,2.76,3.32
20170705210026 ,HAMB,KS,HH,57.87,9.97,16.56,2.53,9.37
20170705210026 ,JASA,KS,HG,54.64,9.6,15.91,2.55,8
20170708184348 ,GGDB,KS,HH,82.71,13.11,23.25,1.9,11.9
20170708184348 ,SGP2,KS,HH,77.46,13.48,23.81,2.35,9.67
20170708184348 ,JJU2,KS,HH,77.13,13.75,24.31,2.64,5.5
20170708184348 ,CJD,KS,HH,72.87,13.14,23.32,2.28,10.48
20170708184348 ,MRD,KG,HH,67.04,11.32,20.03,1.9,32.37
20170708184348 ,HALB,KS,HH,52.84,9.74,17.44,2.04,10.04
20170708184348 ,GOS2,KS,EL,47.91,9.39,16.47,2.24,9.1
20170718013105 ,YNCB,KS,HG,76.15,13.95,22.77,2.65,6.58
20170718013105 ,JUR,KS,HG,80.37,14.98,24.44,2.85,10.48
20170718013105 ,SNU,KG,HH,73.42,13.47,22.15,2.78,4.3
20170718013105 ,HAWB,KS,HH,85.4,15.58,25.98,2.75,6.67
20170718013105 ,PCH,KG,EL,88.98,16.1,26.39,2.52,10.73
20170718013105 ,SWO,KS,EL,84.1,15.13,25.54,2.32,8.9
20170718013105 ,YPDB,KS,HH,44.44,8.62,13.73,2.39,7.66
20170718013105 ,SHHB,KS,HH,59.98,11.23,18.38,2.2,5.5
20170718013105 ,GAHB,KS,HG,24.81,5.76,8.98,2.74,5.15
20170718013105 ,SEO2,KS,HH,68.54,12.68,20.76,2.65,4.56
20170718013105 ,YPD,KG,EL,44.56,8.72,14.01,2.69,10.15
20170718013105 ,MUS2,KS,EL,56.08,10.66,17.58,2.61,13.27
20170718013105 ,DEI,KS,EL,49.79,9.78,15.78,2.5,10.63
20170719012335 ,GGDB,KS,HH,97.58,15.72,26.97,2.48,3.94
20170719012335 ,HANB,KS,HH,96.82,16.48,28.05,2.55,6.87
20170719012335 ,WAN2,KS,EL,88.34,15.36,26.09,2.37,21.7
20170719012335 ,CSDB,KS,HH,85.5,14.91,25.29,1.99,6.71
20170719012335 ,JDO,KS,EL,80.84,13.72,23.49,2.22,19.4
20170719012335 ,UDO,KS,HH,82.69,14.89,25.4,1.97,13.89
20170719012335 ,BGD,KG,HH,59.81,10.81,18.23,2.05,10.51
20170719012335 ,JJU2,KS,HH,55.66,10.75,17.93,2.5,7.09
20170719012335 ,GOS2,KS,EL,53.88,10.02,17.46,2.02,9.78
20170720053847 ,ULJ2,KS,HH,77.89,13.74,23.02,2.5,3.58
20170720053847 ,YODB,KS,HG,96.31,16.83,28.26,2.65,2.66
20170720053847 ,YEYB,KS,HH,94.47,16.42,27.61,2.5,3.25
20170720053847 ,JMJ,KS,EL,88.68,15.64,25.99,2.49,9.34
20170720053847 ,DGY2,KS,HG,84.06,14.82,24.59,2.7,3.74
20170720053847 ,KAWA,KS,HG,76.63,13.68,22.56,2.65,4.81
20170720053847 ,GWL,KS,HG,67.43,12.14,20.19,2.45,5.18
20170720053847 ,SND,KG,HG,71.46,12.83,21.15,2.52,4.43
20170720053847 ,TBA2,KS,EL,60.82,11.1,18.2,2.46,8.59
20170720053847 ,OKEB,KS,HH,56.62,10.29,16.82,2.59,7.91
20170720053847 ,UJN,KS,HG,46.68,8.79,14.49,2.7,4.85
20170720053847 ,TOHA,KS,HG,40.31,7.61,12.31,2.62,3.69
20170720053847 ,IMWB,KS,HH,26.33,5.26,8.32,2.66,3.25
20170809045343 ,HUK2,KS,EL,91.41,16.26,27.53,2.93,4.67
20170809045343 ,GOS2,KS,EL,87.99,15.88,26.38,3.07,4.17
20170809045343 ,GGDB,KS,HH,42.8,7.87,13.11,2.7,5.36
20170809045343 ,CJD,KS,HH,72.9,13.21,22.28,2.47,14.59
20170831205730 ,HAWB,KS,HH,83.97,14.95,24.99,2.5,8.92
20170831205730 ,DUSB,KS,HH,77.91,14.15,23.29,2.43,5.93
20170831205730 ,SES2,KS,HH,79.78,14.28,23.65,2.5,10.69
20170831205730 ,ANMA,KS,HG,80.57,14.52,23.94,2.59,5.93
20170831205730 ,MGY2,KS,EL,81.15,14.49,24.11,2.51,8.25
20170831205730 ,KMC,KG,EL,82.51,14.8,24.42,2.46,9.1
20170831205730 ,YIN,KG,EL,83.88,15,24.97,2.69,5.18
20170831205730 ,PUAA,KS,HG,89.12,15.66,26.33,2.5,6.81
20170831205730 ,GIC,KS,HG,89.21,15.89,26.54,2.6,12.07
20170831205730 ,JASA,KS,HG,89.72,16.04,26.31,2.71,6.32
20170831205730 ,IMSA,KS,HG,90.41,16,26.63,2.35,7.62
20170831205730 ,MGB,KG,HH,93.77,16.36,27.47,2.62,6.93
20170831205730 ,YINB,KS,HG,94.98,16.82,28,3.24,1.75
20170831205730 ,CPR2,KS,EL,72.58,13.22,22.02,2.55,12.07
20170831205730 ,SWO,KS,EL,98.18,17.24,28.76,2.35,10.45
20170831205730 ,MND,KS,HH,98.86,17.17,29.05,2.49,5.73
20170831205730 ,ICN2,KS,EL,99.06,17.33,29.01,2.53,13.01
20170831205730 ,CHJ2,KS,HH,85.46,15.19,25.29,2.39,16
20170831205730 ,EMSB,KS,HH,72.4,13.08,22.01,2.24,13.89
20170831205730 ,CHO,KS,HG,67.35,12.06,19.88,2.56,7.36
20170831205730 ,KOJ2,KS,HG,12.89,4.37,6.73,1.94,18.53
20170831205730 ,TJN,KG,HH,17.68,4.91,7.7,2.21,28.53
20170831205730 ,TEJ2,KS,HG,18.38,5.05,7.94,2.43,24.42
20170831205730 ,HKU,KG,HH,26.94,6.18,9.9,2.5,10.63
20170831205730 ,BUYB,KS,HH,32.27,6.85,10.99,2.54,4.5
20170831205730 ,CEJA,KS,HG,33.5,7.11,11.47,2.64,5.81
20170831205730 ,IKSA,KS,HG,43.36,8.54,14.03,2.66,6.54
20170831205730 ,KMSA,KS,HG,43.71,8.71,14.17,2.36,8.16
20170831205730 ,YSAB,KS,HH,51.22,9.76,15.89,2.41,4.09
20170831205730 ,CEA,KS,EL,46.03,9.04,14.6,2.39,6.87
20170831205730 ,NPR,KG,HH,53.15,9.98,16.4,2.46,10.48
20170831205730 ,PTK,KS,HG,64.24,11.9,19.66,2.5,13.38
20170831205730 ,PORA,KS,HG,60.44,11.1,18.34,2.37,9.48
20170831205730 ,GUS,KS,HG,58.19,10.81,17.95,2.37,14.47
20170831205730 ,JEO2,KS,HH,54.93,10.46,17.04,2.62,10.94
20170831205730 ,BON,KS,EL,55.49,10.49,17.24,2.44,18.42
20170831205730 ,OKCB,KS,HH,53.98,10.26,16.9,2.7,10.48
20170831205730 ,JNPA,KS,HG,53.17,10.09,16.69,2.32,6.79
20170907055807 ,GAHB,KS,HH,98.88,17.82,29.61,3.21,3.73
20170907055807 ,DEI,KS,HG,78.38,14.43,24.39,3.2,5.63
20170907055807 ,BAR2,KS,HH,69.93,13.14,21.55,3.25,2.72
20170907055807 ,YPDB,KS,HH,34.2,7.47,11.83,3.01,4.5
20170907055807 ,YPD,KG,EL,33.93,7.53,11.99,3.18,7.64
20170907055807 ,DACB,KS,HH,62.28,11.53,19.09,3.2,5.79
20170915163406 ,MUN,KG,EL,97.75,17.08,28.85,1.85,7.55
20170915163406 ,JDO,KS,EL,78.82,14.12,23.14,1.82,32.37
20170915163406 ,HANB,KS,HG,62.41,11.46,19,1.9,7.17
20170915163406 ,KOHB,KS,HH,44.16,9.08,14.9,1.68,32.37
20170915163406 ,WAN2,KS,EL,43.76,8.67,14.09,1.99,32.37
20170915163406 ,GMDB,KS,HH,29.18,6.6,10.49,1.73,11.46
20170915163406 ,BGD,KG,HH,54.69,9.96,16.54,1.62,24.35
20170930063431 ,MRD,KG,HH,89.53,15.38,26.74,2.3,8.4
20170930063431 ,CJD,KS,HH,99.94,17.57,29.89,2.55,6.91
20170930063431 ,BGD,KG,HH,98.95,17.43,29.88,2.44,7.91
20170930063431 ,GMDB,KS,HH,70.76,12.95,22.03,2.36,8.97
20170930063431 ,HALB,KS,HH,82.2,14.46,24.84,2.43,4.37
20171003171148 ,DAG2,KS,HH,92.5,16.39,27.45,2.35,3.72
20171003171148 ,DKJ,KG,EL,82.49,14.73,24.57,2.35,3.7
20171003171148 ,YOCB,KS,HH,96.43,17.06,28.42,2.16,5.86
20171003171148 ,CHS,KG,HH,99.82,17.18,29.04,2.2,2.84
20171003171148 ,BSA,KS,HG,92.71,16.43,27.55,2.5,3.6
20171003171148 ,BUS2,KS,HH,78.45,14.11,23.49,2.35,5.88
20171003171148 ,CGD,KG,EL,94.47,16.8,28.01,2.39,4.21
20171003171148 ,YSB,KG,HH,73.96,13.49,22.37,2.15,4.5
20171003171148 ,BBK,KG,EL,41.57,8.41,13.69,2.13,4.97
20171003171148 ,HDB,KG,HH,48.36,9.45,15.56,2.2,5.55
20171003171148 ,MKL,KG,HH,61.46,11.46,19.17,1.74,9.02
20171003171148 ,MAK,KG,EL,67.88,12.47,20.74,2.07,8.52
20171003171148 ,USN2,KS,EL,71.06,12.97,21.58,2.09,9.42
20171004031031 ,JEU2,KS,EL,76.81,13.57,22.56,2.19,24.21
20171004031031 ,DUSB,KS,HH,65.8,11.82,19.5,2.26,6.24
20171004031031 ,YSAB,KS,HH,71.18,12.76,21.11,2.02,7.46
20171004031031 ,BON,KS,EL,74.51,13.24,21.86,1.84,28.12
20171004031031 ,CEA,KS,EL,75.13,13.43,22.28,1.95,10.54
20171004031031 ,KMC,KG,EL,76.61,13.53,22.49,2.25,9.48
20171004031031 ,NAWB,KS,HH,86.01,15.04,25,1.6,21.27
20171004031031 ,GIC,KS,HG,88.56,15.5,25.87,2.35,15.15
20171004031031 ,HAMB,KS,HH,91.49,15.99,26.57,2.24,5.18
20171004031031 ,KCH2,KS,EL,94.04,16.52,27.48,2.26,14.55
20171004031031 ,OYDB,KS,HH,95.64,16.56,27.92,2.35,5.71
20171004031031 ,HSB,KG,HG,62.83,11.39,18.77,2.05,10.51
20171004031031 ,IMSA,KS,HG,63.15,11.29,18.65,1.89,8.82
20171004031031 ,OKCB,KS,HH,63.95,11.37,18.95,1.94,7.91
20171004031031 ,IKSA,KS,HG,16.21,3.48,5.37,2.1,13.89
20171004031031 ,BUYB,KS,HH,24.71,4.96,7.75,1.91,15.41
20171004031031 ,NPR,KG,HH,28.87,5.67,9,2.12,16.28
20171004031031 ,JEO2,KS,HH,30.37,5.86,9.26,2.01,21.21
20171004031031 ,TJN,KG,HH,33.52,6.44,10.37,1.88,26.85
20171004031031 ,KMSA,KS,HG,33.73,6.51,10.5,2.6,5.18
20171004031031 ,GUS,KS,HG,35.61,6.81,10.97,2.06,14.26
20171004031031 ,KOJ2,KS,EL,35.93,6.86,11,1.95,12.07
20171004031031 ,CHO,KS,HG,38.94,6.92,11.35,2.13,9.1
20171004031031 ,HKU,KG,HH,54.97,10.05,16.57,2.3,5.63
20171004031031 ,PORA,KS,HG,55.77,10.13,16.57,2.17,8.95
20171004031031 ,TEJ2,KS,HG,33.53,6.44,10.45,2.1,18.42
20171004031031 ,PUAA,KS,HG,61.41,11.07,18.42,2.2,6.77
20171008031828 ,GOCB,KS,HH,82.47,14.76,24.12,3.04,4.97
20171008031828 ,BGD,KG,HH,99.43,17.32,28.99,3.2,5.63
20171008031828 ,JINA,KS,HG,81.22,14.61,24.44,3.05,4.95
20171008031828 ,MUN,KG,EL,76.11,13.7,22.56,3.13,4.31
20171008031828 ,JEU2,KS,EL,78.77,14.2,23.19,2.97,12.1
20171008031828 ,WAN2,KS,EL,71.1,12.93,21.37,3.27,8.67
20171008031828 ,HANB,KS,HH,70.71,12.78,20.91,3.19,3.22
20171008031828 ,MOP,KS,HG,80.16,14.37,23.74,3.17,5.96
20171008031828 ,GSU,KG,HH,85.47,15.38,25.62,3.24,3.01
20171008031828 ,IMSA,KS,HG,86.35,15.53,25.72,2.85,5.18
20171008031828 ,HAMB,KS,HH,87.66,15.39,25.84,3.15,3.07
20171008031828 ,GMDB,KS,HH,89.28,15.84,26.33,3.01,5.18
20171008031828 ,MAN,KS,HG,93.06,16.39,27.22,3.07,9.95
20171008031828 ,JASA,KS,HG,94.45,16.9,27.88,3.25,3.81
20171008031828 ,JDO,KS,EL,94.69,16.71,27.48,3.12,11.43
20171008031828 ,YKDB,KS,HH,96.03,17.08,28.75,2.95,7.21
20171008031828 ,SACA,KS,HG,86.19,15.12,25.62,3.24,3.65
20171008031828 ,YNDB,KS,HH,68.53,12.62,20.7,2.89,6.87
20171008031828 ,NAWB,KS,HH,66.61,12.32,20.06,3.11,4.62
20171008031828 ,BOSB,KS,HH,13.52,3.5,5.06,3.05,4.7
20171008031828 ,SCHA,KS,HG,24.83,5.51,8.49,2.97,9.13
20171008031828 ,KOHB,KS,HH,26.64,5.79,8.97,2.99,8.23
20171008031828 ,HWSB,KG,HH,36.84,7.31,11.6,3.13,4.31
20171008031828 ,GWYB,KS,HH,43.12,8.57,13.76,2.93,5.16
20171008031828 ,KWJU,KS,HH,43.8,8.51,13.39,2.61,16.8
20171008031828 ,KWJ2,KS,HH,43.8,8.5,13.38,2.97,9.37
20171008031828 ,BAU,KS,EL,44.19,8.64,14.04,3.16,16
20171008031828 ,YESA,KS,HG,47.32,9.23,15.05,3.07,7.21
20171008031828 ,YOA,KS,EL,48.62,9.24,14.88,3.05,13.66
20171008031828 ,GWJ,KS,HG,50.36,9.56,15.25,3.18,9.78
20171008031828 ,GRE,KG,EL,50.73,9.68,15.7,3.05,8.64
20171008031828 ,JRB,KG,HH,55.39,10.45,17,2.96,6.77
20171008031828 ,SUCA,KS,HG,60.89,11.25,18.36,2.96,4.38
20171008031828 ,NAH,KS,HG,62.71,11.8,19.4,2.98,12.28
20171008031828 ,NAJ,KS,HG,44.98,8.64,13.88,3,12.07
20171015210845 ,HUK2,KS,EL,93.32,16.78,28.34,2.64,5.16
20171015210845 ,CJD,KS,HH,93.07,16.75,28.61,2.56,7.95
20171015210845 ,GGDB,KS,HH,28.49,6.49,10.41,2.26,9.1
20171016065115 ,GKP1,KG,HH,54.55,10.01,16.62,2.5,12.1
20171016065115 ,BUS2,KS,HH,61.3,10.93,18.09,2.05,15.95
20171016065115 ,CSO,KS,HG,68.26,12.37,20.46,2.44,32.37
20171016065115 ,GUWB,KS,HH,69.9,12.55,20.7,2.35,4.46
20171016065115 ,ADO2,KS,EL,73.05,12.89,21.57,2.4,21.21
20171016065115 ,EUSB,KS,HH,78.08,13.82,22.95,1.86,28.12
20171016065115 ,CIGB,KS,HH,78.72,13.72,23.2,2.35,6.16
20171016065115 ,GDDB,KS,HH,93.16,16.16,27.23,2.35,5.41
20171016065115 ,HCNA,KS,HG,96.17,16.57,27.85,2.65,3.29
20171016065115 ,ADOA,KS,HG,97.85,16.65,28.43,2.05,11.43
20171016065115 ,DAU,KS,HG,53.63,9.82,16.3,2.49,9.5
20171016065115 ,MIYA,KS,HG,53.15,9.76,16.06,2.35,9.23
20171016065115 ,YSB,KG,HH,38.38,7.15,11.8,2.5,4.96
20171016065115 ,PHA2,KS,EL,48.62,9.13,15.18,2.2,8.3
20171016065115 ,MKL,KG,HH,12.98,3.22,4.9,2.38,9.64
20171016065115 ,USN2,KS,EL,15.2,3.66,5.7,2.46,14.51
20171016065115 ,HDB,KG,HH,22.54,4.69,7.51,2.47,11.93
20171016065115 ,DAG2,KS,HH,28.42,5.74,9.35,2.64,5.16
20171016065115 ,JEJB,KS,HH,30,5.92,9.7,2.35,11.96
20171016065115 ,DKJ,KG,EL,21.36,4.64,7.45,2.32,7.93
20171016065115 ,HAK,KG,EL,33.6,6.76,10.94,2.71,3.53
20171016065115 ,YOCB,KS,HH,31.57,6.33,10.28,2.38,28.12
20171016065115 ,MAK,KG,EL,47.96,8.71,14.35,2.39,10.48
20171016065115 ,CHS,KG,HH,45.47,8.48,14,2.4,8.37
20171016065115 ,BBK,KG,EL,33.74,6.55,10.64,2.65,3.58
20171016065115 ,CGD,KG,EL,38.76,7.29,11.92,2.46,18
20171017195603 ,HAK,KG,EL,74.45,13.82,23.16,2.8,5.38
20171017195603 ,SND,KG,HG,86.05,16.03,26.16,3.24,2.82
20171017195603 ,DKJ,KG,EL,78.32,14.42,23.88,2.84,7.44
20171017195603 ,YOCB,KS,HG,82.05,15.05,24.95,3.05,4.35
20171017195603 ,GWL,KS,HG,88.91,16.44,27.08,3.24,2.8
20171017195603 ,HDB,KG,HH,95.97,17.09,28.82,2.94,8.02
20171017195603 ,YOJB,KS,HH,89.6,16.37,27.03,2.95,3.52
20171017195603 ,GUWB,KS,HH,89.85,16.38,26.98,2.95,2.9
20171017195603 ,MKL,KG,HH,97.79,17.43,29.22,3,3.43
20171017195603 ,EUSB,KS,HH,73.76,13.75,22.63,3.02,3
20171017195603 ,TBA2,KS,EL,74.58,14.12,23,3.04,7.46
20171017195603 ,YODB,KS,HH,12.37,4.18,6.09,2.77,7.17
20171017195603 ,ULJ2,KS,HH,16.38,4.78,7.13,2.88,5.03
20171017195603 ,YEYB,KS,HH,34.12,7.53,11.85,2.95,3.66
20171017195603 ,CSO,KS,HG,41.06,8.71,13.85,3.1,5.98
20171017195603 ,PHA2,KS,EL,45.74,9.36,15.16,2.91,7.91
20171017195603 ,ADO2,KS,EL,50.06,10.06,16.21,3,10.48
20171017195603 ,CHS,KG,HH,56.68,11.13,17.98,2.93,6.08
20171017195603 ,IMWB,KS,HH,73.23,13.92,22.53,2.86,12.14
20171017195603 ,CHYB,KS,HH,62.68,11.99,19.56,2.8,4.51
20171017195603 ,ADOA,KS,HG,67.79,12.74,21.03,2.95,3.54
20171017195603 ,UJN,KS,HG,45.83,9.3,15.05,2.97,6.85
20171019214159 ,GSU,KG,HH,97.77,16.87,28.06,2.58,5.06
20171019214159 ,GKP1,KG,HH,96.98,16.99,28.44,2.46,11.46
20171019214159 ,HKU,KG,HH,81.05,14.58,24.34,2.49,7.25
20171019214159 ,JRB,KG,HH,77.76,13.64,22.54,2.37,10.73
20171019214159 ,GRE,KG,EL,72.36,12.8,21,2.47,20.73
20171019214159 ,NPR,KG,HH,63.31,11.45,19.04,2.4,21.7
20171019214159 ,TJN,KG,HH,56.2,10.5,17.11,2.35,14.34
20171019214159 ,KMC,KG,EL,39,7.57,12.11,2.27,28.12
20171020032015 ,GAHB,KS,HH,85.68,15.73,26.1,2.2,8.62
20171020032015 ,YPD,KG,EL,95.93,17.17,29.09,2.24,15.59
20171020032015 ,YNCB,KS,HH,81.04,14.5,24,2.2,4.78
20171020032015 ,MUS2,KS,EL,81.83,15,25.09,2.31,17.39
20171021041120 ,CSDB,KS,HH,99.72,17.69,29.52,2.6,5.83
20171021041120 ,JDO,KS,HG,97.38,17.24,28.9,2.46,23.86
20171021041120 ,BGD,KG,HH,75.63,13.8,22.86,2.49,14.51
20171021041120 ,GGDB,KS,HH,97.98,16.93,28.55,2.4,12.07
20171021041120 ,JJU2,KS,HH,52.22,9.88,16.11,2.8,4.72
20171021041120 ,CJD,KS,HH,44.08,8.71,14.16,2.32,11.39
20171021041120 ,GOS2,KS,HG,39.98,7.84,12.97,2.5,4.9
20171021041120 ,HALB,KS,HH,34.16,6.69,10.72,2.54,3.51
20171028171456 ,HANB,KS,HH,73.8,12.98,21.62,2.17,6.75
20171028171456 ,HWSB,KG,HH,77.25,13.73,22.73,2.24,6.43
20171028171456 ,BAU,KS,EL,83.09,14.56,24.45,2.17,32.37
20171028171456 ,HAD,KS,HG,86.61,15.3,25.44,2.48,15.37
20171028171456 ,YKDB,KS,HH,89.64,15.66,26.14,1.92,14.02
20171028171456 ,JDO,KS,EL,94.39,16.35,27.36,2.25,24.42
20171028171456 ,JRB,KG,HH,95.61,16.46,27.79,2.16,8.79
20171028171456 ,GRE,KG,EL,97.37,16.92,28.18,2.06,21.03
20171028171456 ,SCHA,KS,HG,70.64,12.51,20.67,2.05,9.81
20171028171456 ,GWYB,KS,HH,70.02,12.39,20.54,1.64,28.12
20171028171456 ,YOA,KS,EL,69.91,12.4,20.33,2.06,32.37
20171028171456 ,KOHB,KS,HH,27.87,5.42,8.53,2.16,7.91
20171028171456 ,GMDB,KS,HH,40.28,7.7,12.4,1.88,14.76
20171028171456 ,YNDB,KS,HH,43.81,8.25,13.37,1.8,18.42
20171028171456 ,CSDB,KS,HH,48.11,8.89,14.4,1.89,7.7
20171028171456 ,YESA,KS,HG,54.36,10.05,16.34,2.33,7.09
20171028171456 ,WAN2,KS,EL,59.54,10.7,17.67,2.2,27.24
20171028171456 ,BOSB,KS,HH,44.24,8.09,13.11,1.89,9.18
20171030020210 ,NPR,KG,HH,55.7,9.77,16.14,2.17,16.51
20171030020210 ,ECDB,KS,HH,56.94,10.12,16.57,1.73,30.74
20171030020210 ,JEO2,KS,HH,91.15,15.74,26.4,2.1,28.12
20171030020210 ,GUS,KS,HG,51.4,9.06,15.17,2.35,8.11
20171030020210 ,TANB,KS,HH,42.91,7.48,12.13,2.01,6.75
20171030020210 ,BUYB,KS,HH,43.96,7.73,12.8,1.87,10.82
20171030020210 ,OYDB,KS,HH,43.18,7.6,12.58,2.11,7.95
20171030020210 ,SES2,KS,HH,42.25,7.44,12.26,2.11,13.89
20171030020210 ,HSB,KG,HH,22.73,4.02,6.52,2.15,17.9
20171030020210 ,ANMA,KS,HG,21.31,3.91,6.13,2.5,1.91
20171030020210 ,PORA,KS,HG,15.85,2.98,4.84,2.23,8.97
20171030020210 ,YSAB,KS,HH,47.75,8.32,13.85,2.2,5.68
20171108003518 ,SGP2,KS,HH,37.62,7.1,12.17,2.65,3.33
20171108003518 ,GOS2,KS,EL,29.06,5.6,9.32,2.39,5.96
20171108003518 ,MRD,KG,HH,13.88,2.98,4.85,2.55,5.74
20171108085249 ,YKDB,KS,HH,65.28,12.12,19.88,2.06,12.46
20171108085249 ,SACA,KS,HG,69.57,12.85,21.33,2.05,7.93
20171108085249 ,HAD,KS,HG,74.18,13.51,22.49,1.9,32.37
20171108085249 ,DAG2,KS,HH,74.42,13.65,22.64,2.16,9.1
20171108085249 ,USN2,KS,EL,79.02,14.55,23.77,2.16,13.89
20171108085249 ,JRB,KG,HG,85.25,15.4,25.47,2.07,10.85
20171108085249 ,MKL,KG,HH,88.49,16.04,26.58,2.46,4.42
20171108085249 ,BBK,KG,EL,91.96,16.59,27.37,2.2,7.93
20171108085249 ,HDB,KG,HH,99.02,17.92,29.54,2.31,9.34
20171108085249 ,HAMB,KS,HH,85.1,15.24,25.62,2,7.91
20171108085249 ,YSB,KG,HH,58.49,11.04,17.79,2.31,5.96
20171108085249 ,MAK,KG,EL,60.81,11.38,18.49,1.88,32.37
20171108085249 ,MAS2,KS,EL,10.07,2.76,3.73,2.16,32.37
20171108085249 ,KUJA,KS,HG,31.91,6.37,10.02,1.25,32.37
20171108085249 ,KJM,KG,EL,38.06,7.36,11.69,1.79,32.37
20171108085249 ,GSU,KG,HH,44.07,8.87,14.18,2.05,6.08
20171108085249 ,JINA,KS,HG,49.3,9.73,15.59,1.9,8.97
20171108085249 ,HACA,KS,HG,50.63,10.32,16.55,2.05,6.85
20171108085249 ,CGD,KG,EL,56.1,10.76,17.48,2.2,8.3
20171109042942 ,BSA,KS,HG,73.52,12.88,21.58,2.4,12.07
20171109042942 ,CHR,KS,HG,67.14,11.72,19.83,2.31,16
20171109042942 ,GKP1,KG,HH,54.75,9.9,16.44,2.38,10.79
20171109042942 ,DAU,KS,HG,53.84,9.77,16.16,2.5,8.45
20171109042942 ,ADO2,KS,EL,77.01,13.11,22.14,2.3,21.21
20171109042942 ,BUS2,KS,HH,56.85,10.16,17.02,2.19,20.26
20171109042942 ,CIGB,KS,HH,79.59,13.48,23.05,2.65,3.96
20171109042942 ,EUSB,KS,HH,81.2,13.75,23.42,2.15,7.91
20171109042942 ,YODB,KS,HH,89.88,15.24,25.74,2.05,8.3
20171109042942 ,EURB,KS,HH,94.29,15.96,27.6,1.9,14.42
20171109042942 ,YEYB,KS,HH,97.97,16.53,28.09,2.47,3.3
20171109042942 ,PHA2,KS,EL,53.02,9.44,15.88,2.5,7.13
20171109042942 ,YOCB,KS,HH,34.1,6.49,10.76,2.31,13.89
20171109042942 ,CHS,KG,HH,49.57,8.69,14.63,2.35,8.16
20171109042942 ,MKL,KG,HH,11.75,3.24,5.2,1.73,17.19
20171109042942 ,USN2,KS,EL,12.42,3.49,5.61,2.31,8.84
20171109042942 ,HDB,KG,HH,22.47,4.68,7.49,2.45,11.86
20171109042942 ,DAG2,KS,HH,27.55,5.57,9.25,2.32,9.5
20171109042942 ,BBK,KG,EL,31.5,6.13,10.2,2.61,4.03
20171109042942 ,DKJ,KG,EL,24.86,4.95,8.25,2.32,10.24
20171109042942 ,YSB,KG,HH,34.04,6.61,10.82,2.4,5.18
20171109042942 ,CGD,KG,EL,35.82,6.85,11.36,2.19,15.77
20171109042942 ,HAK,KG,EL,36.54,6.9,11.5,2.52,4.56
20171109042942 ,MAK,KG,EL,43.62,8.06,13.39,2.31,9.1
20171111081851 ,IMSA,KS,HG,87.74,15.03,25.08,2.31,4.92
20171111081851 ,JEU2,KS,EL,87.68,14.87,25.19,2.17,24.77
20171111081851 ,MOP,KS,HG,99.24,16.91,28.81,2.6,7.91
20171111081851 ,HAMB,KS,HH,79.52,13.21,22.69,2.07,8.87
20171111081851 ,SACA,KS,HG,74.84,12.57,21.73,2.5,3.46
20171111081851 ,WAN2,KS,EL,85.8,14.8,25.25,2.55,25.28
20171111081851 ,HANB,KS,HH,88.15,15,25.48,2.5,5.41
20171111081851 ,CSDB,KS,HH,90.2,15.21,25.96,2.24,5.78
20171111081851 ,GMDB,KS,HH,90.59,15.33,26.14,2.25,8.23
20171111081851 ,EURB,KS,HH,93.11,15.75,26.77,2.2,5.16
20171111081851 ,MUN,KG,EL,95.1,16.32,27.57,2.54,5.71
20171111081851 ,KCH2,KS,EL,96.01,15.67,27.28,2.46,10.48
20171111081851 ,GOCB,KS,HH,97.16,16.42,28.01,2.26,7.91
20171111081851 ,GSU,KG,HH,68.57,11.92,20.15,1.9,6.93
20171111081851 ,KWJ2,KS,HH,56.5,10.1,16.89,2.2,17.95
20171111081851 ,YOA,KS,EL,67.34,11.88,19.89,2.41,30.74
20171111081851 ,GWYB,KS,HH,26.05,5.44,8.89,2.3,3.73
20171111081851 ,BOSB,KS,HH,26.14,5.41,8.92,2.23,4.36
20171111081851 ,KOHB,KS,HH,31.45,6.22,10.38,2.12,9.31
20171111081851 ,BAU,KS,EL,33.25,6.47,10.79,2.14,18.42
20171111081851 ,HAD,KS,HG,40.08,7.57,12.65,2.36,10.1
20171111081851 ,JRB,KG,HG,45.41,8.17,13.83,2.35,4.41
20171111081851 ,YESA,KS,HG,29.72,6.08,10.05,2.5,3.46
20171111081851 ,YNDB,KS,HH,55.86,10.03,16.77,1.94,10.48
20171111081851 ,KWJU,KS,HH,56.5,10.12,16.91,1.89,32.37
20171111081851 ,NAJ,KS,HG,62.26,11.14,18.7,2.67,12.56
20171111081851 ,SUCA,KS,HG,66.81,11.65,19.58,2.2,6.89
20171111081851 ,GWJ,KS,HG,64.48,11.39,19.03,2.39,13.62
20171111081851 ,JAHA,KS,HG,65.2,9.66,16.1,2.32,7.42
20171111081851 ,NAWB,KS,HH,65.52,11.35,19.06,2.65,3.96
20171111081851 ,GRE,KG,EL,47.55,8.53,14.36,2.1,14.14
20171115052232 ,MAK,KG,EL,84.61,14.62,26.01,2.57,7.91
20171115052232 ,ADOA,KS,HG,78.96,14.11,23.59,2.7,3.05
20171115052232 ,CGD,KG,EL,73.62,12.84,21.54,2.55,7.03
20171115052232 ,GKP1,KG,HH,72.87,12.98,21.41,2.5,9.4
20171115052232 ,ULJ2,KS,HH,66.59,11.88,20.02,2.35,5.95
20171115052232 ,YEYB,KS,HH,62.95,11.35,19.05,2.5,3.15
20171115052232 ,DAG2,KS,HH,57.28,10.31,17.09,2.57,5.96
20171115052232 ,YODB,KS,HH,48.22,8.92,14.76,2.52,3.59
20171115052232 ,HAK,KG,EL,26.09,4.94,8.15,2.65,4.56
20171115052232 ,CHS,KG,HH,27.59,5.43,8.84,2.4,7.49
20171115052232 ,DKJ,KG,EL,30.66,5.82,9.53,2.45,6.34
20171115052232 ,ADO2,KS,EL,50.88,9.29,15.58,2.35,16.42
20171115052232 ,HDB,KG,HH,43.42,7.86,13.22,2.6,6.87
20171115052232 ,MKL,KG,HH,44.64,8.06,13.52,2.44,4.15
20171115052232 ,YOCB,KS,HH,40.93,7.57,12.59,2.45,7.68
20171115052244 ,DAG2,KS,HH,51.81,9.71,16.41,3.1,2.7
20171115052244 ,YODB,KS,HH,52.05,8.24,14.11,2.95,2.61
20171115052244 ,BBK,KG,EL,57.53,10,17.26,3.1,2.97
20171115052244 ,YEYB,KS,HH,64.47,10.69,18.41,2.95,2.42
20171115052244 ,GKP1,KG,HH,67.57,12.44,20.82,3.04,4.86
20171115052244 ,EUSB,KS,HH,64.58,11.32,19.38,2.94,2.9
20171115052244 ,CGD,KG,EL,68.25,12.29,20.87,3.1,2.77
20171115052244 ,ULJ2,KS,HH,70.3,11.3,19.34,2.84,4.07
20171115052244 ,JEJB,KS,HH,51.44,9.08,15.59,2.2,18.9
20171115052244 ,ADOA,KS,HG,77.96,13.6,22.91,2.8,4.17
20171115052244 ,MIYA,KS,HG,83.53,14.92,25.33,2.8,4.19
20171115052244 ,YSB,KG,HH,71.69,12.64,21.7,2.2,11.07
20171115052244 ,ADO2,KS,EL,50.12,8.66,14.91,2.8,9.98
20171115052244 ,PHA2,KS,EL,16.94,2.11,3.69,3.22,4.81
20171115052244 ,CHS,KG,HH,25,4.78,8.16,2.88,3.91
20171115052244 ,DKJ,KG,EL,25.44,5.18,8.87,2.2,15.23
20171115052244 ,HAK,KG,EL,26.32,4.29,7.52,2.5,12.38
20171115052244 ,YOCB,KS,HH,35.73,6.91,11.9,2.5,12.03
20171115052244 ,MKL,KG,HH,40.6,7.41,12.87,1.9,17.24
20171115052244 ,HDB,KG,HH,40.86,6.86,12.55,2.98,4.99
20171115052244 ,CSO,KS,HG,41.56,7.18,12.43,2.65,16.9
20171115052244 ,USN2,KS,HG,46.26,8.52,14.73,2.9,4.72
20171115052931 ,CHS,KG,HH,28.39,5.53,9.71,5.67,0.3
20171115052931 ,DKJ,KG,EL,31.33,5.96,10.02,5.59,0.39
20171115052931 ,MKL,KG,HH,44.86,8.2,14.01,5.49,0.27
20171115052931 ,YOCB,KS,HH,41.74,7.67,13.07,5.61,0.37
20171115052931 ,HAK,KG,EL,25.66,5.12,8.64,5.7,0.36
20171115052931 ,DAG2,KS,HH,57.94,10.54,17.54,5.67,0.39
20171115052931 ,DAU,KS,HG,72.85,12.93,21.9,5.59,0.52
20171115053259 ,MAK,KG,EL,83.53,15.01,24.86,3.05,11.66
20171115053259 ,HDB,KG,HH,42.34,8.29,13.62,3.55,3.92
20171115053259 ,YOCB,KS,HH,40.54,7.99,12.87,3.61,3.91
20171115053259 ,DKJ,KG,EL,30.02,6.22,9.75,3.7,2.7
20171115053259 ,PHA2,KS,EL,14.39,3.44,5.1,3.7,2.81
20171115053259 ,MKL,KG,HH,43.6,8.52,13.79,3.25,3.56
20171115053259 ,USN2,KS,EL,50.03,9.61,15.6,4,6.43
20171115053259 ,ADO2,KS,EL,51.62,9.88,16.11,3.55,5.41
20171115053259 ,EUSB,KS,HG,67.54,12.51,20.48,3.55,2.28
20171115053259 ,DAU,KS,HG,71.64,13.13,21.6,3.55,5.55
20171115054600 ,EUSB,KS,HH,69.09,12.48,20.68,1.6,16.23
20171115054600 ,ULJ2,KS,HH,65.37,12.02,19.86,2.2,8.16
20171115054600 ,YEYB,KS,HH,63.06,11.8,19.19,2.17,5.96
20171115054600 ,DAG2,KS,HH,60,10.78,18.18,2.31,7.91
20171115054600 ,CGD,KG,EL,76.19,13.65,22.39,2.27,6.87
20171115054600 ,USN2,KS,HG,53.17,9.95,16.34,2.29,12.07
20171115054600 ,MKL,KG,HH,46.39,8.82,14.52,2.19,5.22
20171115054600 ,HDB,KG,HH,44.35,8.53,14.01,2.4,13.89
20171115054600 ,YOCB,KS,HG,43.76,8.17,13.45,2.05,7.13
20171115054600 ,DKJ,KG,EL,33.34,6.54,10.47,2.3,7.77
20171115054600 ,CHS,KG,HH,29.73,5.96,9.39,2.23,5.78
20171115054600 ,HAK,KG,HG,25.78,5.51,8.85,2.71,2.77
20171115054600 ,YODB,KS,HH,46.96,9.01,14.68,2.2,4.64
20171115054600 ,PHA2,KS,EL,12.98,2.91,4.26,2.59,9
20171115054600 ,ADO2,KS,EL,52.18,9.66,15.92,2.22,32.37
20171115055005 ,CIGB,KS,HG,88.98,15.47,25.95,2.95,2.12
20171115055005 ,ADOA,KS,HG,79.68,13.95,23.63,2.77,3.46
20171115055005 ,CGD,KG,EL,72.78,12.68,21.11,2.05,20.2
20171115055005 ,GKP1,KG,HH,72.5,12.65,21.3,2.73,7.91
20171115055005 ,GUWB,KS,HH,70.36,12.31,20.86,2.71,2.98
20171115055005 ,ULJ2,KS,HH,67.69,12.08,20.17,2.5,4.78
20171115055005 ,EUSB,KS,HH,67.54,11.94,20.11,2.8,3.19
20171115055005 ,YEYB,KS,HH,63.96,11.36,19.25,2.85,2.56
20171115055005 ,BBK,KG,EL,58.98,10.43,17.59,2.82,3.49
20171115055005 ,PHA2,KS,EL,14.39,2.76,4.45,2.6,8.25
20171115055005 ,HAK,KG,EL,25.24,4.67,7.83,2.79,4.67
20171115055005 ,CHS,KG,HH,27.93,5.35,8.79,2.69,5.58
20171115055005 ,DKJ,KG,EL,30.02,5.59,9.2,2.64,6.65
20171115055005 ,YOCB,KS,HH,40.54,7.39,12.38,2.56,8.04
20171115055005 ,CSO,KS,HG,42.25,7.69,13.16,2.42,28.2
20171115055005 ,HDB,KG,HH,42.34,7.67,12.8,2.69,7.19
20171115055005 ,DAG2,KS,HH,56.56,10.11,16.83,2.76,4.5
20171115055005 ,JEJB,KS,HG,52.75,9.45,15.88,2.35,4.17
20171115055005 ,YODB,KS,HH,49.3,8.94,15,1.9,9.34
20171115055005 ,MKL,KG,HH,43.6,7.83,13.18,2.36,5.44
20171115055005 ,ADO2,KS,EL,51.62,9.31,15.69,2.7,18.42
20171115055255 ,CGD,KG,EL,73.05,13.13,21.71,2.46,4.5
20171115055255 ,EUSB,KS,HH,66.27,12.35,19.92,1.75,14.02
20171115055255 ,YEYB,KS,HH,62.61,11.3,19.41,2.18,4.72
20171115055255 ,DAG2,KS,HH,56.63,10.43,17.3,2.35,6.02
20171115055255 ,PHA2,KS,EL,13.72,3.13,4.73,2.39,9.92
20171115055255 ,HAK,KG,EL,26.55,5.3,8.5,2.55,5.45
20171115055255 ,CHS,KG,HH,26.79,5.42,8.74,2.17,6.79
20171115055255 ,DKJ,KG,EL,30.01,6,9.7,2.32,8.02
20171115055255 ,YOCB,KS,HH,40.12,7.69,12.66,2.17,15.46
20171115055255 ,HDB,KG,HH,43.5,8.19,13.5,2.21,12.1
20171115055255 ,USN2,KS,HG,50.64,9.45,15.61,2.19,10.33
20171115055255 ,ADO2,KS,EL,50.24,9.67,15.9,2.2,28.36
20171115055632 ,YSB,KG,HH,74.89,13.05,21.89,3.09,2.97
20171115055632 ,GUWB,KS,HH,69.48,12.03,20.37,3.25,2.09
20171115055632 ,CGD,KG,EL,72.2,12.55,21.02,3.18,3.91
20171115055632 ,ADOA,KS,HG,79.02,13.75,23.14,3.25,3.36
20171115055632 ,MIYA,KS,HG,87.49,15.16,25.5,3.27,2.99
20171115055632 ,CIGB,KS,HH,88.09,15.16,25.64,1.75,14.85
20171115055632 ,UJN,KS,HG,99.64,17.2,28.83,3.22,5.76
20171115055632 ,MAK,KG,EL,83.36,14.34,24.16,2.9,5.96
20171115055632 ,ULJ2,KS,HH,67.75,11.79,19.87,3.01,4.5
20171115055632 ,EUSB,KS,HH,66.74,11.63,19.54,3.25,2.72
20171115055632 ,PHA2,KS,EL,14.48,2.74,4.36,3.25,3.76
20171115055632 ,HAK,KG,EL,25.71,4.65,8.13,3.42,2.71
20171115055632 ,CHS,KG,HH,27.14,5.1,8.34,3.02,5.24
20171115055632 ,DKJ,KG,EL,29.35,5.52,9.01,3.2,5.18
20171115055632 ,YOCB,KS,HG,39.72,7.22,12.13,3.34,2.22
20171115055632 ,CSO,KS,HG,41.72,7.56,12.62,2.92,10.48
20171115055632 ,HDB,KG,HH,42.43,7.76,12.87,2.95,6.89
20171115055632 ,YEYB,KS,HH,63.63,11.14,18.79,3.25,2.26
20171115055632 ,MKL,KG,HH,43.39,7.82,13.12,2.91,4.7
20171115055632 ,DAG2,KS,HH,55.89,9.94,16.63,3.31,2.95
20171115055632 ,USN2,KS,EL,49.65,8.93,14.95,2.05,18.05
20171115055632 ,YODB,KS,HH,49.39,8.91,14.67,3.04,2.95
20171115055632 ,ADO2,KS,EL,50.98,9.09,15.15,3.2,6.87
20171115055819 ,CGD,KG,EL,75.03,13.47,22.16,3.25,3.23
20171115055819 ,EUSB,KS,HH,67.45,12.49,20.52,3.25,2.05
20171115055819 ,GKP1,KG,HH,74.08,13.47,22.17,3.26,2.48
20171115055819 ,HDB,KG,HH,44.43,8.41,13.84,3.01,5.96
20171115055819 ,ADOA,KS,HG,78.92,14.55,23.97,3.04,3.37
20171115055819 ,MAK,KG,EL,85.87,15.16,25.3,3.04,4.35
20171115055819 ,CIGB,KS,HG,90.05,16.09,26.9,3.1,2.76
20171115055819 ,MIYA,KS,HG,90.33,16.16,26.72,3.1,3.06
20171115055819 ,ULJ2,KS,HH,65.44,12.15,20.24,2.95,4.15
20171115055819 ,YSB,KG,HH,77.56,13.9,23.07,3.25,1.63
20171115055819 ,CSO,KS,HG,41.14,8.18,13.37,2.8,12.89
20171115055819 ,PHA2,KS,EL,12.86,3.08,4.59,3.24,6.77
20171115055819 ,HAK,KG,EL,26.55,5.44,8.74,3.58,2.27
20171115055819 ,CHS,KG,HH,28.1,5.92,9.31,3.07,3.54
20171115055819 ,DKJ,KG,EL,31.99,6.43,10.24,3.17,3.34
20171115055819 ,YEYB,KS,HH,62.3,11.67,19.37,3.07,2.91
20171115055819 ,YOCB,KS,HH,42.14,8.13,13.25,3.25,2.63
20171115055819 ,YODB,KS,HG,47.06,9.16,15,3.25,2.18
20171115055819 ,BBK,KG,EL,61.06,11.17,18.5,3.11,3.38
20171115055819 ,MKL,KG,HH,45.91,8.68,14.21,2.82,3.61
20171115055819 ,DAG2,KS,HH,58.67,10.9,17.81,3.35,2.5
20171115055819 ,ADO2,KS,EL,50.82,9.71,16,3.01,10.48
20171115055819 ,USN2,KS,HG,52.38,9.79,16.08,3.24,3.17
20171115060054 ,GUWB,KS,HH,69.34,12.06,19.92,3.25,1.76
20171115060054 ,DAU,KS,HG,71.18,12.34,20.75,3.19,5.18
20171115060054 ,GKP1,KG,HH,72.03,12.52,20.94,3.13,5.78
20171115060054 ,CGD,KG,EL,73.05,12.52,20.9,3.12,4.56
20171115060054 ,ADOA,KS,HG,78.29,13.75,23.19,3.37,2.23
20171115060054 ,MAK,KG,EL,84.44,14.22,24.06,3.22,3.08
20171115060054 ,CIGB,KS,HG,88.17,15.22,25.67,3.19,2.86
20171115060054 ,MIYA,KS,HG,88.34,15.22,25.4,3.3,3.07
20171115060054 ,YSB,KG,HH,75.93,12.92,21.78,3.25,2.2
20171115060054 ,ULJ2,KS,HH,66.66,11.68,19.89,3.23,2.24
20171115060054 ,DAG2,KS,HH,56.63,9.91,16.6,3.28,3.33
20171115060054 ,HDB,KG,HH,43.5,7.65,12.75,3.23,4.81
20171115060054 ,CSO,KS,HG,40.87,7.56,12.67,3.1,6.26
20171115060054 ,YOCB,KS,HH,40.12,7.22,12.1,3.39,2.8
20171115060054 ,CHS,KG,HH,26.79,5.12,8.45,3.26,2.89
20171115060054 ,EUSB,KS,HH,66.27,11.61,19.65,3.24,2.66
20171115060054 ,HAK,KG,EL,26.55,4.7,7.88,3.69,1.87
20171115060054 ,DKJ,KG,EL,30.01,5.47,8.98,3.26,3.92
20171115060054 ,MKL,KG,HH,44.44,7.72,13.07,3.1,2.96
20171115060054 ,PHA2,KS,EL,13.72,2.63,4.28,3.44,2.22
20171115060054 ,BBK,KG,EL,60.17,10.27,17.39,3.25,2.24
20171115060054 ,JEJB,KS,HG,53.96,7.99,15.74,1.9,13.62
20171115060054 ,USN2,KS,HG,50.64,8.83,14.71,3.3,3.39
20171115060054 ,ADO2,KS,EL,50.24,9.06,15.27,3.35,5.18
20171115060054 ,YODB,KS,HH,48.31,8.66,14.66,3.35,1.34
20171115060949 ,DAU,KS,HG,69.6,12.66,20.88,3.88,2.68
20171115060949 ,GKP1,KG,HH,70.46,12.81,20.99,3.86,2.6
20171115060949 ,CGD,KG,EL,70.79,12.71,20.88,3.7,2.66
20171115060949 ,ULJ2,KS,HH,68.92,12.53,20.95,3.54,1.75
20171115060949 ,ADOA,KS,HG,79.11,14.31,23.87,3.73,1.96
20171115060949 ,MAK,KG,EL,82.11,14.51,24.22,3.55,3.48
20171115060949 ,MIYA,KS,HG,86.07,15.3,25.45,3.66,2.22
20171115060949 ,CIGB,KS,HG,87.12,15.54,25.7,3.68,2.24
20171115060949 ,CHR,KS,HG,98.22,17.21,28.75,3.6,5.71
20171115060949 ,YSB,KG,HH,73.56,13.21,22.01,3.87,0.94
20171115060949 ,GUWB,KS,HH,68.75,12.46,20.73,3.82,1.26
20171115060949 ,EUSB,KS,HH,66.43,12.1,20.11,3.7,1.71
20171115060949 ,PHA2,KS,EL,15.43,3.43,5.34,3.7,2.18
20171115060949 ,HAK,KG,EL,25.4,5.17,8.41,3.83,1.75
20171115060949 ,CHS,KG,HH,26.76,5.58,8.81,3.72,2.18
20171115060949 ,DKJ,KG,EL,28.05,5.68,9.03,3.78,2.46
20171115060949 ,YOCB,KS,HH,38.54,7.49,12.17,3.8,2.32
20171115060949 ,HDB,KG,HH,41.47,7.87,12.96,3.7,2.41
20171115060949 ,MKL,KG,HH,42.14,8,13.12,3.52,2.1
20171115060949 ,CSO,KS,HG,42.08,8.13,13.39,3.43,4.79
20171115060949 ,USN2,KS,HG,48.3,9.06,14.82,3.8,1.93
20171115060949 ,YEYB,KS,HH,64.32,11.85,19.73,3.7,1.14
20171115060949 ,DAG2,KS,HH,54.5,10.14,16.61,3.84,2.02
20171115060949 ,BBK,KG,EL,58.13,10.71,17.77,3.7,2.1
20171115060949 ,JEJB,KS,HG,51.95,9.74,16.03,3.79,1.21
20171115060949 ,ADO2,KS,EL,51.12,9.66,15.93,3.63,4.5
20171115060949 ,YODB,KS,HH,50.57,9.52,15.74,3.78,0.89
20171115061459 ,CGD,KG,EL,73.05,12.84,21.22,2.76,5.15
20171115061459 ,ULJ2,KS,HH,66.66,12.05,20.35,2.8,3.72
20171115061459 ,GUWB,KS,HH,69.34,12.37,20.74,2.8,2.22
20171115061459 ,GKP1,KG,HH,72.03,12.82,21.22,2.77,5.22
20171115061459 ,EUSB,KS,HH,66.27,12,19.93,2.95,2.23
20171115061459 ,YSB,KG,HH,75.93,13.28,22.15,2.8,2.84
20171115061459 ,ADOA,KS,HG,78.29,13.96,23.55,2.95,3.13
20171115061459 ,MAK,KG,EL,84.44,14.55,24.41,2.76,4.2
20171115061459 ,HAK,KG,EL,26.55,5.02,8.28,3.37,2.15
20171115061459 ,PHA2,KS,EL,13.72,2.99,4.65,3,2.98
20171115061459 ,YEYB,KS,HH,62.61,11.45,19.21,3.07,1.71
20171115061459 ,DKJ,KG,EL,30.01,5.71,9.23,2.9,3.39
20171115061459 ,YOCB,KS,HH,40.12,7.48,12.37,2.61,6.56
20171115061459 ,CSO,KS,HG,40.87,7.86,13.04,2.64,17.19
20171115061459 ,HDB,KG,HH,43.5,7.85,13.08,3.01,3.91
20171115061459 ,CHS,KG,HH,26.79,5.42,8.71,2.75,5.06
20171115061459 ,MKL,KG,HH,44.44,8.03,13.28,2.65,4.19
20171115061459 ,YODB,KS,HH,48.31,9.07,15.05,2.95,1.57
20171115061459 ,ADO2,KS,EL,50.24,9.42,15.57,2.89,7.91
20171115061459 ,USN2,KS,HG,50.64,9.13,15.14,2.9,3.91
20171115061459 ,DAG2,KS,HH,56.63,10.17,16.87,2.91,4.1
20171115061946 ,ADOA,KS,HG,78.22,14.25,23.6,2.65,4.1
20171115061946 ,GKP1,KG,HH,75.71,13.71,22.43,2.65,7.66
20171115061946 ,YSB,KG,HH,79.94,14.32,23.72,1.9,14.26
20171115061946 ,CGD,KG,EL,77.3,13.84,22.84,2.52,8.23
20171115061946 ,MAK,KG,EL,88.21,15.58,26.01,2.5,8.82
20171115061946 ,UJN,KS,HG,95.11,16.96,28.64,2.92,5.13
20171115061946 ,CHYB,KS,HH,98.97,17.53,29.26,2.93,2.75
20171115061946 ,DAU,KS,HG,74.87,13.61,22.34,2.74,7.91
20171115061946 ,GUWB,KS,HH,71.69,12.97,21.52,2.47,4.56
20171115061946 ,YODB,KS,HH,44.84,8.71,14.21,2.65,2.66
20171115061946 ,YOCB,KS,HH,43.81,8.39,13.67,2.54,10.48
20171115061946 ,EUSB,KS,HH,67.44,12.3,20.38,2.45,6.41
20171115061946 ,DKJ,KG,EL,34.01,6.74,10.78,2.65,6.61
20171115061946 ,CHS,KG,HH,28.47,5.9,9.3,2.63,4.86
20171115061946 ,HAK,KG,EL,28,5.82,9.3,3.06,2.8
20171115061946 ,PHA2,KS,EL,11.63,2.72,3.92,2.79,5.57
20171115061946 ,HDB,KG,HH,46.54,8.82,14.51,2.76,6.87
20171115061946 ,MKL,KG,HH,48.23,9.11,14.9,2.35,5.44
20171115061946 ,ULJ2,KS,HH,63.21,11.71,19.38,2.64,3.96
20171115061946 ,DAG2,KS,HH,60.81,11.22,18.42,2.77,6.12
20171115061946 ,BBK,KG,EL,63.16,11.57,19.15,2.73,4.45
20171115061946 ,JEJB,KS,HG,56.87,10.61,17.5,1.75,9.81
20171115061946 ,USN2,KS,HG,54.72,10.21,16.74,2.59,7.64
20171115061946 ,ADO2,KS,EL,50.13,9.46,15.59,2.4,24.42
20171115061946 ,YEYB,KS,HH,60.7,11.33,18.74,2.71,3.1
20171115062350 ,GKP1,KG,HH,71.3,13.01,21.44,3.1,4.93
20171115062350 ,EUSB,KS,HH,67.22,12.28,20.43,2.92,3.4
20171115062350 ,GUWB,KS,HH,69.64,12.68,21.04,3.1,2.13
20171115062350 ,CGD,KG,EL,71.36,12.95,21.26,3.22,3.19
20171115062350 ,YSB,KG,HH,73.85,13.35,22.12,3.1,1.9
20171115062350 ,ADOA,KS,HG,79.76,14.41,24.09,3.05,3.13
20171115062350 ,MAK,KG,EL,82.28,14.66,24.48,2.93,4.3
20171115062350 ,MIYA,KS,HG,86.64,15.52,25.8,3.12,3.44
20171115062350 ,CIGB,KS,HG,88.02,15.75,26.09,3.1,2.69
20171115062350 ,CHR,KS,HG,98.93,17.44,29.1,3.1,7.21
20171115062350 ,PHA2,KS,EL,15.29,3.36,5.12,3.28,2.26
20171115062350 ,HAK,KG,EL,24.89,5.15,8.3,3.37,2.67
20171115062350 ,CHS,KG,HH,27.53,5.7,9.06,3.08,2.83
20171115062350 ,DKJ,KG,EL,28.72,5.84,9.3,3.06,3.91
20171115062350 ,YEYB,KS,HH,64.64,11.91,19.79,3.06,2.1
20171115062350 ,YOCB,KS,HH,39.36,7.66,12.51,2.99,4.66
20171115062350 ,HDB,KG,HH,41.36,7.92,13.06,3.04,5.18
20171115062350 ,CSO,KS,HG,42.59,8.23,13.57,2.67,14.06
20171115062350 ,MKL,KG,HH,42.34,8.12,13.3,2.9,3.39
20171115062350 ,BBK,KG,EL,58.01,10.69,17.9,3.1,2.7
20171115062350 ,DAG2,KS,HH,55.17,10.31,16.93,3.2,3.56
20171115062350 ,JEJB,KS,HH,51.8,9.84,16.32,2.5,12.46
20171115062350 ,ADO2,KS,EL,51.75,9.75,16.08,2.89,9.1
20171115062350 ,YODB,KS,HH,50.47,9.53,15.68,2.95,1.99
20171115062350 ,USN2,KS,HG,48.67,9.22,15.19,2.95,5.05
20171115063619 ,ULJ2,KS,HH,69,12.39,20.92,2.4,9.1
20171115063619 ,GKP1,KG,HH,69.62,12.59,20.8,2.5,12.03
20171115063619 ,CGD,KG,EL,70.22,12.5,20.7,2.63,6.19
20171115063619 ,EUSB,KS,HH,65.64,11.97,19.91,2.6,4.45
20171115063619 ,ADOA,KS,HG,78.46,14.22,23.74,2.85,4.31
20171115063619 ,MAK,KG,EL,81.96,14.31,23.94,2.62,5.66
20171115063619 ,MIYA,KS,HG,85.5,15.28,25.18,2.8,3.96
20171115063619 ,CHR,KS,HG,97.52,17.03,28.5,2.77,10.3
20171115063619 ,YSB,KG,HH,73.28,13.01,21.66,2.6,4.32
20171115063619 ,YEYB,KS,HH,64.01,11.7,19.63,2.59,4.2
20171115063619 ,BBK,KG,EL,58.27,10.39,17.83,2.65,4.64
20171115063619 ,HDB,KG,HH,41.6,7.61,12.81,2.5,12.1
20171115063619 ,CSO,KS,HG,41.59,8.15,13.25,2.53,24.42
20171115063619 ,YOCB,KS,HH,37.72,7.26,11.93,2.46,9.1
20171115063619 ,DKJ,KG,EL,27.38,5.45,8.71,2.7,5.27
20171115063619 ,CHS,KG,HH,26.01,5.39,8.62,2.71,3.91
20171115063619 ,HAK,KG,EL,25.93,4.97,8.13,2.95,3.87
20171115063619 ,PHA2,KS,EL,15.62,3.31,5.19,2.71,9.59
20171115063619 ,DAG2,KS,HH,53.85,9.92,16.35,2.72,7.07
20171115063619 ,YODB,KS,HH,50.69,9.41,15.68,2.77,2.56
20171115063619 ,ADO2,KS,EL,50.51,9.49,15.74,2.65,15.32
20171115063619 ,USN2,KS,HG,47.94,8.85,14.63,2.66,7.57
20171115063619 ,MKL,KG,HH,41.96,7.77,12.84,2.38,6.39
20171115065500 ,GKP1,KG,HH,74.08,13.07,21.87,2.35,12.53
20171115065500 ,CGD,KG,EL,75.03,13.1,21.75,2.6,5.96
20171115065500 ,PHA2,KS,EL,12.86,2.67,4.17,2.63,6.45
20171115065500 ,HAK,KG,EL,26.55,5.02,8.28,2.8,3.15
20171115065500 ,GUWB,KS,HH,70.99,12.57,21.06,2.54,3.57
20171115065500 ,EUSB,KS,HH,67.45,12.09,20.2,2.71,3.39
20171115065500 ,CHS,KG,HH,28.1,5.53,8.95,2.52,5.22
20171115065500 ,DKJ,KG,EL,31.99,6.03,9.84,2.56,5.21
20171115065500 ,YOCB,KS,HH,42.14,7.74,12.93,2.5,8.72
20171115065500 ,HDB,KG,HH,44.43,8.1,13.44,2.46,10.48
20171115065500 ,MKL,KG,HH,45.91,8.3,13.78,2.35,5.5
20171115065500 ,YODB,KS,HG,47.06,8.82,14.61,2.5,3.21
20171115065500 ,ADO2,KS,EL,50.82,9.33,15.61,2.6,10.36
20171115065500 ,USN2,KS,HG,52.38,9.46,15.73,2.38,12.71
20171115065500 ,DAG2,KS,HH,58.67,10.49,17.44,2.64,5.22
20171115065500 ,BBK,KG,EL,61.06,10.84,18.24,1.9,13.01
20171115065500 ,YEYB,KS,HH,62.3,11.39,18.98,2.55,3.09
20171115071100 ,GKP1,KG,HH,73.65,13.86,22.57,3.1,7.29
20171115071100 ,CGD,KG,EL,75.32,14.03,22.88,3.13,5.02
20171115071100 ,ADOA,KS,HG,77.53,14.38,23.83,3.05,5.09
20171115071100 ,YSB,KG,HH,78.3,14.58,23.86,3.1,2.81
20171115071100 ,MAK,KG,EL,86.78,15.81,26.17,2.85,7.07
20171115071100 ,MIYA,KS,HG,90.63,16.64,27.36,3.15,3.39
20171115071100 ,UJN,KS,HG,96.28,17.39,28.84,3.2,5.96
20171115071100 ,CHYB,KS,HH,99.24,17.87,29.6,3.52,1.75
20171115071100 ,EUSB,KS,HH,66.2,12.53,20.66,3.07,4.35
20171115071100 ,ADO2,KS,EL,49.45,9.74,15.84,3.09,13.93
20171115071100 ,PHA2,KS,EL,12.23,3.1,4.37,3.21,5.18
20171115071100 ,CHS,KG,HH,27.03,6.13,9.48,3.22,4.56
20171115071100 ,HAK,KG,EL,27.86,6.08,9.57,3.37,2.63
20171115071100 ,YEYB,KS,HH,60.94,11.63,19.09,3.1,3.54
20171115071100 ,DKJ,KG,EL,32.02,6.92,10.82,3.28,3.76
20171115071100 ,CSO,KS,HG,39.75,8.18,13.14,2.92,12.53
20171115071100 ,YOCB,KS,HH,41.77,8.57,13.76,3.12,5.65
20171115071100 ,HDB,KG,HH,45.57,9.03,14.68,2.92,9.1
20171115071100 ,JEJB,KS,HH,55.99,10.88,17.7,2.93,5.13
20171115071100 ,USN2,KS,HG,52.99,10.41,16.83,3.13,4.63
20171115071100 ,MKL,KG,HH,46.75,9.29,15.09,2.79,4.75
20171115071100 ,YODB,KS,HH,46.06,9.1,14.64,3.23,1.98
20171115071100 ,DAG2,KS,HH,58.77,11.4,18.5,3.33,5.18
20171115071617 ,ULJ2,KS,HH,68.84,11.73,20.17,2.67,5.08
20171115071617 ,GUWB,KS,HH,69.64,11.89,20.37,2.89,2.56
20171115071617 ,GKP1,KG,HH,71.3,12.3,20.69,2.9,5.96
20171115071617 ,CGD,KG,EL,71.36,12.14,20.59,2.92,4.42
20171115071617 ,CIGB,KS,HG,88.02,15,25.42,2.95,2.66
20171115071617 ,ADOA,KS,HG,79.76,13.67,23.34,2.8,4.31
20171115071617 ,MAK,KG,EL,82.28,13.94,23.73,2.71,5.42
20171115071617 ,CHR,KS,HG,98.93,16.82,28.37,2.88,9.05
20171115071617 ,YSB,KG,HH,73.85,12.62,21.46,2.8,2.73
20171115071617 ,EUSB,KS,HH,67.22,11.52,19.66,2.65,3.48
20171115071617 ,YODB,KS,HH,50.47,8.74,14.9,2.8,2.9
20171115071617 ,YEYB,KS,HH,64.64,11.15,19.01,3,2.12
20171115071617 ,PHA2,KS,EL,15.29,2.42,4.38,3.05,4.5
20171115071617 ,HAK,KG,EL,24.89,4.38,7.51,3.16,2.95
20171115071617 ,CHS,KG,HH,27.53,4.96,8.32,2.68,5.18
20171115071617 ,DKJ,KG,EL,28.72,4.94,8.6,2.84,4.16
20171115071617 ,YOCB,KS,HH,39.36,6.92,11.77,2.68,6.73
20171115071617 ,HDB,KG,HH,41.36,7.17,12.37,2.87,6.03
20171115071617 ,BBK,KG,EL,58.01,9.96,17.16,2.95,2.55
20171115071617 ,DAG2,KS,HH,55.17,9.62,16.21,2.95,4.41
20171115071617 ,JEJB,KS,HG,51.8,8.99,15.49,2.5,3.63
20171115071617 ,ADO2,KS,EL,51.75,8.98,15.33,2.67,13.16
20171115071617 ,USN2,KS,HG,48.67,8.47,14.33,2.71,6.35
20171115071617 ,CSO,KS,HG,42.59,7.47,12.8,2.49,25.94
20171115071617 ,MKL,KG,HH,42.34,7.38,12.57,2.58,3.35
20171115071836 ,CGD,KG,EL,76.18,12.82,21.69,2.38,7.91
20171115071836 ,PHA2,KS,EL,11.64,1.83,3.08,2.66,5.65
20171115071836 ,GUWB,KS,HH,69.91,11.94,20.43,1.89,12.03
20171115071836 ,GKP1,KG,HH,74.06,12.75,21.37,2.43,6.87
20171115071836 ,CHYB,KS,HH,98.23,16.58,28.34,2.5,3.36
20171115071836 ,MAK,KG,EL,87.86,14.58,24.95,2.05,20.91
20171115071836 ,BBK,KG,EL,63.33,10.57,18.11,2.5,4.15
20171115071836 ,CHS,KG,HH,26.82,4.88,8.26,2.06,13.7
20171115071836 ,DKJ,KG,EL,32.74,5.69,9.69,2.38,8.09
20171115071836 ,YOCB,KS,HH,42.23,7.3,12.53,2.2,12.03
20171115071836 ,YODB,KS,HH,44.98,7.89,13.36,1.9,7.84
20171115071836 ,HAK,KG,EL,28.76,4.81,8.35,2.35,8.21
20171115071836 ,EUSB,KS,HH,65.78,11.31,19.41,2.05,8.57
20171115071836 ,ULJ2,KS,HH,63.31,10.9,18.52,2.1,9.1
20171115071836 ,DAG2,KS,HH,59.53,10.19,17.28,2.43,6.87
20171115071836 ,YEYB,KS,HH,59.94,10.39,17.79,1.86,13.58
20171115071836 ,ADO2,KS,EL,48.75,8.49,14.6,2.1,32.37
20171115071836 ,MKL,KG,HH,47.8,8.06,13.88,1.87,12.6
20171115071836 ,HDB,KG,HH,46.65,7.81,13.46,2.42,10.54
20171115071836 ,USN2,KS,HG,53.98,9.18,15.6,2.31,11.53
20171115074930 ,CGD,KG,EL,74.47,12.8,21.46,4.68,0.79
20171115074930 ,EUSB,KS,HH,66.63,11.67,19.67,4.88,0.58
20171115074930 ,GUWB,KS,HH,70.1,12.16,20.05,4.9,0.41
20171115074930 ,DAU,KS,HG,72.4,12.6,21.09,4.79,0.99
20171115074930 ,GKP1,KG,HH,73.25,12.77,21.26,4.76,1.05
20171115074930 ,YSB,KG,HH,77.26,13.32,22.51,4.59,0.64
20171115074930 ,ADOA,KS,HG,78.24,13.64,23.18,4.85,0.62
20171115074930 ,MAK,KG,EL,85.69,14.59,24.75,4.44,1.25
20171115074930 ,MIYA,KS,HG,89.76,15.44,26.07,4.61,0.83
20171115074930 ,UJN,KS,HG,97.39,16.8,28.61,4.39,2.16
20171115074930 ,CIGB,KS,HG,89.16,15.35,25.96,4.84,0.47
20171115074930 ,ULJ2,KS,HH,65.5,11.55,19.65,4.61,0.73
20171115074930 ,YEYB,KS,HH,61.95,11.09,18.67,4.78,0.6
20171115074930 ,YOCB,KS,HH,41.34,7.45,12.48,4.79,0.86
20171115074930 ,CSO,KS,HG,40.57,7.5,12.6,4.72,0.95
20171115074930 ,DKJ,KG,EL,31.33,5.78,9.48,4.62,0.97
20171115074930 ,CHS,KG,HH,27.29,5.22,8.54,4.73,0.97
20171115074930 ,PHA2,KS,EL,12.9,2.65,4.15,4.59,1.39
20171115074930 ,HDB,KG,HH,44.49,7.9,13.38,4.47,1.75
20171115074930 ,HAK,KG,EL,26.97,5.04,8.41,4.68,1.06
20171115074930 ,MKL,KG,HH,45.69,8.14,13.68,4.29,1
20171115074930 ,BBK,KG,EL,61.15,10.66,17.7,4.58,0.93
20171115074930 ,DAG2,KS,HH,58.02,10.23,17.11,4.69,1.1
20171115074930 ,JEJB,KS,HH,54.91,9.72,16.35,4.65,0.76
20171115074930 ,USN2,KS,HG,52,9.21,15.45,4.5,1.14
20171115074930 ,ADO2,KS,EL,50.16,9.01,15.18,4.78,1.42
20171115074930 ,YODB,KS,HH,47.14,8.56,14.41,4.59,0.56
20171115075753 ,GKP1,KG,HH,74.88,13.26,21.93,2.48,7.68
20171115075753 ,CGD,KG,EL,76.74,13.31,22.29,2.5,6.05
20171115075753 ,CHYB,KS,HH,98.6,17.03,28.79,2.65,3.08
20171115075753 ,EUSB,KS,HH,66.61,11.85,19.87,1.75,16.51
20171115075753 ,PHA2,KS,EL,11.6,2.23,3.43,2.55,18.42
20171115075753 ,CHS,KG,HH,27.64,5.37,8.82,2.44,5.93
20171115075753 ,HAK,KG,EL,28.37,5.29,8.8,2.9,2.52
20171115075753 ,DKJ,KG,EL,33.37,6.2,10.22,2.64,4.27
20171115075753 ,YODB,KS,HH,44.9,8.24,13.73,2.31,4.35
20171115075753 ,YOCB,KS,HH,43.02,7.84,13.12,2.28,9.1
20171115075753 ,HDB,KG,HH,46.59,8.29,14.01,2.46,9.78
20171115075753 ,YEYB,KS,HH,60.31,10.85,18.25,2.5,3.81
20171115075753 ,DAG2,KS,HH,60.17,10.69,17.86,2.8,3.56
20171115075753 ,ADO2,KS,EL,49.43,8.98,15.09,2.34,21.15
20171115075753 ,MKL,KG,HH,48.01,8.58,14.43,2.01,9.1
20171115081110 ,CGD,KG,EL,68.25,12.6,20.81,3.44,2.14
20171115081110 ,GUWB,KS,HH,66.3,12.45,20.7,3.25,1.71
20171115081110 ,GKP1,KG,HH,67.57,12.73,20.98,3.15,4.26
20171115081110 ,EUSB,KS,HH,64.58,12.13,20.19,3.63,0.83
20171115081110 ,YSB,KG,HH,71.69,13.22,21.72,3.33,1.66
20171115081110 ,ADOA,KS,HG,77.96,14.39,24.02,3.25,2.29
20171115081110 ,MAK,KG,EL,80.59,14.54,24.09,2.91,6.45
20171115081110 ,MIYA,KS,HG,83.53,14.87,25.35,3.39,2.19
20171115081110 ,CHR,KS,HG,95.43,17.11,28.56,3.3,5.96
20171115081110 ,PHA2,KS,EL,16.94,3.51,5.47,3.3,2.35
20171115081110 ,CHS,KG,HH,25,5.55,8.85,3.37,1.57
20171115081110 ,DKJ,KG,EL,25.44,5.55,8.87,3.35,2.1
20171115081110 ,YEYB,KS,HH,64.47,11.95,19.94,3.1,2.48
20171115081110 ,YOCB,KS,HH,35.73,7.39,12.08,3.4,1.65
20171115081110 ,MKL,KG,HH,40.6,7.89,12.95,3.15,2.37
20171115081110 ,HDB,KG,HH,40.86,7.73,12.85,3.37,3.08
20171115081110 ,HAK,KG,EL,26.32,5.08,8.21,3.55,1.96
20171115081110 ,CSO,KS,HG,41.56,8.25,13.58,3.26,3.55
20171115081110 ,BBK,KG,EL,57.53,10.53,17.71,3.31,2.22
20171115081110 ,YODB,KS,HH,52.05,9.71,16,3.1,1.81
20171115081110 ,DAG2,KS,HH,51.81,10.01,16.49,3.25,2.96
20171115081110 ,ADO2,KS,EL,50.12,9.72,16.06,3.28,4.21
20171115081110 ,USN2,KS,HG,46.26,8.98,14.75,3.25,3.31
20171115081110 ,JEJB,KS,HH,51.44,9.72,16.05,3.33,2.18
20171115084253 ,DAU,KS,HG,74.05,13.37,22.04,2.49,7.7
20171115084253 ,EUSB,KS,HH,66.61,11.99,20.15,2.12,6.91
20171115084253 ,GUWB,KS,HH,70.8,12.72,21.17,2.35,3.18
20171115084253 ,GKP1,KG,HH,74.88,13.53,22.21,2.35,8.77
20171115084253 ,CHYB,KS,HH,98.6,17.32,28.98,2.65,2.61
20171115084253 ,MAK,KG,EL,88.03,15.35,25.73,2.02,20.02
20171115084253 ,ULJ2,KS,HH,63.25,11.53,19.21,2.5,3.23
20171115084253 ,CGD,KG,EL,76.74,13.61,22.68,2.2,8.21
20171115084253 ,PHA2,KS,EL,11.6,2.51,3.64,2.72,9.21
20171115084253 ,BBK,KG,EL,63.24,11.36,18.98,2.5,4.03
20171115084253 ,YODB,KS,HH,44.9,8.5,14.03,2.5,2.08
20171115084253 ,YOCB,KS,HH,43.02,8.13,13.38,2.25,10.48
20171115084253 ,CSO,KS,HG,39.54,7.62,12.7,2.2,8.25
20171115084253 ,DKJ,KG,EL,33.37,6.47,10.55,2.31,6.79
20171115084253 ,HAK,KG,EL,28.37,5.58,9.11,2.79,2.92
20171115084253 ,CHS,KG,HH,27.64,5.64,8.99,2.43,4.92
20171115084253 ,HDB,KG,HH,46.59,8.6,14.27,2.59,5.96
20171115084253 ,DAG2,KS,HH,60.17,10.94,18.15,2.6,3.8
20171115084253 ,YEYB,KS,HH,60.31,11.09,18.51,2.5,2.96
20171115084253 ,ADO2,KS,EL,49.43,9.24,15.4,2.14,32.37
20171115084253 ,MKL,KG,HH,48.01,8.84,14.67,2.04,7.09
20171115084253 ,USN2,KS,HG,54.35,9.97,16.54,2.35,8.11
20171115094146 ,CHR,KS,HG,96.82,16.97,28.41,2.62,9.84
20171115094146 ,CIGB,KS,HG,85.34,15.31,25.66,2.5,4.41
20171115094146 ,MIYA,KS,HG,84.95,15.18,25.21,1.9,14.51
20171115094146 ,MAK,KG,EL,81.81,14.28,23.92,2.07,18.16
20171115094146 ,ADOA,KS,HG,77.82,14.11,23.72,2.5,4.23
20171115094146 ,YSB,KG,HH,73,13.01,21.57,1.9,13.93
20171115094146 ,CGD,KG,EL,69.66,12.47,20.63,2.53,5.65
20171115094146 ,GKP1,KG,HH,68.77,12.52,20.73,2.37,9.81
20171115094146 ,GUWB,KS,HH,66.99,12.25,20.43,2.49,2.73
20171115094146 ,YEYB,KS,HH,63.71,11.72,19.66,2.04,5.81
20171115094146 ,PHA2,KS,EL,15.85,3.3,5.19,2.5,4.72
20171115094146 ,CHS,KG,HH,25.26,5.34,8.58,2.26,7.27
20171115094146 ,HAK,KG,EL,26.48,4.93,8.06,2.62,5.03
20171115094146 ,EUSB,KS,HH,64.85,11.91,19.9,2.47,3.28
20171115094146 ,DKJ,KG,EL,26.73,5.37,8.68,2.44,5.7
20171115094146 ,YOCB,KS,HH,36.91,7.18,11.83,2.16,11.46
20171115094146 ,HDB,KG,HH,41.75,7.58,12.69,2.32,12.6
20171115094146 ,DAG2,KS,HH,53.2,9.83,16.27,2.42,8.37
20171115094146 ,BBK,KG,EL,58.43,10.36,17.49,2.49,4.31
20171115094146 ,USN2,KS,HG,47.6,8.79,14.57,2.17,12.75
20171115094146 ,MKL,KG,HH,41.81,7.69,12.77,2.16,8.25
20171115094146 ,ADO2,KS,EL,49.91,9.47,15.73,2.19,28.86
20171115094823 ,BBK,KG,EL,63.16,10.85,18.5,2.65,3.16
20171115094823 ,MAK,KG,EL,88.21,14.83,25.31,2.28,6.79
20171115094823 ,CGD,KG,EL,77.3,13.12,22.25,2.35,5.28
20171115094823 ,GKP1,KG,HH,75.71,13.06,21.85,2.4,7.4
20171115094823 ,ULJ2,KS,HH,63.21,10.95,18.53,2.29,5.15
20171115094823 ,DAG2,KS,HH,60.81,10.48,17.76,2.38,5.84
20171115094823 ,YEYB,KS,HH,60.7,10.53,17.94,2.16,4.89
20171115094823 ,YODB,KS,HH,44.84,7.94,13.31,1.6,11.43
20171115094823 ,YOCB,KS,HH,43.81,7.64,12.98,2.29,8.54
20171115094823 ,DKJ,KG,EL,34.01,5.99,10.1,2.26,6.35
20171115094823 ,CHS,KG,HH,28.47,5.13,8.56,2.37,5.88
20171115094823 ,HAK,KG,EL,28,5,8.59,2.49,6.05
20171115094823 ,PHA2,KS,EL,11.63,1.84,2.99,2.76,5.18
20171115094823 ,HDB,KG,HH,46.54,8.1,13.8,2.48,7.84
20171115094823 ,MKL,KG,HH,48.23,8.36,14.24,2.06,7.21
20171115094823 ,ADO2,KS,EL,50.13,8.68,14.85,2.18,32.37
20171115094823 ,USN2,KS,HG,54.72,9.48,15.99,2.25,8.23
20171115095133 ,GUWB,KS,HH,71.69,12.27,20.77,2.17,3.58
20171115095133 ,DAU,KS,HG,74.87,13.11,21.57,2.53,6.02
20171115095133 ,CHYB,KS,HH,98.97,16.81,28.58,2.55,2.95
20171115095133 ,MAK,KG,EL,88.21,14.82,25.23,2.21,6.43
20171115095133 ,EUSB,KS,HH,67.44,11.59,19.66,2.14,4.86
20171115095133 ,CGD,KG,EL,77.3,13.14,22.08,2.39,6.58
20171115095133 ,BBK,KG,EL,63.16,10.86,18.44,2.35,3.96
20171115095133 ,CHS,KG,HH,28.47,5.18,8.6,2.28,5.9
20171115095133 ,PHA2,KS,EL,11.63,2.05,3.21,2.52,7.88
20171115095133 ,HAK,KG,EL,28,5.09,8.58,2.8,1.98
20171115095133 ,DAG2,KS,HH,60.81,10.49,17.65,2.65,4.08
20171115095133 ,DKJ,KG,EL,34.01,6.01,10.03,2.42,5.39
20171115095133 ,YODB,KS,HH,44.84,8.03,13.56,1.9,7.09
20171115095133 ,YOCB,KS,HH,43.81,7.65,12.92,2.23,8.82
20171115095133 ,HDB,KG,HH,46.54,8.11,13.81,2.25,10.48
20171115095133 ,YEYB,KS,HH,60.7,10.64,18.06,2.35,4.06
20171115095133 ,USN2,KS,HG,54.72,9.49,15.93,2.31,8.59
20171115095133 ,ADO2,KS,EL,50.13,8.79,14.89,2.25,18.42
20171115095133 ,MKL,KG,HH,48.23,8.39,14.23,1.94,7.7
20171115095736 ,GUWB,KS,HH,69.34,12.29,20.65,2.8,2.27
20171115095736 ,GKP1,KG,HH,72.03,12.76,21.38,2.68,6.03
20171115095736 ,CGD,KG,EL,73.05,12.84,21.26,2.77,3.63
20171115095736 ,ULJ2,KS,HH,66.66,11.97,20.21,2.65,4.54
20171115095736 ,ADOA,KS,HG,78.29,13.97,23.44,2.8,3.63
20171115095736 ,MAK,KG,EL,84.44,14.59,24.43,2.34,8.16
20171115095736 ,UJN,KS,HG,98.54,17.34,29.17,2.92,5.53
20171115095736 ,YSB,KG,HH,75.93,13.46,22.08,2.6,3.24
20171115095736 ,DKJ,KG,EL,30.01,5.71,9.29,2.65,4.51
20171115095736 ,PHA2,KS,EL,13.72,2.91,4.56,2.65,6.46
20171115095736 ,HAK,KG,EL,26.55,5.05,8.32,3.08,2.55
20171115095736 ,CHS,KG,HH,26.79,5.34,8.64,2.53,6.87
20171115095736 ,EUSB,KS,HH,66.27,11.85,19.84,2.76,3.01
20171115095736 ,CSO,KS,HG,40.87,7.79,12.87,2.4,16
20171115095736 ,HDB,KG,HH,43.5,7.87,13.22,2.5,7.05
20171115095736 ,YOCB,KS,HH,40.12,7.45,12.35,2.74,4.5
20171115095736 ,MKL,KG,HH,44.44,8.08,13.36,2.34,4.67
20171115095736 ,YEYB,KS,HH,62.61,11.4,19.07,2.8,2.64
20171115095736 ,DAG2,KS,HH,56.63,10.16,16.87,2.64,5.38
20171115095736 ,USN2,KS,HG,50.64,9.13,15.17,2.61,5.63
20171115095736 ,BBK,KG,EL,60.17,10.61,18.11,2.65,3.46
20171115095736 ,ADO2,KS,EL,50.24,9.28,15.45,2.72,10.48
20171115095826 ,MAK,KG,EL,83.36,14.88,24.72,2.2,11.07
20171115095826 ,CGD,KG,EL,72.2,13.19,21.58,2.05,12.53
20171115095826 ,GKP1,KG,HH,71.66,13.18,21.56,2.5,8.07
20171115095826 ,EUSB,KS,HH,66.74,12.37,20.33,2.05,8.77
20171115095826 ,CHS,KG,HH,27.14,5.76,9.09,2.53,4.93
20171115095826 ,DKJ,KG,EL,29.35,5.63,9.57,2.8,3.63
20171115095826 ,YOCB,KS,HH,39.72,7.83,12.7,2.35,7.53
20171115095826 ,HDB,KG,HH,42.43,8.15,13.43,2.46,8.21
20171115095826 ,MKL,KG,HH,43.39,8.33,13.63,2.32,4.27
20171115095826 ,USN2,KS,HG,49.65,9.45,15.46,2.05,12.24
20171115095826 ,ADO2,KS,EL,50.98,9.81,15.98,2.52,14.55
20171115095826 ,DAG2,KS,HH,55.89,10.55,17.19,2.72,3.93
20171115095826 ,PHA2,KS,EL,14.48,3.35,5.08,2.55,9.1
20171115095938 ,ULJ2,KS,HH,66.66,11.36,19.4,2.16,8.74
20171115095938 ,GUWB,KS,HH,69.34,11.82,20.15,2.05,6.73
20171115095938 ,CGD,KG,EL,73.05,12.42,20.95,2.4,6.91
20171115095938 ,GKP1,KG,HH,72.03,12.44,20.74,2.35,10.69
20171115095938 ,YEYB,KS,HH,62.61,10.76,18.36,1.6,15.86
20171115095938 ,EUSB,KS,HH,66.27,11.36,19.27,2.15,6.71
20171115095938 ,PHA2,KS,EL,13.72,2.34,3.94,2.5,7.93
20171115095938 ,HAK,KG,EL,26.55,4.7,8.03,2.8,3.36
20171115095938 ,DKJ,KG,EL,30.01,5.37,8.93,2.42,8.18
20171115095938 ,YOCB,KS,HH,40.12,7.03,11.9,2.31,9.95
20171115095938 ,CSO,KS,HG,40.87,8.21,12.24,2.14,32.37
20171115095938 ,CHS,KG,HH,26.79,4.86,8.09,2.23,9.48
20171115095938 ,HDB,KG,HH,43.5,7.49,12.83,2.32,11.26
20171115095938 ,DAG2,KS,HH,56.63,9.8,16.53,2.43,7.82
20171115095938 ,USN2,KS,HG,50.64,8.77,14.88,2.25,11.04
20171115095938 ,ADO2,KS,EL,50.24,8.73,14.8,2.32,22.92
20171115095938 ,MKL,KG,HH,44.44,7.68,13.1,1.93,8.57
20171115115425 ,ULJ2,KS,HH,67.75,11.94,20.25,2.65,6.69
20171115115425 ,DAU,KS,HG,70.8,12.48,20.88,2.98,7.53
20171115115425 ,GKP1,KG,HH,71.66,12.66,20.99,2.91,6.79
20171115115425 ,CGD,KG,EL,72.2,12.57,21.04,2.99,4.52
20171115115425 ,YSB,KG,HH,74.89,13.07,22,2.74,3.84
20171115115425 ,CHR,KS,HG,99.61,17.13,28.8,3.04,8.9
20171115115425 ,MAK,KG,EL,83.36,14.35,24.43,2.61,10.94
20171115115425 ,MIYA,KS,HG,87.49,15.29,25.53,3.15,2.73
20171115115425 ,CIGB,KS,HG,88.09,15.31,25.71,3.04,2.56
20171115115425 ,UJN,KS,HG,99.64,17.36,29.35,3.01,5.45
20171115115425 ,ADOA,KS,HG,79.02,13.91,23.45,2.92,4.67
20171115115425 ,EUSB,KS,HH,66.74,11.79,19.81,2.77,4.37
20171115115425 ,HDB,KG,HH,42.43,7.67,12.95,2.89,6.48
20171115115425 ,YEYB,KS,HH,63.63,11.34,19.11,2.79,4.32
20171115115425 ,PHA2,KS,EL,14.48,2.89,4.65,2.99,4.43
20171115115425 ,HAK,KG,EL,25.71,4.92,8.15,3.36,3.3
20171115115425 ,CHS,KG,HH,27.14,5.24,8.56,2.7,7.15
20171115115425 ,YOCB,KS,HH,39.72,7.34,12.14,2.83,7.36
20171115115425 ,CSO,KS,HG,41.72,7.74,12.92,2.77,11.33
20171115115425 ,DKJ,KG,EL,29.35,5.55,9.03,3.01,4.5
20171115115425 ,MKL,KG,HH,43.39,7.87,13.18,2.8,5.19
20171115115425 ,BBK,KG,EL,59.09,10.5,17.68,2.65,6.08
20171115115425 ,JEJB,KS,HH,52.88,9.61,16.18,2.94,4.22
20171115115425 ,DAG2,KS,HH,55.89,10,16.66,3.03,4.97
20171115115425 ,ADO2,KS,EL,50.98,9.24,15.45,2.86,10.48
20171115115425 ,USN2,KS,HG,49.65,8.95,15.03,2.9,5.15
20171115115425 ,YODB,KS,HH,49.39,8.92,15.03,2.91,2.56
20171115123525 ,GKP1,KG,HH,72.87,12.93,21.33,2.33,7.79
20171115123525 ,GUWB,KS,HH,70.22,12.33,20.75,2.2,3.11
20171115123525 ,DAU,KS,HG,72.02,12.89,21.15,2.44,6.87
20171115123525 ,CGD,KG,EL,73.62,12.77,21.4,2.29,5.18
20171115123525 ,YSB,KG,HH,76.22,13.23,22.47,1.3,32.37
20171115123525 ,ADOA,KS,HG,78.96,13.83,23.39,2.2,5.13
20171115123525 ,MAK,KG,EL,84.61,14.53,24.48,2.07,10.97
20171115123525 ,EUSB,KS,HH,67.08,11.84,19.92,2.15,5.18
20171115123525 ,YEYB,KS,HH,62.95,11.23,18.91,2.46,2.95
20171115123525 ,CHS,KG,HH,27.59,5.33,8.68,2.24,5.88
20171115123525 ,YOCB,KS,HH,40.93,7.51,12.47,2.17,8.69
20171115123525 ,HDB,KG,HH,43.42,7.79,13.14,2.26,12.07
20171115123525 ,ULJ2,KS,HH,66.59,11.72,19.84,2.05,7.05
20171115123525 ,DKJ,KG,EL,30.66,5.76,9.43,2.31,5.96
20171115123525 ,PHA2,KS,EL,13.62,2.68,4.26,2.5,7.29
20171115123525 ,MKL,KG,HH,44.64,8.03,13.45,2.15,6.67
20171115123525 ,BBK,KG,EL,60.06,10.55,17.83,2.35,4.31
20171115123525 ,DAG2,KS,HH,57.28,10.22,17.03,2.5,4.08
20171115123525 ,USN2,KS,HG,51.01,9.13,15.38,2.2,9.75
20171115123525 ,ADO2,KS,EL,50.88,9.17,15.4,2.35,9.18
20171115125927 ,EUSB,KS,HH,65.78,11.54,19.65,2.48,5.38
20171115125927 ,CGD,KG,EL,76.18,13.06,22.04,2.71,4.76
20171115125927 ,GUWB,KS,HH,69.91,12.19,20.76,2.6,2.73
20171115125927 ,DAU,KS,HG,73.22,12.87,21.58,2.8,5.25
20171115125927 ,GKP1,KG,HH,74.06,12.9,21.72,2.67,6.93
20171115125927 ,MAK,KG,EL,87.86,14.79,25.21,2.34,9.56
20171115125927 ,MIYA,KS,HG,91.49,15.76,26.55,2.65,4.59
20171115125927 ,CHYB,KS,HH,98.23,16.84,28.54,2.65,2.58
20171115125927 ,ADOA,KS,HG,76.82,13.48,22.84,2.35,5.68
20171115125927 ,BBK,KG,EL,63.33,10.83,18.42,2.6,4.25
20171115125927 ,ULJ2,KS,HH,63.31,11,18.74,2.43,4.32
20171115125927 ,PHA2,KS,EL,11.64,2.01,3.21,2.8,13.01
20171115125927 ,CHS,KG,HH,26.82,5.13,8.56,2.46,5.96
20171115125927 ,HAK,KG,EL,28.76,5.06,8.59,2.8,3.64
20171115125927 ,DKJ,KG,EL,32.74,5.96,10,2.67,5.11
20171115125927 ,CSO,KS,HG,38.95,7.2,12.12,2.25,32.37
20171115125927 ,YOCB,KS,HH,42.23,7.62,12.87,2.59,6.45
20171115125927 ,YODB,KS,HH,44.98,8,13.48,2.63,2.04
20171115125927 ,HDB,KG,HH,46.65,8.06,13.74,2.6,8.59
20171115125927 ,YEYB,KS,HH,59.94,10.62,18.03,2.35,5.08
20171115125927 ,DAG2,KS,HH,59.53,10.44,17.62,2.68,5.36
20171115125927 ,JEJB,KS,HH,57.07,9.9,16.85,2.36,14.8
20171115125927 ,USN2,KS,HG,53.98,9.45,15.82,2.59,6.71
20171115125927 ,ADO2,KS,EL,48.75,8.73,14.84,2.34,16.42
20171115125927 ,MKL,KG,HH,47.8,8.35,14.13,2.4,7.36
20171115132430 ,CGD,KG,EL,77.3,13.4,22.38,2.46,4.75
20171115132430 ,EUSB,KS,HH,67.44,11.74,19.88,2.8,2.81
20171115132430 ,GUWB,KS,HH,71.69,12.4,21.16,2.65,2.55
20171115132430 ,GKP1,KG,HH,75.71,13.2,22.09,2.4,9.1
20171115132430 ,CHYB,KS,HH,98.97,16.85,28.6,2.75,2.95
20171115132430 ,MAK,KG,EL,88.21,15.04,25.5,2.42,5.24
20171115132430 ,MIYA,KS,HG,92.6,16.1,26.89,2.65,2.94
20171115132430 ,ULJ2,KS,HH,63.21,10.99,17.73,2.44,5.96
20171115132430 ,YSB,KG,HH,79.94,13.82,23.37,2.58,2.93
20171115132430 ,DAG2,KS,HH,60.81,10.7,18,2.65,4.01
20171115132430 ,PHA2,KS,EL,11.63,2,3.12,2.8,8.35
20171115132430 ,HAK,KG,EL,28,5.2,8.74,3.16,1.74
20171115132430 ,CHS,KG,HH,28.47,5.33,8.82,2.64,3.99
20171115132430 ,DKJ,KG,EL,34.01,6.22,10.37,2.53,6.03
20171115132430 ,BBK,KG,EL,63.16,11.02,18.7,2.64,3.33
20171115132430 ,YOCB,KS,HH,43.81,7.86,13.25,2.34,10.57
20171115132430 ,CSO,KS,HG,40.14,7.34,12.27,2.64,7.21
20171115132430 ,YODB,KS,HH,44.84,7.97,13.42,2.63,2.55
20171115132430 ,USN2,KS,HG,54.72,9.69,16.34,2.46,6.71
20171115132430 ,YEYB,KS,HH,60.7,10.69,18.05,2.7,3.14
20171115132430 ,ADO2,KS,EL,50.13,8.88,14.98,2.6,10.48
20171115132430 ,MKL,KG,HH,48.23,8.57,14.48,2.55,4.5
20171115132430 ,HDB,KG,HH,46.54,8.24,14.03,2.56,7.95
20171115134312 ,MAK,KG,EL,83.53,14.29,24.21,2.02,10.48
20171115134312 ,CGD,KG,EL,72.78,12.54,21.05,2.5,3.68
20171115134312 ,GKP1,KG,HH,72.5,12.57,21.07,2.29,7.68
20171115134312 ,ULJ2,KS,HH,67.69,11.64,19.79,2.14,5.18
20171115134312 ,EUSB,KS,HH,67.54,11.74,19.71,2.14,4.83
20171115134312 ,YEYB,KS,HH,63.96,11.1,18.82,2.05,4.64
20171115134312 ,DAG2,KS,HH,56.56,9.93,16.68,2.35,6.12
20171115134312 ,CHS,KG,HH,27.93,5.13,8.47,2.13,7.91
20171115134312 ,PHA2,KS,EL,14.39,2.56,4.18,2.29,10.48
20171115134312 ,HAK,KG,EL,25.24,4.68,7.93,2.65,3.85
20171115134312 ,DKJ,KG,EL,30.02,5.48,9.13,2.39,5.3
20171115134312 ,YOCB,KS,HH,40.54,7.24,12.18,2.19,9.61
20171115134312 ,MKL,KG,HH,43.6,7.76,13.1,2.29,4.95
20171115134312 ,USN2,KS,HG,50.03,8.86,14.99,2.24,7.95
20171115134312 ,ADO2,KS,EL,51.62,9.05,15.28,2.19,19.34
20171115134312 ,HDB,KG,HH,42.34,7.52,12.88,2.18,13.27
20171115140516 ,GKP1,KG,HH,72.5,13.5,21.92,2.42,7.19
20171115140516 ,ULJ2,KS,HH,67.69,12.55,20.9,2.2,5.25
20171115140516 ,GUWB,KS,HH,70.36,12.94,21.46,2.33,3.06
20171115140516 ,CGD,KG,EL,72.78,13.3,21.84,2.46,4.4
20171115140516 ,EUSB,KS,HH,67.54,12.53,20.63,2.35,3.48
20171115140516 ,YSB,KG,HH,75.19,13.8,22.8,2.35,3.34
20171115140516 ,CIGB,KS,HG,88.98,16.1,26.65,2.64,2.18
20171115140516 ,YOCB,KS,HH,40.54,8.04,13.01,2.39,5.27
20171115140516 ,PHA2,KS,EL,14.39,3.43,5.11,2.44,7.46
20171115140516 ,HAK,KG,EL,25.24,5.46,8.67,2.78,3.54
20171115140516 ,YEYB,KS,HH,63.96,11.98,19.81,2.2,4.46
20171115140516 ,DKJ,KG,EL,30.02,6.29,9.89,2.5,4.59
20171115140516 ,HDB,KG,HH,42.34,8.32,13.65,2.35,6.34
20171115140516 ,CHS,KG,HH,27.93,5.99,9.36,2.34,5.19
20171115140516 ,MKL,KG,HH,43.6,8.55,13.87,2.31,5.25
20171115140516 ,BBK,KG,EL,58.98,11.1,18.4,2.35,4.13
20171115140516 ,DAG2,KS,HH,56.56,10.76,17.49,2.68,3.47
20171115140516 ,ADO2,KS,EL,51.62,9.96,16.23,2.36,11.04
20171115140516 ,USN2,KS,HG,50.03,9.65,15.78,2.39,4.99
20171115140516 ,YODB,KS,HH,49.3,9.54,15.56,2.35,3.04
20171115141807 ,EUSB,KS,HH,67.85,11.94,20.1,2.43,4.5
20171115141807 ,GKP1,KG,HH,75.31,13.32,22.25,2.52,8.02
20171115141807 ,CGD,KG,EL,76.45,13.46,22.33,2.55,5.96
20171115141807 ,MAK,KG,EL,87.14,15.15,25.62,2.4,5.18
20171115141807 ,CHYB,KS,HH,99.97,17.24,28.98,2.64,2.64
20171115141807 ,YSB,KG,HH,78.9,13.92,23.31,2.5,3.5
20171115141807 ,GUWB,KS,HH,71.78,12.6,21.21,2.53,2.73
20171115141807 ,PHA2,KS,EL,12.22,2.31,3.51,2.69,9.31
20171115141807 ,HAK,KG,EL,27.07,5.33,8.88,2.35,7.88
20171115141807 ,DKJ,KG,EL,33.32,6.32,10.41,2.49,6.3
20171115141807 ,CSO,KS,HG,40.92,7.57,12.6,2.25,16
20171115141807 ,YOCB,KS,HH,43.37,7.99,13.31,2.42,8.28
20171115141807 ,ULJ2,KS,HH,64.31,11.37,19.21,2.3,5.18
20171115141807 ,HDB,KG,HH,45.46,8.38,14.05,2.45,7.73
20171115141807 ,CHS,KG,HH,28.67,5.51,9.02,2.24,7.91
20171115141807 ,YODB,KS,HH,45.92,8.38,13.84,2.09,5.18
20171115141807 ,BBK,KG,EL,62.07,11.14,18.76,2.65,3.79
20171115141807 ,YEYB,KS,HH,61.68,11.01,18.43,2.46,2.73
20171115141807 ,DAG2,KS,HH,60.07,10.8,17.99,2.55,5.96
20171115141807 ,USN2,KS,HG,53.74,9.8,16.4,2.5,6.73
20171115141807 ,ADO2,KS,EL,50.8,9.11,15.29,2.16,32.37
20171115141807 ,MKL,KG,HH,47.19,8.67,14.51,2.4,6.14
20171115152153 ,GKP1,KG,HH,73.23,12.7,21.32,3.04,4.5
20171115152153 ,CGD,KG,EL,75.64,12.84,21.6,2.87,5.86
20171115152153 ,YSB,KG,HH,79.06,13.37,22.61,2.91,2.56
20171115152153 ,CIGB,KS,HG,88.51,15.2,25.79,2.8,3.7
20171115152153 ,MIYA,KS,HG,90.95,15.5,26.11,3.09,2.64
20171115152153 ,UJN,KS,HG,95.23,16.29,27.89,3.1,4.83
20171115152153 ,CHYB,KS,HH,97.87,16.74,28.51,3.25,2.04
20171115152153 ,EUSB,KS,HH,64.96,11.4,19.48,3,3.02
20171115152153 ,MAK,KG,EL,87.69,14.6,24.88,2.81,5.13
20171115152153 ,ULJ2,KS,HH,63.38,11.05,18.89,2.77,4.54
20171115152153 ,CSO,KS,HG,38.37,7.06,12.12,2.74,6.52
20171115152153 ,PHA2,KS,EL,11.75,2.12,3.47,2.9,5.96
20171115152153 ,CHS,KG,HH,26,5.01,8.33,2.93,5.28
20171115152153 ,HAK,KG,EL,29.18,4.95,8.42,3.1,3.5
20171115152153 ,DKJ,KG,EL,32.12,5.75,9.6,3.09,3.01
20171115152153 ,BBK,KG,EL,63.43,10.65,18.07,2.7,5.96
20171115152153 ,YOCB,KS,HH,41.45,7.4,12.51,3.14,3.39
20171115152153 ,YODB,KS,HG,45.08,8.11,13.71,3.1,2.08
20171115152153 ,YEYB,KS,HH,59.58,10.56,18.06,2.86,3.93
20171115152153 ,DAG2,KS,HH,58.9,10.22,17.24,3.15,4.71
20171115152153 ,HDB,KG,HH,46.73,7.87,13.47,2.77,9.29
20171115152153 ,JEJB,KS,HH,57.19,10.04,16.55,2.77,6.08
20171115152153 ,USN2,KS,HG,53.63,9.23,15.55,2.95,4.85
20171115152153 ,ADO2,KS,EL,48.07,8.65,14.76,2.86,9.1
20171115152153 ,MKL,KG,HH,47.61,8.12,13.76,2.91,4.25
20171115153814 ,CGD,KG,EL,71.36,12.99,21.33,2.61,4.5
20171115153814 ,GUWB,KS,HH,69.64,12.68,21.15,2.46,3.54
20171115153814 ,GKP1,KG,HH,71.3,13.05,21.7,2.37,13.54
20171115153814 ,EUSB,KS,HH,67.22,12.38,20.5,2.49,3.87
20171115153814 ,YSB,KG,HH,73.85,13.38,22.3,2.35,3.72
20171115153814 ,MAK,KG,EL,82.28,14.69,24.47,2.23,8.14
20171115153814 ,CIGB,KS,HG,88.02,15.84,26.46,2.5,3.96
20171115153814 ,CHR,KS,HG,98.93,17.45,29.17,2.45,13.89
20171115153814 ,PHA2,KS,EL,15.29,3.31,5.11,2.31,9.84
20171115153814 ,HAK,KG,EL,24.89,5.05,8.17,2.54,4.5
20171115153814 ,CHS,KG,HH,27.53,5.72,9.16,2.46,5.18
20171115153814 ,YEYB,KS,HH,64.64,11.91,19.77,2.28,5.06
20171115153814 ,YOCB,KS,HH,39.36,7.71,12.6,2.48,5.35
20171115153814 ,HDB,KG,HH,41.36,7.96,13.12,2.31,10.36
20171115153814 ,DKJ,KG,EL,28.72,5.88,9.41,2.45,4.45
20171115153814 ,MKL,KG,HH,42.34,8.15,13.38,2.5,4.7
20171115153814 ,BBK,KG,EL,58.01,10.72,17.97,2.5,3.44
20171115153814 ,DAG2,KS,HH,55.17,10.35,17.03,2.48,5.5
20171115153814 ,USN2,KS,EL,48.67,9.2,15.14,1.45,18.9
20171115153814 ,ADO2,KS,EL,51.75,9.85,16.14,2.25,24.42
20171115162312 ,GKP1,KG,HH,71.3,12.57,21.04,2.47,9.56
20171115162312 ,GUWB,KS,HH,69.64,12.19,20.68,2.47,3.67
20171115162312 ,CGD,KG,EL,71.36,12.41,20.87,2.57,5.49
20171115162312 ,CHR,KS,HG,98.93,16.97,28.7,2.55,13.89
20171115162312 ,ADOA,KS,HG,79.76,14.01,23.68,2.5,3.72
20171115162312 ,CIGB,KS,HG,88.02,15.35,25.72,2.5,3.87
20171115162312 ,ULJ2,KS,HH,68.84,11.99,20.47,2.31,5.18
20171115162312 ,EUSB,KS,HH,67.22,11.82,19.97,2.46,3.8
20171115162312 ,DKJ,KG,EL,28.72,5.39,8.95,2.47,6.16
20171115162312 ,YEYB,KS,HH,64.64,11.39,19.33,2.35,3.66
20171115162312 ,HDB,KG,HH,41.36,7.42,12.63,2.43,10.3
20171115162312 ,CHS,KG,HH,27.53,5.24,8.68,2.44,5.18
20171115162312 ,HAK,KG,EL,24.89,4.61,7.74,2.7,4.52
20171115162312 ,YOCB,KS,HH,39.36,7.22,12.11,2.42,6.87
20171115162312 ,MKL,KG,HH,42.34,7.67,12.92,2.5,5.32
20171115162312 ,PHA2,KS,EL,15.29,2.85,4.64,2.59,5.96
20171115162312 ,DAG2,KS,HG,55.17,9.87,16.52,2.57,5.21
20171115162312 ,ADO2,KS,EL,51.75,9.28,15.66,2.32,16.61
20171115162312 ,BBK,KG,EL,58.01,10.19,17.48,2.65,3.09
20171115162312 ,USN2,KS,HG,48.67,8.75,14.76,2.42,8
20171115162312 ,CSO,KS,HG,42.59,7.81,13.18,2.15,32.37
20171115163605 ,CGD,KG,EL,76.18,13.96,23.02,2.95,3.76
20171115163605 ,GUWB,KS,HH,69.91,13.08,21.66,2.93,2.49
20171115163605 ,DAU,KS,HG,73.22,13.69,22.4,2.9,7.55
20171115163605 ,GKP1,KG,HH,74.06,13.87,22.58,2.85,6.39
20171115163605 ,CIGB,KS,HG,89.4,16.32,27.05,2.94,3.15
20171115163605 ,YSB,KG,HH,79.34,14.45,23.87,2.95,2.86
20171115163605 ,MAK,KG,EL,87.86,15.73,26.15,2.83,5.05
20171115163605 ,CHYB,KS,HH,98.23,17.75,29.43,3.25,2.38
20171115163605 ,ADOA,KS,HG,76.82,14.31,23.75,3.01,2.95
20171115163605 ,EUSB,KS,HH,65.78,12.45,20.52,2.95,3.33
20171115163605 ,BBK,KG,EL,63.33,11.76,19.41,2.95,3.42
20171115163605 ,PHA2,KS,EL,11.64,2.87,4.03,3.28,8
20171115163605 ,CHS,KG,HH,26.82,6.01,9.38,2.83,4.54
20171115163605 ,HAK,KG,EL,28.76,5.99,9.51,3.42,1.93
20171115163605 ,CSO,KS,HG,38.95,8.02,13.01,2.9,5.15
20171115163605 ,YOCB,KS,HH,42.23,8.53,13.77,2.76,7.25
20171115163605 ,YODB,KS,HH,44.98,8.89,14.44,3.1,1.97
20171115163605 ,DKJ,KG,EL,32.74,6.86,10.89,2.92,5.32
20171115163605 ,ULJ2,KS,HH,63.31,11.91,18.67,2.93,3.17
20171115163605 ,HDB,KG,HH,46.65,8.99,14.72,3.05,5.6
20171115163605 ,YEYB,KS,HH,59.94,11.5,18.92,3.14,2.52
20171115163605 ,DAG2,KS,HH,59.53,11.33,18.55,2.97,4.66
20171115163605 ,JEJB,KS,HH,57.07,10.91,17.79,3.1,3.87
20171115163605 ,USN2,KS,HG,53.98,10.36,16.86,2.83,6.73
20171115163605 ,ADO2,KS,EL,48.75,9.63,15.72,2.89,12.07
20171115163605 ,MKL,KG,HH,47.8,9.26,15.05,2.76,5.73
20171115173743 ,GKP1,KG,HH,74.88,12.92,21.67,2.6,7.91
20171115173743 ,DAU,KS,HG,74.05,12.76,21.52,2.8,6.12
20171115173743 ,EUSB,KS,HH,66.61,11.5,19.62,2.53,3.76
20171115173743 ,CGD,KG,EL,76.74,13,22,2.64,6.34
20171115173743 ,ADOA,KS,HG,77.52,13.53,22.8,2.65,4.59
20171115173743 ,YSB,KG,HH,79.63,13.48,22.99,2.79,2.17
20171115173743 ,MAK,KG,EL,88.03,14.76,25.2,2.49,7.88
20171115173743 ,CHYB,KS,HH,98.6,16.72,28.46,2.85,2.95
20171115173743 ,ULJ2,KS,HH,63.25,10.92,17.69,2.65,3.7
20171115173743 ,GUWB,KS,HH,70.8,12.15,20.73,2.37,4.74
20171115173743 ,BBK,KG,EL,63.24,10.78,18.38,2.55,5.18
20171115173743 ,PHA2,KS,EL,11.6,1.93,3.09,2.75,10.18
20171115173743 ,CHS,KG,HH,27.64,5.1,8.58,2.53,6.5
20171115173743 ,HAK,KG,EL,28.37,5,8.46,3.1,2.38
20171115173743 ,DKJ,KG,EL,33.37,5.93,9.94,2.7,5.3
20171115173743 ,YOCB,KS,HH,43.02,7.6,12.86,2.48,7.84
20171115173743 ,YODB,KS,HH,44.9,7.92,13.46,2.46,3.71
20171115173743 ,CSO,KS,HG,39.54,7.14,12.07,2.5,9.98
20171115173743 ,HDB,KG,HH,46.59,8.01,13.73,2.6,8.79
20171115173743 ,DAG2,KS,HH,60.17,10.4,17.6,2.79,4.83
20171115173743 ,JEJB,KS,HG,56.96,9.79,16.61,2.8,2.04
20171115173743 ,USN2,KS,HG,54.35,9.41,15.9,2.65,7.93
20171115173743 ,YEYB,KS,HH,60.31,10.56,17.97,2.75,2.64
20171115173743 ,ADO2,KS,EL,49.43,8.67,14.8,2.49,24.14
20171115173743 ,MKL,KG,HH,48.01,8.3,14.12,2.53,6.87
20171115200337 ,GUWB,KS,HG,68.93,12.25,20.45,2.8,1.99
20171115200337 ,CGD,KG,EL,69.95,12.34,20.54,2.79,2.81
20171115200337 ,GKP1,KG,HH,70.11,12.47,20.81,2.6,4.89
20171115200337 ,ADOA,KS,HG,79.87,14.12,23.78,2.8,2.81
20171115200337 ,CIGB,KS,HG,87.06,15.28,25.44,2.65,3.27
20171115200337 ,CHR,KS,HG,97.54,16.85,28.34,2.75,5.44
20171115200337 ,EUSB,KS,HH,66.93,11.88,19.98,2.8,2.13
20171115200337 ,YSB,KG,HH,72.52,13.05,21.42,2.57,2.25
20171115200337 ,HDB,KG,HH,40.41,7.51,12.57,2.52,5.52
20171115200337 ,YOCB,KS,HH,38.19,7.13,11.8,2.62,4.03
20171115200337 ,DKJ,KG,EL,27.43,5.27,8.61,2.59,3.35
20171115200337 ,HAK,KG,EL,24.62,4.77,7.96,2.79,2.15
20171115200337 ,CHS,KG,HH,27.2,5.31,8.62,2.7,3.02
20171115200337 ,PHA2,KS,EL,16.27,3.24,5.16,2.68,2.71
20171115200337 ,BBK,KG,EL,57.05,10.29,17.41,2.65,2.45
20171115200337 ,MKL,KG,HH,41.09,7.64,12.65,2.61,2.78
20171115200337 ,ADO2,KS,EL,51.91,9.49,15.8,2.66,6.65
20171115200337 ,DAG2,KS,HH,53.79,9.73,16.2,2.74,3.28
20171115200337 ,YODB,KS,HG,51.65,9.45,15.8,2.65,1.76
20171115200337 ,USN2,KS,HG,47.31,8.7,14.45,2.49,4.22
20171115200337 ,CSO,KS,HG,42.97,8.11,13.35,2.52,5.61
20171115205411 ,MAK,KG,EL,82.11,13.95,23.69,2.7,6.28
20171115205411 ,YSB,KG,HH,73.56,12.65,21.53,2.8,3.48
20171115205411 ,CGD,KG,EL,70.79,12.14,20.34,3.1,3.81
20171115205411 ,GKP1,KG,HH,70.46,12.25,20.45,3.04,5.09
20171115205411 ,ULJ2,KS,HH,68.92,12,20.48,2.71,4
20171115205411 ,EUSB,KS,HH,66.43,11.54,19.58,2.95,2.76
20171115205411 ,PHA2,KS,EL,15.43,2.94,4.82,2.97,3.36
20171115205411 ,HAK,KG,EL,25.4,4.67,7.82,3.25,2.52
20171115205411 ,CHS,KG,HH,26.76,5.03,8.26,2.83,4.63
20171115205411 ,DKJ,KG,EL,28.05,5.13,8.45,3.07,4.86
20171115205411 ,GUWB,KS,HH,68.75,11.92,20.11,2.95,2.48
20171115205411 ,YOCB,KS,HH,38.54,6.92,11.57,2.99,4.52
20171115205411 ,HDB,KG,HH,41.47,7.28,12.4,2.85,6.87
20171115205411 ,BBK,KG,EL,58.13,10.07,17.15,2.95,3.11
20171115205411 ,DAG2,KS,HH,54.5,9.59,16.01,3.15,3.72
20171115205411 ,JEJB,KS,HH,51.95,9.31,15.37,2.98,3.55
20171115205411 ,YEYB,KS,HH,64.32,11.32,19.22,2.77,3.56
20171115205411 ,MKL,KG,HH,42.14,7.43,12.53,2.79,4.46
20171115205411 ,ADO2,KS,EL,51.12,9.15,15.35,2.79,14.93
20171116004728 ,BUS2,KS,HH,99.96,16.99,28.88,1.9,18.05
20171116004728 ,CIGB,KS,HH,90.05,15.57,26.33,2.05,5.74
20171116004728 ,ULJ2,KS,HH,65.44,11.46,19.4,2.35,5.65
20171116004728 ,CGD,KG,EL,75.03,12.99,21.79,2.58,3.88
20171116004728 ,EUSB,KS,HH,67.45,11.99,20,1.9,15.41
20171116004728 ,PHA2,KS,EL,12.86,2.38,3.79,2.5,20.55
20171116004728 ,CHS,KG,HH,28.1,5.35,8.76,2.35,4.51
20171116004728 ,YEYB,KS,HH,62.3,10.98,18.59,2.45,3.3
20171116004728 ,DKJ,KG,EL,31.99,5.95,9.81,2.49,5.95
20171116004728 ,MKL,KG,HH,45.91,8.24,13.86,2.35,5.08
20171116004728 ,YODB,KS,HH,47.06,8.44,14.12,2.2,5.11
20171116004728 ,ADO2,KS,EL,50.82,9.07,15.34,2.25,28.12
20171116004728 ,USN2,KS,EL,52.38,9.34,15.72,2.47,8.74
20171116004728 ,DAG2,KS,HH,58.67,10.43,17.44,2.58,5.86
20171116004728 ,YOCB,KS,HH,42.14,7.63,12.83,2.59,3.88
20171116013734 ,ULJ2,KS,HH,67.75,11.97,20.23,2.55,5.21
20171116013734 ,GKP1,KG,HH,71.66,12.65,21.01,2.75,7.59
20171116013734 ,CGD,KG,EL,72.2,12.6,20.98,2.9,3.91
20171116013734 ,YSB,KG,HH,74.89,13.1,22.01,2.61,4.4
20171116013734 ,MIYA,KS,HG,87.49,15.34,25.56,2.93,3.27
20171116013734 ,CIGB,KS,HH,88.09,15.36,25.73,2.93,2.24
20171116013734 ,BUS2,KS,HH,97.4,16.66,28.17,2.65,7.21
20171116013734 ,ADOA,KS,HG,79.02,13.93,23.41,2.8,3.9
20171116013734 ,EUSB,KS,HH,66.74,11.85,19.83,1.9,21.77
20171116013734 ,YEYB,KS,HH,63.63,11.37,19.08,2.8,3.09
20171116013734 ,PHA2,KS,EL,14.48,2.92,4.62,2.85,6.35
20171116013734 ,HAK,KG,EL,25.71,4.96,8.16,3.05,4.45
20171116013734 ,CHS,KG,HH,27.14,5.28,8.54,2.8,4.1
20171116013734 ,YOCB,KS,HH,39.72,7.34,12.15,2.59,8.54
20171116013734 ,HDB,KG,HH,42.43,7.69,12.94,2.66,9.7
20171116013734 ,DKJ,KG,EL,29.35,5.6,9.06,2.82,4.71
20171116013734 ,MKL,KG,HH,43.39,7.9,13.13,2.66,5.05
20171116013734 ,BBK,KG,EL,59.09,10.47,17.78,2.8,3.81
20171116013734 ,JEJB,KS,HH,52.88,9.62,16.09,2.5,11.69
20171116013734 ,DAG2,KS,HH,55.89,10.05,16.67,2.83,5.02
20171116013734 ,ADO2,KS,EL,50.98,9.25,15.43,2.65,16.99
20171116013734 ,USN2,KS,EL,49.65,8.99,14.7,2.82,7.03
20171116013734 ,YODB,KS,HH,49.39,9.05,14.99,2.95,1.8
20171116050404 ,GKP1,KG,HH,74.48,13.14,21.94,2.82,6.97
20171116050404 ,CGD,KG,EL,75.88,13.19,22.09,2.95,3.27
20171116050404 ,ADOA,KS,HG,78.21,13.89,23.26,2.83,3.9
20171116050404 ,YSB,KG,HH,78.6,13.68,22.99,2.95,2.03
20171116050404 ,CIGB,KS,HH,90.16,15.63,26.34,2.95,2.82
20171116050404 ,MIYA,KS,HG,91.18,15.75,26.59,3.07,2.63
20171116050404 ,UJN,KS,HG,96.24,16.82,28.13,2.98,5.11
20171116050404 ,GUWB,KS,HH,70.89,12.44,20.94,3.04,1.93
20171116050404 ,MAK,KG,EL,86.95,15.17,25.47,1.9,28.86
20171116050404 ,DKJ,KG,EL,32.67,6.09,10.1,3.11,1.86
20171116050404 ,PHA2,KS,EL,12.2,2.27,3.5,3.05,5.83
20171116050404 ,HAK,KG,EL,27.45,5.11,8.53,2.91,2.95
20171116050404 ,CHS,KG,HH,27.85,5.37,8.82,2.74,4.5
20171116050404 ,EUSB,KS,HH,67.02,11.81,19.97,2.85,3.53
20171116050404 ,HDB,KG,HH,45.51,8.22,13.73,2.83,4.58
20171116050404 ,YODB,KS,HH,45.98,8.36,13.88,2.49,5.16
20171116050404 ,YOCB,KS,HH,42.57,7.76,13.08,2.83,4.41
20171116050404 ,ADO2,KS,EL,50.12,9.02,15.2,2.7,12.07
20171116050404 ,ULJ2,KS,HH,64.35,11.37,19.12,2.78,4.81
20171116050404 ,MKL,KG,HH,46.96,8.45,14.2,2.76,2.22
20171116050404 ,BBK,KG,EL,62.15,10.91,18.43,2.79,3.34
20171116050404 ,YEYB,KS,HH,61.31,10.91,18.34,2.93,2.83
20171116050404 ,DAG2,KS,HH,59.41,10.58,17.72,3.05,2.7
20171116050404 ,USN2,KS,EL,53.36,9.54,16.03,2.76,5.96
20171116053109 ,GUWB,KS,HH,68.59,12.22,20.59,1.3,29.7
20171116053109 ,CIGB,KS,HH,87.2,15.33,25.67,2.38,4.21
20171116053109 ,CGD,KG,EL,71.64,12.59,20.91,2.25,7.19
20171116053109 ,GKP1,KG,HH,70.82,12.71,21.04,2.17,19.12
20171116053109 ,ULJ2,KS,HH,67.82,12.15,20.33,1.89,10.45
20171116053109 ,PHA2,KS,EL,14.63,3.01,4.74,2.21,11.9
20171116053109 ,EUSB,KS,HH,65.94,11.85,19.92,2.01,7.64
20171116053109 ,USN2,KS,EL,49.29,8.93,14.83,2.18,12.46
20171116053109 ,MKL,KG,HH,43.2,7.85,13.07,1.95,9.1
20171116053109 ,HDB,KG,HH,42.54,7.74,12.8,2.16,12.07
20171116053109 ,YOCB,KS,HH,38.91,7.32,12.09,2.19,15.59
20171116053109 ,DKJ,KG,EL,28.69,5.56,9.01,2.2,8.97
20171116053109 ,CHS,KG,HH,26.36,5.3,8.69,2,8.9
20171116053109 ,HAK,KG,EL,26.2,4.92,8.11,2.4,5.18
20171116053109 ,YEYB,KS,HH,63.3,11.49,19.25,2.06,6.26
20171116053109 ,BBK,KG,EL,59.21,10.4,17.63,1.9,11.62
20171116053109 ,DAG2,KS,HH,55.24,9.99,16.57,2.2,8.72
20171116053109 ,ADO2,KS,EL,50.35,9.31,15.57,2.08,32.37
20171116074831 ,DKJ,KG,EL,31.33,6.29,9.92,2.75,6.34
20171116074831 ,YSB,KG,HH,77.26,13.8,22.82,2.5,5.71
20171116074831 ,ADOA,KS,HG,78.24,14.26,23.69,2.8,4.43
20171116074831 ,MAK,KG,EL,85.69,15.05,25.1,2.6,5.96
20171116074831 ,CHS,KG,HH,27.29,5.76,9.05,2.55,7.19
20171116074831 ,CGD,KG,EL,74.47,13.35,21.91,2.7,6.91
20171116074831 ,HAK,KG,EL,26.97,5.51,8.82,2.98,4
20171116074831 ,PHA2,KS,EL,12.9,3.11,4.66,2.69,7.91
20171116074831 ,BUS2,KS,HH,99.75,17.3,28.99,2.55,8.18
20171116074831 ,GKP1,KG,HH,73.25,13.28,21.75,2.63,9.78
20171116074831 ,CIGB,KS,HH,89.16,15.86,26.4,2.57,4.21
20171116074831 ,EUSB,KS,HH,66.63,12.22,20.17,2.6,4.67
20171116074831 ,CSO,KS,HG,40.57,8.08,13.13,2.46,23.59
20171116074831 ,YOCB,KS,HH,41.34,7.98,12.93,2.46,15.63
20171116074831 ,HDB,KG,HH,44.49,8.34,13.88,2.64,8.21
20171116074831 ,MKL,KG,HH,45.69,8.58,14.01,2.27,7.91
20171116074831 ,YODB,KS,HH,47.14,9.13,14.96,2.75,2.36
20171116074831 ,ADO2,KS,EL,50.16,9.56,15.7,2.62,19.57
20171116074831 ,USN2,KS,EL,52,9.68,15.89,2.66,9.23
20171116074831 ,DAG2,KS,HH,58.02,10.76,17.54,2.77,6.89
20171116074831 ,YEYB,KS,HH,61.95,11.55,19.19,2.59,4.15
20171116074831 ,ULJ2,KS,HH,65.5,12.09,20.08,2.48,6.19
20171116083121 ,GUWB,KS,HH,71.11,12.6,21.19,2.2,4.46
20171116083121 ,DAU,KS,HG,72.85,13.15,21.44,2.46,9.1
20171116083121 ,GKP1,KG,HH,73.71,12.96,21.61,2.35,11.9
20171116083121 ,CGD,KG,EL,74.19,13.07,21.67,2.26,9.31
20171116083121 ,CIGB,KS,HH,89.96,15.61,26.26,2.35,3.85
20171116083121 ,MAK,KG,EL,84.79,14.85,24.82,1.94,24.42
20171116083121 ,BUS2,KS,HH,98.88,17.08,28.76,2.33,6.19
20171116083121 ,EUSB,KS,HH,67.89,12.19,20.19,1.75,14.68
20171116083121 ,YODB,KS,HG,48.14,9.05,15.03,2.05,5.35
20171116083121 ,YEYB,KS,HH,63.31,11.52,19.18,2.45,3.28
20171116083121 ,PHA2,KS,EL,13.59,2.92,4.49,2.5,8.25
20171116083121 ,HAK,KG,HG,25.66,5.28,8.41,2.82,3.14
20171116083121 ,CHS,KG,HH,28.39,5.61,8.96,2.31,7.91
20171116083121 ,DKJ,KG,EL,31.33,6.05,9.7,2.38,8.04
20171116083121 ,ULJ2,KS,HH,66.54,11.98,20.2,2.2,7.57
20171116083121 ,HDB,KG,HH,43.35,8.05,13.4,2.35,10.76
20171116083121 ,YOCB,KS,HH,41.74,7.76,12.78,2.25,13.89
20171116083121 ,BBK,KG,EL,59.97,10.85,18.12,2.5,4.56
20171116083121 ,USN2,KS,EL,51.4,9.41,15.57,2.3,12.07
20171116083121 ,ADO2,KS,EL,51.54,9.43,15.68,2.39,16
20171116083121 ,DAG2,KS,HH,57.94,10.49,17.34,2.4,7.32
20171116083121 ,MKL,KG,HH,44.86,8.31,13.77,1.99,7.91
20171116083249 ,YSB,KG,HH,77.26,13.71,22.78,1.72,32.37
20171116083249 ,CGD,KG,EL,74.47,13.21,21.87,2.54,7.32
20171116083249 ,CIGB,KS,HH,89.16,15.66,26.24,2.2,8.72
20171116083249 ,MAK,KG,EL,85.69,14.91,25.05,2.5,10.94
20171116083249 ,GUWB,KS,HH,70.1,12.48,20.9,2.46,3.88
20171116083249 ,BUS2,KS,HH,99.75,17.16,28.89,2.49,7.7
20171116083249 ,ULJ2,KS,HH,65.5,11.62,19.55,2.46,7.91
20171116083249 ,HAK,KG,EL,26.97,5.21,8.58,2.77,3.54
20171116083249 ,CHS,KG,HH,27.29,5.47,8.8,2.47,8.95
20171116083249 ,YOCB,KS,HH,41.34,7.76,12.85,2.41,9.1
20171116083249 ,HDB,KG,HH,44.49,8.15,13.65,2.62,10.13
20171116083249 ,EUSB,KS,HH,66.63,11.99,19.94,2.48,5.91
20171116083249 ,DKJ,KG,EL,31.33,6.08,9.87,2.49,7.51
20171116083249 ,YODB,KS,HH,47.14,8.65,14.35,2.61,3.2
20171116083249 ,PHA2,KS,EL,12.9,2.59,4.02,2.67,6.43
20171116083249 ,ADO2,KS,EL,50.16,9.2,15.39,2.52,32.37
20171116083249 ,USN2,KS,EL,52,9.52,15.79,2.6,10.18
20171116083249 ,JEJB,KS,HH,54.91,10.02,16.73,2.5,9.29
20171116083249 ,DAG2,KS,HH,58.02,10.54,17.53,2.66,5.49
20171116083249 ,BBK,KG,EL,61.15,10.93,18.37,2.8,3.31
20171116083249 ,YEYB,KS,HH,61.95,11.12,18.76,2.47,5.09
20171116083249 ,MKL,KG,HH,45.69,8.4,13.98,2.4,7.53
20171116100505 ,EUSB,KS,HH,66.63,11.66,19.67,2.8,3.29
20171116100505 ,CGD,KG,EL,74.47,12.86,21.48,2.75,6.87
20171116100505 ,YSB,KG,HH,77.26,13.3,22.43,2.68,4.68
20171116100505 ,MAK,KG,EL,85.69,14.6,24.64,2.64,8.16
20171116100505 ,BUS2,KS,HH,99.75,16.85,28.57,2.78,5.44
20171116100505 ,ADOA,KS,HG,78.24,13.64,23.06,2.65,5.53
20171116100505 ,ULJ2,KS,HH,65.5,11.46,19.44,2.5,6.26
20171116100505 ,GKP1,KG,HH,73.25,12.77,21.34,2.7,9.42
20171116100505 ,YEYB,KS,HH,61.95,10.94,18.56,2.8,3.27
20171116100505 ,PHA2,KS,EL,12.9,2.47,3.97,2.85,6.58
20171116100505 ,HAK,KG,EL,26.97,4.98,8.32,2.95,4.26
20171116100505 ,DKJ,KG,EL,31.33,5.79,9.48,2.71,6.87
20171116100505 ,CSO,KS,HG,40.57,7.43,12.51,2.61,15.1
20171116100505 ,YOCB,KS,HH,41.34,7.46,12.48,2.76,4.5
20171116100505 ,CHS,KG,HH,27.29,5.22,8.52,2.67,6.81
20171116100505 ,HDB,KG,HH,44.49,7.85,13.31,2.61,9
20171116100505 ,DAG2,KS,HH,58.02,10.24,17.12,2.8,7.44
20171116100505 ,USN2,KS,EL,52,9.21,15.47,2.65,11.43
20171116100505 ,ADO2,KS,EL,50.16,8.98,15.13,2.79,10.04
20171116100505 ,YODB,KS,HG,47.14,8.51,14.31,2.95,1.88
20171116100505 ,MKL,KG,HH,45.69,8.1,13.6,2.6,6.87
20171116161701 ,CGD,KG,EL,69.37,11.94,20.06,2.61,3.46
20171116161701 ,ULJ2,KS,HH,70.1,11.94,20.45,2.49,3.04
20171116161701 ,YSB,KG,HH,72.23,12.42,20.99,2.64,1.8
20171116161701 ,BUS2,KS,HH,94.85,16,27.23,2.31,6.3
20171116161701 ,MAK,KG,EL,80.87,13.79,23.35,2.39,5.18
20171116161701 ,CIGB,KS,HH,86.17,14.83,24.88,2.5,2.69
20171116161701 ,CHR,KS,HG,96.83,16.42,27.74,2.53,8.72
20171116161701 ,GUWB,KS,HH,68.05,11.75,19.9,2.35,2.92
20171116161701 ,ADOA,KS,HG,79.23,13.68,23.23,2.62,3.01
20171116161701 ,YOCB,KS,HH,37.37,6.64,11.28,2.16,6.87
20171116161701 ,PHA2,KS,EL,16.44,2.79,4.76,2.39,8.23
20171116161701 ,HAK,KG,EL,25.17,4.4,7.54,2.8,2.82
20171116161701 ,CHS,KG,HH,26.46,4.82,8.06,2.35,5.19
20171116161701 ,DKJ,KG,EL,26.76,4.81,8.13,2.46,4.95
20171116161701 ,EUSB,KS,HH,66.15,11.5,19.38,2.48,2.92
20171116161701 ,HDB,KG,HH,40.54,7.03,12.11,2.49,6.08
20171116161701 ,MKL,KG,HH,40.91,7.15,12.16,2.42,4
20171116161701 ,USN2,KS,EL,46.95,8.23,14.01,2.37,6.89
20171116161701 ,YEYB,KS,HH,65.04,11.2,19.16,2.61,2.17
20171116161701 ,DAG2,KS,HH,53.12,9.28,15.72,2.45,5.18
20171116161701 ,BBK,KG,EL,57.2,9.82,17.07,2.6,3.04
20171116161701 ,YODB,KS,HH,51.77,8.97,15.3,2.65,1.99
20171116161701 ,ADO2,KS,EL,51.3,8.97,15.27,2.29,13.89
20171116232550 ,CGD,KG,EL,75.03,13.17,21.85,2.53,5.24
20171116232550 ,EUSB,KS,HH,67.45,12.08,20.13,2.31,4.42
20171116232550 ,GKP1,KG,HH,74.08,13.21,21.75,2.2,13.08
20171116232550 ,YSB,KG,HH,77.56,13.62,22.75,2.05,7.93
20171116232550 ,MAK,KG,EL,85.87,14.93,25.04,2.05,14.02
20171116232550 ,BUS2,KS,HH,99.96,17.15,28.86,1.9,19.85
20171116232550 ,ULJ2,KS,HH,65.44,11.81,19.83,2.37,5.35
20171116232550 ,HDB,KG,HH,44.43,8.13,13.57,2.31,9.1
20171116232550 ,YEYB,KS,HH,62.3,11.33,18.99,2.35,3.68
20171116232550 ,YOCB,KS,HH,42.14,7.82,12.89,2.34,6.81
20171116232550 ,CSO,KS,HG,41.14,7.82,12.99,2.35,7.57
20171116232550 ,DKJ,KG,EL,31.99,6.13,9.93,2.51,6.73
20171116232550 ,CHS,KG,HH,28.1,5.59,8.97,2.24,9.02
20171116232550 ,HAK,KG,EL,26.55,5.21,8.51,2.82,2.84
20171116232550 ,PHA2,KS,EL,12.86,2.77,4.29,2.44,11.73
20171116232550 ,DAG2,KS,HH,58.67,10.6,17.51,2.52,5.52
20171116232550 ,USN2,KS,EL,52.38,9.51,15.77,2.44,10.13
20171116232550 ,ADO2,KS,EL,50.82,9.36,15.59,2.39,16
20171116232550 ,MKL,KG,HH,45.91,8.41,13.93,2.29,9.1
20171117095715 ,DAU,KS,HG,70.8,13.14,21.5,3.13,5.74
20171117095715 ,GKP1,KG,HH,71.66,13.29,21.68,3.08,6.89
20171117095715 ,CGD,KG,EL,72.2,13.2,21.64,3.1,3.44
20171117095715 ,YSB,KG,HH,74.89,13.67,22.54,2.95,3.33
20171117095715 ,MAK,KG,EL,83.36,15,24.78,2.83,6.24
20171117095715 ,MIYA,KS,HG,87.49,15.82,26.11,3.31,2.66
20171117095715 ,BUS2,KS,HH,97.4,17.23,28.75,2.86,5.96
20171117095715 ,CHR,KS,HG,99.61,17.78,29.42,3.28,6.17
20171117095715 ,ULJ2,KS,HH,67.75,12.6,20.95,2.93,4.13
20171117095715 ,ADOA,KS,HG,79.02,14.68,24.14,3.1,3.52
20171117095715 ,EUSB,KS,HG,66.74,12.55,20.44,2.92,4.17
20171117095715 ,CSO,KS,HG,41.72,8.4,13.62,3.03,5.18
20171117095715 ,PHA2,KS,HG,14.48,3.53,5.25,3.13,4.71
20171117095715 ,HAK,KG,EL,25.71,5.48,8.67,3.46,2.56
20171117095715 ,CHS,KG,HH,27.14,5.94,9.25,3,4.55
20171117095715 ,DKJ,KG,EL,29.35,6.2,9.68,3.16,4.6
20171117095715 ,YOCB,KS,HH,39.72,7.97,12.84,2.89,6.87
20171117095715 ,HDB,KG,HH,42.43,8.25,13.5,2.95,6.08
20171117095715 ,JEJB,KS,HH,52.88,10.18,16.69,2.99,4.28
20171117095715 ,YODB,KS,HH,49.39,9.58,15.7,3.1,2.19
20171117095715 ,ADO2,KS,EL,50.98,9.93,16.17,3.05,7.25
20171117095715 ,MKL,KG,HH,43.39,8.47,13.71,2.7,4.85
20171117095715 ,DAG2,KS,HH,55.89,10.65,17.31,3.22,4.83
20171117095715 ,BBK,KG,HG,59.09,11.03,18.23,3.1,2.51
20171117095715 ,YEYB,KS,HH,63.63,12.01,19.83,3.1,2.14
20171118161838 ,CGD,KG,EL,72.49,12.77,21.2,2.26,6.87
20171118161838 ,EUSB,KS,HH,65.46,11.73,19.72,2.2,4.23
20171118161838 ,ADOA,KS,HG,77.62,13.87,23.26,2.35,4.33
20171118161838 ,MAK,KG,EL,84.28,14.53,24.39,2.19,6.12
20171118161838 ,CHR,KS,HG,99.6,17.18,28.86,2.54,6.87
20171118161838 ,YSB,KG,HH,75.64,13.29,22.1,2.25,3.29
20171118161838 ,YEYB,KS,HH,62.28,11.34,18.93,2.2,3.94
20171118161838 ,PHA2,KS,EL,13.87,2.89,4.52,2.46,4.81
20171118161838 ,DAG2,KS,HH,55.98,10.12,16.78,2.35,4.56
20171118161838 ,HAK,KG,EL,27.03,5.12,8.4,2.5,4.88
20171118161838 ,DKJ,KG,EL,29.36,5.69,9.18,2.15,10.48
20171118161838 ,YOCB,KS,HH,39.31,7.38,12.22,2.19,7.34
20171118161838 ,CHS,KG,HH,26,5.27,8.49,2.34,5.19
20171118161838 ,MKL,KG,HH,44.25,8.03,13.29,2.2,5.28
20171118161838 ,YODB,KS,HH,48.42,9.13,14.81,1.75,7.75
20171118161838 ,ADO2,KS,EL,49.59,9.22,15.3,2.16,19.79
20171118161838 ,USN2,KS,EL,50.28,9.11,15.11,2.25,7.4
20171118161838 ,HDB,KG,HH,43.61,8.09,13.19,2.2,9.02
20171118183331 ,ULJ2,KS,HH,68.84,12.16,20.61,2.65,3.85
20171118183331 ,GUWB,KS,HH,69.64,12.32,20.74,2.95,1.57
20171118183331 ,GKP1,KG,HH,71.3,12.68,21.12,2.9,3.75
20171118183331 ,CGD,KG,EL,71.36,12.6,21,2.93,2.87
20171118183331 ,YSB,KG,HH,73.85,13.04,22.07,2.75,2.67
20171118183331 ,ADOA,KS,HG,79.76,14.15,23.77,2.8,4.26
20171118183331 ,MAK,KG,EL,82.28,14.32,24.13,2.71,5.18
20171118183331 ,CHR,KS,HG,98.93,17.12,28.76,2.85,6.65
20171118183331 ,EUSB,KS,HH,67.22,11.93,20.11,2.64,4.03
20171118183331 ,CHS,KG,HH,27.53,5.38,8.76,2.65,5.13
20171118183331 ,HDB,KG,HH,41.36,7.61,12.78,2.8,4.51
20171118183331 ,YOCB,KS,HH,39.36,7.36,12.18,2.74,3.75
20171118183331 ,DKJ,KG,EL,28.72,5.54,9.01,2.85,3.91
20171118183331 ,YEYB,KS,HH,64.64,11.55,19.47,2.79,2.7
20171118183331 ,HAK,KG,EL,24.89,4.85,8.01,3.1,2.7
20171118183331 ,PHA2,KS,EL,15.29,3.05,4.82,2.98,4.21
20171118183331 ,USN2,KS,EL,48.67,8.9,14.87,2.67,6.81
20171118183331 ,MKL,KG,HH,42.34,7.83,13.02,2.76,3.69
20171118183331 ,BBK,KG,EL,58.01,10.42,17.68,2.8,3.18
20171118183331 ,DAG2,KS,HH,55.17,10,16.64,2.88,3.88
20171118183331 ,JEJB,KS,HH,51.8,9.54,16.04,2.71,5.18
20171118183331 ,ADO2,KS,EL,51.75,9.43,15.75,2.68,11.43
20171118183331 ,YODB,KS,HH,50.47,9.15,15.35,2.8,2.08
20171118200705 ,EUSB,KS,HH,68.27,12.37,20.73,2.03,4.13
20171118200705 ,CGD,KG,EL,75.61,13.31,22.33,1.96,6.32
20171118200705 ,GKP1,KG,HH,74.92,13.63,22.19,2.14,8.74
20171118200705 ,MAK,KG,EL,86.06,14.92,25.19,1.89,9.5
20171118200705 ,BBK,KG,EL,60.98,10.89,18.29,1.6,12.24
20171118200705 ,PHA2,KS,EL,12.89,2.74,4.26,2.43,5.96
20171118200705 ,HAK,KG,EL,26.15,5.07,8.29,2.35,3.54
20171118200705 ,CHS,KG,HH,28.91,5.8,9.41,1.9,7.44
20171118200705 ,YEYB,KS,HH,62.67,11.49,19.29,2.05,3.42
20171118200705 ,YOCB,KS,HH,42.95,8.05,13.34,1.96,9.26
20171118200705 ,DKJ,KG,EL,32.66,6.26,10.22,2.05,6.37
20171118200705 ,MKL,KG,HH,46.14,8.46,14.21,1.87,9.56
20171118200705 ,ADO2,KS,EL,51.5,9.56,16,1.75,19.68
20171118200705 ,USN2,KS,EL,52.77,9.6,16.09,1.95,11.17
20171118200705 ,DAG2,KS,HH,59.33,10.7,17.86,2.05,6.5
20171118214059 ,EUSB,KS,HH,66.43,11.95,19.98,2.37,3.9
20171118214059 ,GUWB,KS,HH,68.75,12.3,20.56,2.2,4.43
20171118214059 ,ULJ2,KS,HH,68.92,12.34,20.81,2.18,8.16
20171118214059 ,CGD,KG,EL,70.79,12.58,20.82,2.5,5.55
20171118214059 ,MIYA,KS,HG,86.07,15.19,25.42,2.65,3.56
20171118214059 ,CHR,KS,HG,98.22,17.11,28.59,2.95,4.81
20171118214059 ,GKP1,KG,HH,70.46,12.81,20.92,2.46,11.46
20171118214059 ,PHA2,KS,EL,15.43,3.29,5.14,2.39,9.42
20171118214059 ,HAK,KG,EL,25.4,5.05,8.24,2.79,3.25
20171118214059 ,CHS,KG,HH,26.76,5.41,8.66,2.17,10.48
20171118214059 ,DKJ,KG,EL,28.05,5.55,8.92,2.5,6.61
20171118214059 ,YOCB,KS,HH,38.54,7.35,12.04,2.34,10.69
20171118214059 ,HDB,KG,HH,41.47,7.72,12.8,2.39,9.81
20171118214059 ,YEYB,KS,HH,64.32,11.66,19.54,2.16,6.63
20171118214059 ,BBK,KG,EL,58.13,10.49,17.6,2.5,4.54
20171118214059 ,DAG2,KS,HH,54.5,9.99,16.49,2.54,6.87
20171118214059 ,ADO2,KS,EL,51.12,9.48,15.71,2.32,23.86
20171118214059 ,MKL,KG,HH,42.14,7.87,13.02,2.2,10.76
20171118214059 ,USN2,KS,EL,48.3,8.95,14.88,2.25,16
20171119144547 ,MAK,KG,EL,85.69,14.98,25.11,3.7,2.23
20171119144547 ,CGD,KG,EL,74.47,13.28,22.01,3.74,2.56
20171119144547 ,GKP1,KG,HH,73.25,13.28,22.14,3.82,1.95
20171119144547 ,YSB,KG,HH,77.26,13.76,22.93,3.56,1.97
20171119144547 ,CIGB,KS,HH,89.16,15.9,26.44,3.78,1.68
20171119144547 ,MIYA,KS,HG,89.76,15.89,26.56,3.6,2.3
20171119144547 ,UJN,KS,HG,97.39,17.2,29.19,3.61,4.5
20171119144547 ,GUWB,KS,HH,70.1,12.73,21.26,3.91,1.02
20171119144547 ,PHA2,KS,EL,12.9,2.88,4.37,3.71,6.21
20171119144547 ,HAK,KG,EL,26.97,5.26,8.51,3.95,2.15
20171119144547 ,ADOA,KS,HG,78.24,14.15,23.83,3.74,2.22
20171119144547 ,CHS,KG,HH,27.29,5.74,9.17,3.71,2.31
20171119144547 ,DKJ,KG,EL,31.33,6.25,10.13,3.77,2.22
20171119144547 ,EUSB,KS,HH,66.63,12.22,20.38,3.84,1.65
20171119144547 ,HDB,KG,HH,44.49,8.23,13.69,3.53,4.78
20171119144547 ,MKL,KG,HH,45.69,8.53,14.04,3.45,3.39
20171119144547 ,YODB,KS,HH,47.14,8.96,14.78,3.55,2.22
20171119144547 ,ADO2,KS,EL,50.16,9.55,15.84,3.81,3.54
20171119144547 ,YOCB,KS,HH,41.34,7.97,13.21,3.84,1.77
20171119144547 ,ULJ2,KS,HH,65.5,11.96,20.04,3.44,3.79
20171119144547 ,BBK,KG,EL,61.15,11.01,18.38,3.53,2.77
20171119144547 ,YEYB,KS,HH,61.95,11.48,19.22,3.85,1.55
20171119144547 ,DAG2,KS,HH,58.02,10.72,17.7,3.72,2.58
20171119210515 ,GUWB,KS,HH,69.91,12.37,20.92,3.82,1.17
20171119210515 ,ADOA,KS,HG,76.82,13.64,23.05,3.7,1.67
20171119210515 ,DAU,KS,HG,73.22,12.99,21.7,3.85,2.58
20171119210515 ,GKP1,KG,HH,74.06,13.14,21.87,3.81,2.27
20171119210515 ,CGD,KG,EL,76.18,13.27,22.27,3.74,2.26
20171119210515 ,MIYA,KS,HG,91.49,15.86,26.69,4,1.41
20171119210515 ,MAK,KG,EL,87.86,15.03,25.46,3.7,2.51
20171119210515 ,CIGB,KS,HH,89.4,15.64,26.34,3.73,1.66
20171119210515 ,CHYB,KS,HH,98.23,16.99,28.75,3.68,2.27
20171119210515 ,YSB,KG,HH,79.34,13.77,23.16,3.59,2.05
20171119210515 ,EUSB,KS,HH,65.78,11.77,19.84,3.85,1.23
20171119210515 ,PHA2,KS,EL,11.64,2.17,3.38,3.89,2.42
20171119210515 ,CHS,KG,HH,26.82,5.31,8.73,3.73,2.18
20171119210515 ,HAK,KG,EL,28.76,5.3,8.85,3.95,2.22
20171119210515 ,DKJ,KG,EL,32.74,6.16,10.18,3.74,3.16
20171119210515 ,YOCB,KS,HH,42.23,7.83,13.09,3.72,2.66
20171119210515 ,HDB,KG,HH,46.65,8.31,14.01,3.71,3.7
20171119210515 ,YODB,KS,HH,44.98,8.26,13.82,3.71,1.62
20171119210515 ,ADO2,KS,EL,48.75,8.97,15.09,3.68,4.08
20171119210515 ,BBK,KG,EL,63.33,11.07,18.72,3.55,2.99
20171119210515 ,ULJ2,KS,HH,63.31,11.26,19.17,3.66,1.99
20171119210515 ,MKL,KG,HH,47.8,8.56,14.43,3.68,2.47
20171119210515 ,DAG2,KS,HH,59.53,10.65,17.82,3.79,2.83
20171119210515 ,YEYB,KS,HH,59.94,10.83,18.29,3.82,1.38
20171120205834 ,CHR,KS,HG,98.93,16.92,28.56,2.45,7.91
20171120205834 ,CIGB,KS,HH,88.02,15.18,25.56,2.04,6.34
20171120205834 ,ADOA,KS,HG,79.76,13.86,23.41,2.2,6.05
20171120205834 ,CGD,KG,EL,71.36,12.4,20.82,2.29,5.86
20171120205834 ,GKP1,KG,HH,71.3,12.54,20.86,2.2,12.31
20171120205834 ,PHA2,KS,EL,15.29,2.82,4.59,2.18,10.82
20171120205834 ,YEYB,KS,HH,64.64,11.29,19.13,2.01,5.96
20171120205834 ,HDB,KG,HH,41.36,7.45,12.68,2.02,18.11
20171120205834 ,DKJ,KG,EL,28.72,5.39,8.87,2.23,8.87
20171120205834 ,CHS,KG,HH,27.53,5.15,8.45,2.05,7.97
20171120205834 ,YOCB,KS,HH,39.36,7.17,11.97,2.05,11.49
20171120205834 ,HAK,KG,EL,24.89,4.72,7.88,2.53,4.28
20171120205834 ,MKL,KG,HH,42.34,7.66,12.88,1.91,9.87
20171120205834 ,ADO2,KS,EL,51.75,9.16,15.43,2.03,29.19
20171120205834 ,DAG2,KS,HH,55.17,9.83,16.43,2.31,7.91
20171120235729 ,GKP1,KG,HH,70.46,12.38,20.66,2.64,8.4
20171120235729 ,CGD,KG,EL,70.79,12.25,20.45,2.77,4.42
20171120235729 ,YSB,KG,HH,73.56,12.76,21.4,1.9,13.54
20171120235729 ,CIGB,KS,HH,87.12,15.18,25.26,2.63,3.6
20171120235729 ,MAK,KG,EL,82.11,14.19,23.71,2.5,5.88
20171120235729 ,MIYA,KS,HG,86.07,15.01,24.97,2.8,3.36
20171120235729 ,CHR,KS,HG,98.22,16.83,28.23,2.69,9.59
20171120235729 ,ULJ2,KS,HH,68.92,12.33,20.74,2.35,5.95
20171120235729 ,ADOA,KS,HG,79.11,12.63,23.53,2.5,4.67
20171120235729 ,EUSB,KS,HG,66.43,11.82,19.77,2.59,3.91
20171120235729 ,PHA2,KS,EL,15.43,3.15,5.03,2.67,7.32
20171120235729 ,HAK,KG,EL,25.4,4.82,7.93,2.8,2.84
20171120235729 ,GUWB,KS,HG,68.75,12.12,20.3,2.64,3.01
20171120235729 ,DKJ,KG,EL,28.05,5.22,8.5,2.7,4.5
20171120235729 ,YOCB,KS,HH,38.54,6.74,11.66,2.61,12.07
20171120235729 ,CHS,KG,HH,26.76,5.18,8.42,2.4,6.28
20171120235729 ,HDB,KG,HH,41.47,7.42,12.57,2.27,13.89
20171120235729 ,YEYB,KS,HH,64.32,11.53,19.47,2.35,4.28
20171120235729 ,DAG2,KS,HH,54.5,9.69,16.09,2.79,4.56
20171120235729 ,BBK,KG,EL,58.13,10.21,17.32,2.57,4.5
20171120235729 ,ADO2,KS,EL,51.12,9.31,15.56,2.35,15.41
20171120235729 ,YODB,KS,HH,50.57,9.3,15.47,2.78,2.16
20171120235729 ,MKL,KG,HH,42.14,7.55,12.64,2.55,4.88
20171121005301 ,EUSB,KS,HH,64.66,11.5,19.84,2.71,4.5
20171121005301 ,ULJ2,KS,HH,66.82,11.12,19.25,2.5,5.81
20171121005301 ,MAK,KG,EL,84.13,14.39,24.58,2.5,5.05
20171121005301 ,CGD,KG,EL,71.94,12.57,21.35,2.64,3.73
20171121005301 ,YSB,KG,HG,75.37,13.1,22.21,2.2,5.47
20171121005301 ,ADOA,KS,HG,76.96,13.44,23.18,2.65,4.06
20171121005301 ,GKP1,KG,HH,70.36,12.51,21.47,2.62,6.56
20171121005301 ,YEYB,KS,HH,61.96,10.7,18.47,2.78,3.08
20171121005301 ,CHR,KS,HG,98.9,17.05,29.18,2.8,6.65
20171121005301 ,BBK,KG,EL,60.43,10.16,17.63,2.65,3.63
20171121005301 ,PHA2,KS,EL,14.07,1.99,3.49,2.9,4.81
20171121005301 ,CHS,KG,HH,25.22,4.99,8.58,2.62,4.7
20171121005301 ,HAK,KG,EL,27.53,4.32,7.61,2.75,3.84
20171121005301 ,DKJ,KG,EL,28.73,5.47,9.45,2.65,3.9
20171121005301 ,YOCB,KS,HH,38.51,7.22,12.49,2.69,4.5
20171121005301 ,CSO,KS,HG,39.82,7.25,12.58,2.41,28.12
20171121005301 ,GUWB,KS,HH,67.57,12.02,20.91,2.74,2.56
20171121005301 ,MKL,KG,HH,44.08,7.77,13.38,2.38,6.14
20171121005301 ,ADO2,KS,EL,48.96,8.74,15.15,2.61,12
20171121005301 ,YODB,KS,HH,48.54,8.18,13.92,2.8,2.02
20171121005301 ,HDB,KG,HH,43.73,7.4,12.9,2.4,7.91
20171121005301 ,JEJB,KS,HG,54.26,8.8,15.83,2.05,5.71
20171121005301 ,DAG2,KS,HH,55.34,9.95,17.03,2.69,4.63
20171121005301 ,USN2,KS,EL,49.94,8.9,15.25,2.4,8.52
20171122034146 ,GKP1,KG,HH,71.66,12.93,21.24,2.76,5.57
20171122034146 ,CGD,KG,EL,72.2,12.86,21.19,2.89,3.39
20171122034146 ,YSB,KG,HH,74.89,13.35,22.15,2.65,3.25
20171122034146 ,PHA2,KS,EL,14.48,3.32,5.06,2.82,6.05
20171122034146 ,MAK,KG,EL,83.36,14.68,24.44,2.59,5.96
20171122034146 ,CIGB,KS,HH,88.09,15.61,25.94,2.95,2.12
20171122034146 ,CHR,KS,HG,99.61,17.52,28.96,2.86,7.23
20171122034146 ,EUSB,KS,HH,66.74,12.19,19.98,2.65,3.01
20171122034146 ,ADOA,KS,HG,79.02,14.29,23.85,2.8,4.03
20171122034146 ,ULJ2,KS,HH,67.75,12.38,20.66,2.4,7.11
20171122034146 ,HAK,KG,EL,25.71,5.21,8.39,3.12,2.7
20171122034146 ,CHS,KG,HH,27.14,5.6,8.86,2.89,3.8
20171122034146 ,DKJ,KG,EL,29.35,5.83,9.31,2.8,4.33
20171122034146 ,YOCB,KS,HH,39.72,7.61,12.39,2.51,8.02
20171122034146 ,YEYB,KS,HH,63.63,11.77,19.55,2.74,3.39
20171122034146 ,HDB,KG,HH,42.43,7.93,13.09,2.66,7.57
20171122034146 ,CSO,KS,HG,41.72,8.1,13.33,2.48,32.37
20171122034146 ,BBK,KG,EL,59.09,10.73,17.84,2.81,3.48
20171122034146 ,MKL,KG,HH,43.39,8.13,13.34,2.45,5.96
20171122034146 ,JEJB,KS,HH,52.88,9.9,16.26,2.65,6.19
20171122034146 ,DAG2,KS,HH,55.89,10.28,16.86,2.8,4.36
20171122034146 ,ADO2,KS,EL,50.98,9.61,15.84,2.7,13.89
20171122034146 ,USN2,KS,EL,49.65,9.22,15.11,2.73,6.87
20171122034146 ,YODB,KS,HH,49.39,9.46,15.46,2.8,2.57
20171122131541 ,MAK,KG,EL,85.53,14.76,24.76,2.12,12.07
20171122131541 ,CGD,KG,EL,73.91,13.02,21.58,2.21,7.27
20171122131541 ,EUSB,KS,HH,65.82,11.88,19.84,1.94,8.42
20171122131541 ,ULJ2,KS,HH,65.56,11.84,19.8,2.09,7.44
20171122131541 ,PHA2,KS,EL,13,2.83,4.36,2.28,7.51
20171122131541 ,CHS,KG,HH,26.49,5.43,8.69,2.18,6.81
20171122131541 ,HAK,KG,EL,27.41,5.23,8.52,2.5,4.96
20171122131541 ,DKJ,KG,EL,30.69,5.96,9.58,2.19,12.75
20171122131541 ,YOCB,KS,HH,40.54,7.63,12.59,2.09,10.48
20171122131541 ,YEYB,KS,HH,61.6,11.32,18.85,2.2,4.33
20171122131541 ,MKL,KG,HH,45.49,8.25,13.71,1.9,8.62
20171122131541 ,USN2,KS,EL,51.63,9.36,15.55,2.09,16
20171122131541 ,DAG2,KS,HH,57.37,10.39,17.2,2.26,9.16
20171122131541 ,ADO2,KS,EL,49.5,9.23,15.37,2.16,28.12
20171122131541 ,YODB,KS,HH,47.23,8.91,14.58,1.75,11.36
20171123142705 ,HAK,KG,EL,25.66,5.06,8.35,2.8,2.97
20171123142705 ,CHS,KG,HH,28.39,5.72,9.25,2.42,3.57
20171123142705 ,HDB,KG,HH,43.35,8.08,13.55,2.49,6.85
20171123142705 ,DKJ,KG,EL,31.33,6.17,10.09,2.39,4.68
20171123142705 ,MKL,KG,HH,44.86,8.42,14.04,2.2,5.5
20171123142705 ,GKP1,KG,HH,73.71,13.45,22.09,2.41,7.15
20171123142705 ,CGD,KG,EL,74.19,13.2,22.08,2.47,3.84
20171123142705 ,MAK,KG,EL,84.79,14.89,25.1,2.24,7.23
20171123161727 ,GKP1,KG,HH,72.03,12.99,21.41,2.4,16
20171123161727 ,CGD,KG,EL,73.05,12.95,21.5,2.39,8.82
20171123161727 ,DAU,KS,HG,71.18,12.86,21.21,2.55,10.48
20171123161727 ,YSB,KG,HH,75.93,13.4,22.49,2.31,6.87
20171123161727 ,MIYA,KS,HG,88.34,15.55,25.98,2.5,4.36
20171123161727 ,MAK,KG,EL,84.44,14.76,24.6,2.22,16.56
20171123161727 ,CIGB,KS,HH,88.17,15.62,26.11,2.5,4.96
20171123161727 ,BUS2,KS,HH,98.47,16.99,28.55,2.4,10.48
20171123161727 ,GUWB,KS,HH,69.34,12.47,20.91,2.16,6.71
20171123161727 ,ADOA,KS,HG,78.29,14.06,23.58,2.65,3.74
20171123161727 ,ULJ2,KS,HH,66.66,12,20.21,2.35,6.08
20171123161727 ,PHA2,KS,EL,13.72,2.96,4.55,2.64,6.65
20171123161727 ,HAK,KG,EL,26.55,5.2,8.47,3,3.03
20171123161727 ,CHS,KG,HH,26.79,5.53,8.82,2.31,10.48
20171123161727 ,DKJ,KG,EL,30.01,5.94,9.51,2.53,8.04
20171123161727 ,YOCB,KS,HH,40.12,7.67,12.57,2.32,9.73
20171123161727 ,CSO,KS,HG,40.87,8.04,13.03,2.28,13.89
20171123161727 ,HDB,KG,HH,43.5,8,13.22,2.48,10.27
20171123161727 ,EUSB,KS,HH,66.27,12,20.06,2.37,5.88
20171123161727 ,YODB,KS,HH,48.31,9.05,14.95,2.53,2.71
20171123161727 ,ADO2,KS,EL,50.24,9.39,15.58,2.5,18.47
20171123161727 ,JEJB,KS,HG,53.96,9.82,16.42,2.65,2.09
20171123161727 ,DAG2,KS,HH,56.63,10.38,17.12,2.8,3.9
20171123161727 ,BBK,KG,EL,60.17,10.75,18.03,2.35,7.09
20171123161727 ,MKL,KG,HH,44.44,8.24,13.6,2.42,7.91
20171123161727 ,YEYB,KS,HH,62.61,11.44,19.15,2.54,4.07
20171124122725 ,GGDB,KS,HH,42.16,8.25,13.32,1.9,14.18
20171124122725 ,CJD,KS,HH,68.32,12.62,20.88,2.16,11.93
20171124122725 ,JDO,KS,EL,84.39,15.18,25.35,2.21,24.63
20171124122725 ,BGD,KG,HH,92.43,16.35,27.5,2.23,9.53
20171124122725 ,AJD,KG,EL,93.2,16.55,27.8,2.14,21.21
20171124122725 ,HALB,KS,HH,97.5,17.17,29.15,1.97,6.99
20171125035111 ,CHR,KS,HG,99.61,17.53,29.28,2.44,11.86
20171125035111 ,MAK,KG,EL,83.36,14.87,24.63,2.17,13.89
20171125035111 ,CGD,KG,EL,72.2,13.01,21.44,2.37,6.85
20171125035111 ,EUSB,KS,HH,66.74,12.26,20.23,2.29,5.18
20171125035111 ,BUS2,KS,HH,97.4,17.18,28.55,2.24,9.1
20171125035111 ,YEYB,KS,HH,63.63,11.66,19.42,2.49,3.56
20171125035111 ,BBK,KG,EL,59.09,10.93,18.11,2.44,4.45
20171125035111 ,PHA2,KS,EL,14.48,3.19,4.83,2.41,8.04
20171125035111 ,DKJ,KG,EL,29.35,5.99,9.5,2.42,7.91
20171125035111 ,YOCB,KS,HH,39.72,7.75,12.64,2.34,7.75
20171125035111 ,CHS,KG,HH,27.14,5.67,8.96,2.24,8.62
20171125035111 ,HDB,KG,HH,42.43,8.21,13.32,2.06,21.89
20171125035111 ,ADO2,KS,EL,50.98,9.64,15.85,2.29,28.12
20171125035111 ,DAG2,KS,HH,55.89,10.43,17.17,2.64,5.47
20171125035111 ,YODB,KS,HH,49.39,9.35,15.25,1.9,18.05
20171125035111 ,MKL,KG,HH,43.39,8.32,13.56,2.12,8.23
20171125035111 ,USN2,KS,EL,49.65,9.39,15.26,2.3,16
20171125051041 ,EUSB,KS,HH,66.27,12.44,20.59,2.77,5.41
20171125051041 ,BUS2,KS,HH,98.47,17.25,28.85,2.65,6.93
20171125051041 ,ADOA,KS,HG,78.29,14.51,24.13,2.8,4.51
20171125051041 ,YSB,KG,HH,75.93,13.72,22.99,2.65,3.72
20171125051041 ,CGD,KG,EL,73.05,13.24,21.89,2.8,5.71
20171125051041 ,GKP1,KG,HH,72.03,13.31,22.08,2.7,9.75
20171125051041 ,GUWB,KS,HH,69.34,12.84,21.37,2.82,3.14
20171125051041 ,ULJ2,KS,HH,66.66,12.37,20.62,2.62,5.5
20171125051041 ,YEYB,KS,HH,62.61,11.83,19.65,2.8,3.19
20171125051041 ,PHA2,KS,EL,13.72,3.24,4.89,2.88,4.42
20171125051041 ,HAK,KG,EL,26.55,5.3,8.53,2.97,4.16
20171125051041 ,CHS,KG,HH,26.79,5.9,9.32,2.68,6.73
20171125051041 ,DKJ,KG,EL,30.01,6.22,9.92,2.76,7.64
20171125051041 ,YOCB,KS,HG,40.12,7.98,12.98,2.74,3.39
20171125051041 ,HDB,KG,HH,43.5,8.22,13.66,2.4,12.07
20171125051041 ,DAG2,KS,HH,56.63,10.68,17.48,2.77,5.76
20171125051041 ,USN2,KS,EL,50.64,9.56,15.7,2.68,9.42
20171125051041 ,ADO2,KS,EL,50.24,9.82,16.15,2.8,18.16
20171125051041 ,YODB,KS,HH,48.31,9.42,15.35,2.79,2.57
20171125051041 ,MKL,KG,HH,44.44,8.46,13.84,2.41,6.87
20171130230326 ,YSB,KG,HH,74.89,13.55,22.52,2.65,3.38
20171130230326 ,GKP1,KG,HH,71.66,13.12,21.52,2.6,9.9
20171130230326 ,CGD,KG,EL,72.2,13.04,21.53,2.56,6.32
20171130230326 ,CHR,KS,HG,99.61,17.57,29.36,2.75,9.5
20171130230326 ,UJN,KS,HG,99.64,17.8,29.69,2.89,6.87
20171130230326 ,MAK,KG,EL,83.36,14.88,24.62,2.57,9.1
20171130230326 ,HAK,KG,EL,25.71,5.28,8.47,2.92,3.96
20171130230326 ,CHS,KG,HH,27.14,5.74,9.07,2.58,6.87
20171130230326 ,YOCB,KS,HH,39.72,7.71,12.59,2.49,8.59
20171130230326 ,CSO,KS,HG,41.72,8.16,13.43,2.37,20.2
20171130230326 ,HDB,KG,HH,42.43,8.22,13.37,2.53,7.95
20171130230326 ,MKL,KG,HH,43.39,8.29,13.53,2.64,5.91
20171130230326 ,DKJ,KG,EL,29.35,6.03,9.55,2.52,11.9
20171130230326 ,DAG2,KS,HH,55.89,10.39,17.07,2.65,6.39
20171202161347 ,YOCB,KS,HG,87.13,15.1,25.47,2.5,5.02
20171202161347 ,PHA2,KS,EL,79.74,13.99,23.69,2.65,4.9
20171202161347 ,CHJ2,KS,HH,77.29,13.88,22.86,2.53,14.38
20171202161347 ,JECB,KS,HH,72.58,13.07,21.62,2.39,7.49
20171202161347 ,JES,KS,HG,77.4,13.8,23.03,2.36,19.01
20171202161347 ,CIGB,KS,HH,88.65,15.41,25.86,2.51,8.97
20171202161347 ,PYCA,KS,HG,98.82,17.15,28.9,2.65,7.25
20171202161347 ,DKJ,KG,EL,93.37,16.04,27.5,2.4,10.48
20171202161347 ,CPR2,KS,EL,96.55,16.69,28.13,2.53,10.85
20171202161347 ,DAU,KS,HG,98.12,17.06,28.79,2.6,9.1
20171202161347 ,OKEB,KS,HH,98.21,17.2,28.66,2.52,12.56
20171202161347 ,GKP1,KG,HH,98.22,16.95,28.76,2.79,7.57
20171202161347 ,GIC,KS,HG,98.86,17.07,29,2.8,6.19
20171202161347 ,TOHA,KS,HG,88.81,15.89,26.41,2.65,4.49
20171202161347 ,IMWB,KS,HH,72.05,13.04,21.53,2.65,13.01
20171202161347 ,MGY2,KS,HG,69.38,12.52,20.57,2.43,5.96
20171202161347 ,SND,KG,HG,46.07,8.91,14.37,2.55,7.91
20171202161347 ,YCH,KS,HG,38.98,7.69,12.58,2.35,15.23
20171202161347 ,YOJB,KS,HH,31.87,6.57,10.46,2.46,5.96
20171202161347 ,YEYB,KS,HH,29.42,5.98,9.54,2.6,7.91
20171202161347 ,EUSB,KS,HH,46.36,8.85,14.26,2.32,9.1
20171202161347 ,CSO,KS,HG,47.1,8.92,14.73,2.68,10.73
20171202161347 ,GWL,KS,HG,51.69,9.76,16.01,2.64,5.41
20171202161347 ,ADOA,KS,HG,24.51,5.28,8.38,2.5,5.58
20171202161347 ,CHS,KG,HH,68.28,12.16,20.26,2.46,8.5
20171202161347 ,GUWB,KS,HH,67.06,12,20.12,2.5,4.82
20171202161347 ,JSB,KG,HH,64.54,11.76,19.33,2.26,10.73
20171202161347 ,UJN,KS,HG,60.13,11.14,18.23,2.78,5.57
20171202161347 ,YODB,KS,HG,58.8,10.58,17.66,2.5,4.67
20171202161347 ,YOW2,KS,EL,58.61,10.79,17.77,2.35,20.91
20171202161347 ,MGB,KG,HH,56.34,10.4,16.98,2.49,5.41
20171202161347 ,ULJ2,KS,HH,53.77,9.79,16.15,2.5,6.54
20171202161347 ,ADO2,KS,EL,40.48,7.79,12.67,2.46,32.37
20171204125547 ,JJU2,KS,HH,56.97,10.97,18.51,2.3,6.45
20171204125547 ,GMDB,KS,HH,70.76,13.06,22.1,2.19,8.3
20171204125547 ,JJB,KG,HH,46.95,9.45,15.91,2.35,3.44
20171204125547 ,GOS2,KS,EL,93.48,15.74,26.89,1.87,13.19
20171205121932 ,MAK,KG,EL,77.12,13.53,22.59,2.05,17.19
20171205121932 ,BUS2,KS,HH,91.43,15.71,26.54,2.09,10.48
20171205121932 ,GUWB,KS,HH,79.88,14.1,23.61,2.35,2.41
20171205121932 ,CGD,KG,EL,72.27,12.72,21.23,2.17,7.05
20171205121932 ,HAK,KG,EL,15.18,3.18,5.08,2.39,4.58
20171205121932 ,DKJ,KG,EL,33.35,6.5,10.69,2.2,5.02
20171205121932 ,HDB,KG,HH,33.91,6.41,10.62,2.02,8.5
20171205121932 ,CHS,KG,HH,38.49,7.27,12,2.31,2.22
20171205121932 ,MKL,KG,HH,38.56,7.2,12.01,2.34,4.64
20171205121932 ,YOCB,KS,HH,46.33,8.59,14.33,2,7.77
20171205121932 ,DAG2,KS,HH,58.06,10.48,17.56,2.48,3.63
20171208164959 ,GUWB,KS,HH,69.48,12.2,20.52,2.02,6.19
20171208164959 ,DAU,KS,HG,70.8,12.62,20.82,2.5,8.4
20171208164959 ,GKP1,KG,HH,71.66,12.83,20.98,2.35,10.88
20171208164959 ,CGD,KG,EL,72.2,12.58,21.05,2.31,6.52
20171208164959 ,CIGB,KS,HH,88.09,15.37,25.67,2.35,4.15
20171208164959 ,BUS2,KS,HH,97.4,16.65,28.14,2.2,8.3
20171208164959 ,CHR,KS,HG,99.61,17.11,28.76,2.44,13.35
20171208164959 ,ULJ2,KS,HH,67.75,12,20.2,2.05,6.73
20171208164959 ,DKJ,KG,EL,29.35,5.56,9.01,2.44,5.96
20171208164959 ,EUSB,KS,HH,66.74,11.81,19.87,2.05,5.58
20171208164959 ,PHA2,KS,EL,14.48,2.92,4.65,2.35,5.47
20171208164959 ,HAK,KG,EL,25.71,4.94,8.17,2.67,3.61
20171208164959 ,CHS,KG,HH,27.14,5.26,8.75,2.03,8.79
20171208164959 ,YOCB,KS,HH,39.72,7.31,12.12,2.25,7.91
20171208164959 ,CSO,KS,HG,41.72,7.7,12.9,2.14,8.69
20171208164959 ,HDB,KG,HH,42.43,7.7,13.02,2.19,8.11
20171208164959 ,MKL,KG,HH,43.39,7.88,13.16,2,10.48
20171208164959 ,YEYB,KS,HH,63.63,11.4,19.11,2.13,5.93
20171208164959 ,BBK,KG,EL,59.09,10.46,17.73,2.33,5.25
20171208164959 ,DAG2,KS,HH,55.89,10.02,16.62,2.5,4.23
20171208164959 ,ADO2,KS,EL,50.98,9.26,15.48,2.14,18.42
20171208164959 ,USN2,KS,EL,49.65,8.97,15.14,2.07,14.55
20171208173918 ,YSB,KG,HH,74.89,13.43,22.3,2.49,3.46
20171208173918 ,GUWB,KS,HG,69.48,12.51,20.83,2.45,3.91
20171208173918 ,CGD,KG,EL,72.2,12.87,21.33,2.41,6.87
20171208173918 ,MAK,KG,EL,83.36,14.73,24.47,2.31,7.91
20171208173918 ,BUS2,KS,HH,97.4,16.93,28.37,2.29,7.91
20171208173918 ,CHR,KS,HG,99.61,17.38,29.13,2.52,11.56
20171208173918 ,ULJ2,KS,HH,67.75,12.23,20.49,2.45,5.41
20171208173918 ,YODB,KS,HH,49.39,9.31,15.24,2.63,2.46
20171208173918 ,HDB,KG,HH,42.43,7.96,13.19,2.25,10.48
20171208173918 ,CSO,KS,HG,41.72,8.01,13.21,2.27,32.37
20171208173918 ,YOCB,KS,HH,39.72,7.62,12.46,2.32,8.21
20171208173918 ,DKJ,KG,EL,29.35,5.86,9.34,2.49,8.5
20171208173918 ,CHS,KG,HH,27.14,5.57,8.86,2.38,7.15
20171208173918 ,HAK,KG,EL,25.71,5.17,8.37,2.86,3.14
20171208173918 ,MKL,KG,HH,43.39,8.23,13.4,2.47,7.01
20171208173918 ,PHA2,KS,EL,14.48,3.15,4.83,2.52,7.53
20171208173918 ,USN2,KS,EL,49.65,9.25,15.19,2.37,9.64
20171208173918 ,ADO2,KS,EL,50.98,9.55,15.76,2.4,13.89
20171208173918 ,DAG2,KS,HH,55.89,10.31,16.97,2.53,6.58
20171208173918 ,BBK,KG,EL,59.09,10.77,17.97,2.5,3.56
20171208173918 ,YEYB,KS,HH,63.63,11.62,19.39,2.55,3.23
20171208173918 ,EUSB,KS,HH,66.74,12.09,20.13,2.44,4.83
20171209071537 ,BUS2,KS,HH,89.76,15.67,26.79,2.16,13.89
20171209071537 ,HDB,KG,HH,55.87,10.47,17.96,2.17,11.2
20171209071537 ,HAK,KG,EL,57.21,10.59,18.09,2.59,5.18
20171209071537 ,MKL,KG,HH,69.6,12.51,21.31,2.17,6.6
20171209071537 ,MAK,KG,EL,79.02,14.09,24.07,2.47,7.38
20171209071537 ,USN2,KS,EL,79.79,14.1,23.9,2.37,12.93
20171209071537 ,YSB,KG,HG,84.6,15,25.58,2.33,4.64
20171209071537 ,DKJ,KG,EL,88.56,15.33,26,2.38,7.36
20171212010604 ,PCH,KG,EL,93.14,16.5,27.45,3.19,2.46
20171212010604 ,DDCA,KS,HG,90.67,15.89,26.97,2.95,2.19
20171212010604 ,YPDB,KS,HH,89.73,15.27,25.83,2.67,2.96
20171212010604 ,YPD,KG,EL,85,14.6,24.65,2.51,9.5
20171212010604 ,CHNB,KG,HH,82.88,14.31,24.35,2.75,10.48
20171212010604 ,YNCB,KS,HH,73.06,12.83,21.78,2.8,2.94
20171212010604 ,GAHB,KS,HH,72.58,13.03,21.69,2.77,3.32
20171219043428 ,GKP1,KG,HH,75.14,13.86,22.24,2.65,9.73
20171219043428 ,MAK,KG,EL,50.74,9.33,15.24,2.45,6.41
20171219043428 ,CHS,KG,HH,55.47,10.36,17.09,2.64,4.15
20171219043428 ,CGD,KG,EL,56.12,10.19,16.55,2.54,8.33
20171219043428 ,HDB,KG,HH,11.04,2.01,2.77,2.9,12.82
20171219043428 ,MKL,KG,HH,19.37,3.93,6.05,2.6,4.25
20171219043428 ,HAK,KG,EL,21.4,4.93,7.94,2.65,3.38
20171219043428 ,BBK,KG,EL,23.4,4.73,7.47,2.8,2.64
20171219043428 ,DKJ,KG,EL,35.69,7.02,11.3,2.75,3.67
20171219043428 ,YSB,KG,HH,46.58,8.52,13.95,2.55,3.91
20171221030112 ,GUWB,KS,HH,80.01,13.95,23.29,2.2,4.67
20171221030112 ,KMC,KG,EL,82.5,14.33,24.04,2.57,5.96
20171221030112 ,KOJ2,KS,EL,82.82,14.35,23.93,2.12,14.47
20171221030112 ,ICN2,KS,EL,82.89,14.53,24.18,2.03,32.37
20171221030112 ,CIGB,KS,HH,83.1,14.34,24.32,1.9,9.29
20171221030112 ,CHYB,KS,HH,85.02,14.97,25.02,2.35,5.5
20171221030112 ,JSB,KG,HH,89.95,15.75,26.24,2.17,5.66
20171221030112 ,YINB,KS,HH,93.29,16.32,27.18,1.6,16.14
20171221030112 ,DUSB,KS,HH,94.59,16.49,27.45,2.49,3.72
20171221030112 ,TBA2,KS,EL,95.63,16.87,28.31,2.29,12.07
20171221030112 ,SND,KG,HG,85.8,15.24,25.38,2.34,5.63
20171221030112 ,EUSB,KS,HH,73.56,13.02,21.54,2.39,4.41
20171221030112 ,OKCB,KS,HH,46.84,8.45,13.91,2.14,5.18
20171221030112 ,EMSB,KS,HH,45.6,8.27,13.57,2.29,6.87
20171221030112 ,MGY2,KS,EL,13.13,2.68,4.06,2.5,3.54
20171221030112 ,MGB,KG,HH,22.65,4.45,7.08,2.5,3.15
20171221030112 ,BON,KS,EL,28.68,5.4,8.6,2.09,10.04
20171221030112 ,JNPA,KS,HG,42.09,7.63,12.4,2.33,5.16
20171221030112 ,WJU2,KS,EL,76.59,13.53,22.49,2.4,13.89
20171221030112 ,YOJB,KS,HH,49.29,9.11,15.01,2.09,7.27
20171221030112 ,YIN,KG,EL,73.35,13.01,21.58,2.09,14.06
20171221030112 ,GIC,KS,HG,72.22,12.71,21.26,2.5,7.4
20171221030112 ,TJN,KG,HH,69.94,12.25,20.26,1.92,32.37
20171221030112 ,CEA,KS,EL,68.88,12.04,20.11,1.92,18.16
20171221030112 ,ADOA,KS,HG,64.71,11.59,19.32,2.65,2.57
20171221030112 ,BURB,KS,HH,62.18,11.04,18.29,2.2,7.21
20171221030112 ,HKU,KG,HH,60.2,10.68,17.66,2.31,5.66
20171221030112 ,CPR2,KS,EL,56.37,10.12,16.78,2.37,9.7
20171221030112 ,YOW2,KS,EL,65.61,11.69,19.5,2.2,10.33
20171225071922 ,GUWB,KS,HH,70.22,12.29,20.86,3.96,0.85
20171225071922 ,DAU,KS,HG,72.02,12.7,21.1,3.55,4.7
20171225071922 ,GKP1,KG,HH,72.87,12.82,21.26,3.48,5.18
20171225071922 ,CGD,KG,EL,73.62,12.76,21.29,3.56,3.57
20171225071922 ,BUS2,KS,HH,98.67,16.8,28.36,3.47,4.5
20171225071922 ,ADOA,KS,HG,78.96,13.92,23.54,3.79,1.93
20171225071922 ,MAK,KG,EL,84.61,14.54,24.48,3.55,2.66
20171225071922 ,MIYA,KS,HG,88.91,15.46,25.78,3.55,2.96
20171225071922 ,CIGB,KS,HH,89.07,15.47,25.94,3.73,1.71
20171225071922 ,EUSB,KS,HH,67.08,11.84,19.94,3.95,1.1
20171225071922 ,YSB,KG,HH,76.22,13.24,22.29,3.67,1.61
20171225071922 ,JEJB,KS,HH,53.83,9.68,16.26,4,1
20171225071922 ,PHA2,KS,EL,13.62,2.79,4.58,3.86,3.23
20171225071922 ,HAK,KG,EL,26.09,4.95,8.29,4,1.84
20171225071922 ,CHS,KG,HH,27.59,5.35,8.76,3.74,1.83
20171225071922 ,DKJ,KG,EL,30.66,5.73,9.35,3.78,2.11
20171225071922 ,YOCB,KS,HH,40.93,7.48,12.43,3.72,1.91
20171225071922 ,ULJ2,KS,HH,66.59,11.83,20.35,3.81,1.35
20171225071922 ,HDB,KG,HH,43.42,7.88,13.14,3.83,2.51
20171225071922 ,CSO,KS,HG,41.41,7.75,12.99,3.81,1.46
20171225071922 ,YEYB,KS,HH,62.95,11.26,19.11,3.8,1.52
20171225071922 ,MKL,KG,HH,44.64,8.02,13.42,3.61,1.93
20171225071922 ,BBK,KG,EL,60.06,10.58,17.83,3.75,1.8
20171225071922 ,DAG2,KS,HH,57.28,10.2,16.97,3.63,2.93
20171225071922 ,USN2,KS,EL,51.01,9.13,15.14,3.66,3.71
20171225071922 ,ADO2,KS,EL,50.88,9.25,15.52,3.84,3.4
20171225071922 ,YODB,KS,HH,48.22,8.84,14.87,3.78,1.1
20171225073202 ,YEYB,KS,HH,62.95,11.75,19.49,2.3,3.11
20171225073202 ,BUS2,KS,HH,98.67,17.26,28.77,2.2,5.78
20171225073202 ,CGD,KG,EL,73.62,13.34,21.73,2.2,5.65
20171225073202 ,EUSB,KS,HH,67.08,12.4,20.35,2.04,5.47
20171225073202 ,MKL,KG,HH,44.64,8.48,13.83,2.05,4.81
20171225073202 ,PHA2,KS,EL,13.62,3.25,4.87,2.23,9.53
20171225073202 ,CHS,KG,HH,27.59,5.83,9.13,2.01,9.78
20171225073202 ,DKJ,KG,EL,30.66,6.2,9.78,2.25,5.71
20171225073202 ,YOCB,KS,HH,40.93,7.94,12.88,2.05,6.61
20171225073202 ,ADO2,KS,EL,50.88,9.69,15.92,2.24,9.7
20171225073202 ,USN2,KS,EL,51.01,9.59,15.56,2.26,7.91
20171225190546 ,EUSB,KS,HH,66.61,11.61,19.67,2.31,5.06
20171225190546 ,DAU,KS,HG,74.05,12.86,21.56,2.61,5.41
20171225190546 ,CGD,KG,EL,76.74,13.2,22.1,2.56,5.18
20171225190546 ,MAK,KG,EL,88.03,14.91,25.29,2.2,11.49
20171225190546 ,MIYA,KS,HG,92.04,15.93,26.58,2.65,3.11
20171225190546 ,CHYB,KS,HH,98.6,16.92,28.54,2.5,2.42
20171225190546 ,YSB,KG,HH,79.63,13.66,22.98,2.35,3.99
20171225190546 ,ULJ2,KS,HH,63.25,11.09,18.84,2.2,5.41
20171225190546 ,GKP1,KG,HH,74.88,13,21.72,2.39,8.57
20171225190546 ,PHA2,KS,EL,11.6,2.13,3.34,2.64,4.81
20171225190546 ,CHS,KG,HH,27.64,5.21,8.58,2.46,4.5
20171225190546 ,HAK,KG,EL,28.37,5.17,8.73,2.63,3.96
20171225190546 ,CSO,KS,HG,39.54,7.21,12.15,2.35,6.46
20171225190546 ,YOCB,KS,HH,43.02,7.7,12.9,2.34,6.89
20171225190546 ,YODB,KS,HH,44.9,8.12,13.59,2.5,1.95
20171225190546 ,DKJ,KG,EL,33.37,6.04,10.07,2.57,5.96
20171225190546 ,MKL,KG,HH,48.01,8.43,14.23,2.34,4.93
20171225190546 ,ADO2,KS,EL,49.43,8.77,14.87,2.33,8.4
20171225190546 ,USN2,KS,EL,54.35,9.54,16.01,2.48,8.11
20171225190546 ,JEJB,KS,HH,56.96,10.01,16.93,2.18,20.85
20171225190546 ,DAG2,KS,HH,60.17,10.52,17.67,2.59,5.66
20171225190546 ,BBK,KG,EL,63.24,10.91,18.51,2.65,3.29
20171225190546 ,HDB,KG,HH,46.59,8.17,13.85,2.45,7.25
20171227102745 ,CGD,KG,EL,73.62,12.29,20.83,3.08,5.5
20171227102745 ,DAU,KS,HG,72.02,12.2,20.63,3.05,9.1
20171227102745 ,GKP1,KG,HH,72.87,12.36,20.81,3.04,6.34
20171227102745 ,YSB,KG,HH,76.22,12.76,21.8,3.1,2.44
20171227102745 ,MAK,KG,EL,84.61,14.05,23.98,2.99,6.43
20171227102745 ,MIYA,KS,HG,88.91,15.07,25.33,3.25,2.58
20171227102745 ,CIGB,KS,HH,89.07,14.98,25.45,2.98,3.83
20171227102745 ,BUS2,KS,HH,98.67,16.31,27.89,2.97,6.08
20171227102745 ,GUWB,KS,HH,70.22,11.84,20.31,2.95,2.94
20171227102745 ,ADOA,KS,HG,78.96,13.38,22.91,3.22,3.08
20171227102745 ,EUSB,KS,HH,67.08,11.37,19.41,3.1,2.61
20171227102745 ,CSO,KS,HG,41.41,7.26,12.41,2.97,5.11
20171227102745 ,PHA2,KS,EL,13.62,2.33,3.94,3.19,4.81
20171227102745 ,HAK,KG,EL,26.09,4.51,7.76,3.55,2.13
20171227102745 ,CHS,KG,HH,27.59,4.89,8.24,3.04,3.91
20171227102745 ,YOCB,KS,HH,40.93,7.03,11.97,2.92,6.3
20171227102745 ,HDB,KG,HH,43.42,7.33,12.68,3.01,6.87
20171227102745 ,DKJ,KG,EL,30.66,5.3,8.89,3.19,4.15
20171227102745 ,MKL,KG,HH,44.64,7.57,12.93,2.86,4.76
20171227102745 ,BBK,KG,EL,60.06,10.1,17.36,3.01,3.61
20171227102745 ,JEJB,KS,HH,53.83,9.21,15.78,3.22,2.83
20171227102745 ,DAG2,KS,HH,57.28,9.76,16.49,3.23,4.17
20171227102745 ,USN2,KS,EL,51.01,8.66,14.66,3.19,5.83
20171227102745 ,ADO2,KS,EL,50.88,8.79,14.99,3.1,6.97
20171227102745 ,YODB,KS,HH,48.22,8.36,14.31,2.95,2.36
20171227104244 ,GUWB,KS,HH,70.22,11.9,20.35,2.69,2.56
20171227104244 ,DAU,KS,HG,72.02,12.3,20.68,2.8,5.78
20171227104244 ,GKP1,KG,HH,72.87,12.43,20.87,2.71,5.96
20171227104244 ,CGD,KG,EL,73.62,12.37,20.88,2.85,3.72
20171227104244 ,ADOA,KS,HG,78.96,13.61,22.98,2.89,2.95
20171227104244 ,MAK,KG,EL,84.61,14.11,24.07,2.67,4.63
20171227104244 ,MIYA,KS,HG,88.91,15.16,25.43,2.95,2.66
20171227104244 ,CIGB,KS,HH,89.07,15.05,25.49,2.79,2.66
20171227104244 ,BUS2,KS,HH,98.67,16.37,27.98,2.74,4.25
20171227104244 ,EUSB,KS,HH,67.08,11.38,19.44,2.74,3.24
20171227104244 ,YSB,KG,HH,76.22,12.84,21.87,2.77,2.5
20171227104244 ,HDB,KG,HH,43.42,7.4,12.78,2.7,6.95
20171227104244 ,CSO,KS,HG,41.41,7.38,12.44,2.65,7.7
20171227104244 ,YOCB,KS,HH,40.93,7.09,12.02,2.62,5.6
20171227104244 ,DKJ,KG,EL,30.66,5.38,8.97,2.9,3.91
20171227104244 ,CHS,KG,HH,27.59,4.95,8.3,2.6,5.86
20171227104244 ,HAK,KG,EL,26.09,4.57,7.82,3.21,2.8
20171227104244 ,PHA2,KS,EL,13.62,2.38,4.02,2.92,6.52
20171227104244 ,MKL,KG,HH,44.64,7.62,13.03,2.55,4.5
20171227104244 ,YODB,KS,HH,48.22,8.41,14.37,2.8,2.26
20171227104244 ,BBK,KG,EL,60.06,10.16,17.47,2.62,5.57
20171227104244 ,DAG2,KS,HH,57.28,9.81,16.57,2.98,3.14
20171227104244 ,JEJB,KS,HH,53.83,9.29,15.88,2.85,3.91
20171227104244 ,ADO2,KS,EL,50.88,8.87,15.05,2.79,14.68
20171227104244 ,ULJ2,KS,HH,66.59,11.4,19.49,2.65,4.28
20171227104244 ,USN2,KS,EL,51.01,8.72,14.79,2.86,5.18
20171229084022 ,CHR,KS,HG,99.6,16.96,28.56,2.61,8.3
20171229084022 ,BUS2,KS,HH,98.28,16.47,28.08,2.2,12.46
20171229084022 ,CIGB,KS,HH,87.28,14.95,25.33,2.46,4.86
20171229084022 ,ADOA,KS,HG,77.62,13.42,22.78,2.5,4.59
20171229084022 ,CGD,KG,EL,72.49,12.37,20.9,2.43,8.79
20171229084022 ,GKP1,KG,HH,71.19,12.48,20.68,2.39,16
20171229084022 ,GUWB,KS,HH,68.45,11.79,20.23,2.32,4.5
20171229084022 ,ULJ2,KS,HH,66.73,11.4,19.47,2.19,6.97
20171229084022 ,PHA2,KS,EL,13.87,2.42,4.02,2.64,4.78
20171229084022 ,HAK,KG,EL,27.03,4.78,8.13,2.68,4.21
20171229084022 ,DKJ,KG,EL,29.36,5.37,8.9,2.48,7.17
20171229084022 ,YOCB,KS,HH,39.31,7.04,11.84,2.23,12.14
20171229084022 ,HDB,KG,HH,43.61,7.53,12.84,2.45,10.48
20171229084022 ,CHS,KG,HH,26,4.86,8.06,2.24,10.1
20171229084022 ,MKL,KG,HH,44.25,7.72,13.08,2.09,9.48
20171229084022 ,EUSB,KS,HH,65.46,11.32,19.29,2.23,6.61
20171229084022 ,BBK,KG,EL,60.3,10.28,17.63,2.5,5.08
20171229084022 ,DAG2,KS,HH,55.98,9.8,16.49,2.57,6.14
20171229084022 ,ADO2,KS,EL,49.59,8.72,14.82,2.34,21.52
20171230104413 ,GUWB,KS,HH,70.69,13.07,21.48,2.24,4.28
20171230104413 ,CSO,KS,HG,71.29,13.14,21.59,2.31,12.07
20171230104413 ,BSA,KS,HG,74.44,13.62,22.51,2.39,10.48
20171230104413 ,ADO2,KS,EL,75.71,13.7,22.68,2.23,24.42
20171230104413 ,CIGB,KS,HH,78.32,14.37,23.6,2.23,8.37
20171230104413 ,EUSB,KS,HH,79.79,14.43,23.88,2.05,9.45
20171230104413 ,YODB,KS,HH,89.02,15.95,26.46,2.35,3.96
20171230104413 ,HCNA,KS,HG,93.63,16.74,27.94,2.35,3.99
20171230104413 ,YEYB,KS,HH,96.8,17.21,28.68,2.46,3.88
20171230104413 ,CHR,KS,HG,66.69,12.42,20.49,2.28,18.42
20171230104413 ,MAS2,KS,EL,85.59,15.56,25.82,2.55,21.21
20171230104413 ,BUS2,KS,HH,57.85,10.93,17.88,2.24,11.69
20171230104413 ,GKP1,KG,HH,53.6,10.55,16.94,2.23,15.41
20171230104413 ,DAG2,KS,HH,26.65,6.1,9.56,2.22,9.59
20171230104413 ,DKJ,KG,EL,23.66,5.47,8.51,2.4,9.1
20171230104413 ,HDB,KG,HH,23.41,5.3,8.21,2.46,13.89
20171230104413 ,USN2,KS,EL,12.6,3.91,5.73,2.24,17.14
20171230104413 ,MKL,KG,HH,12.48,3.68,5.33,1.99,12.07
20171230104413 ,YOCB,KS,HH,32.74,7.01,11.09,2.3,12.07
20171230104413 ,BBK,KG,EL,32.83,6.89,10.92,2.48,5.32
20171230104413 ,YSB,KG,HH,34.84,7.25,11.58,2.32,5.66
20171230104413 ,CGD,KG,EL,35.59,7.47,11.84,2.23,9.1
20171230104413 ,HAK,KG,EL,36.69,7.64,12.21,2.33,7.13
20171230104413 ,MAK,KG,EL,44.71,8.82,14.22,2.18,31.46
20171230104413 ,CHS,KG,HH,48.35,9.34,15.18,2.15,12.07
20171230104413 ,MIYA,KS,HG,49.73,9.81,15.93,2.05,9.81
20171230104413 ,PHA2,KS,EL,52.3,10.11,16.5,2.19,10.1
20171230104413 ,DAU,KS,HG,52.68,10.32,16.65,2.37,13.23
20171230104413 ,JEJB,KS,HH,29.74,6.41,9.95,2.2,13.23
20180101093501 ,YPDB,KS,HH,89.91,15.8,26.43,1.87,7.21
20180101093501 ,DDCA,KS,HG,92.73,16.63,27.74,1.9,9.13
20180101093501 ,YPD,KG,EL,85.11,15.13,25.16,2.05,9.45
20180101093501 ,CHNB,KG,HH,84.69,14.94,24.8,2.06,17.44
20180101093501 ,GAHB,KS,HH,74.2,13.54,22.23,2.35,6.73
20180101093501 ,PCH,KG,EL,95.19,17.03,27.96,2.4,4.55
20180101093501 ,MUS2,KS,EL,73.18,13.33,22.12,2.5,8.16
20180101101153 ,GUWB,KS,HH,70.22,12.14,20.61,2.24,3.39
20180101101153 ,GKP1,KG,HH,72.87,12.73,21.28,2.05,32.37
20180101101153 ,CGD,KG,EL,73.62,12.63,21.22,2.4,6.03
20180101101153 ,MAK,KG,EL,84.61,14.33,24.3,1.89,18.8
20180101101153 ,BUS2,KS,HH,98.67,16.6,28.25,2.16,7.91
20180101101153 ,EUSB,KS,HH,66.99,11.71,19.74,2.25,3.57
20180101101153 ,ADOA,KS,HG,78.98,13.7,23.28,2.2,5.78
20180101101153 ,ULJ2,KS,HH,66.59,11.5,19.76,1.97,9.1
20180101101153 ,YEYB,KS,HH,62.95,11.01,18.74,2.2,4.43
20180101101153 ,YOCB,KS,HH,40.93,7.33,12.36,2.26,9.31
20180101101153 ,DKJ,KG,EL,30.66,5.58,9.34,2.32,8.16
20180101101153 ,CHS,KG,HH,27.59,5.17,8.54,2.13,6.87
20180101101153 ,HDB,KG,HH,43.42,7.58,12.99,2.16,12.07
20180101101153 ,MKL,KG,HH,44.64,7.82,13.22,2.27,6.87
20180101101153 ,YODB,KS,HG,48.23,8.57,14.51,2.35,2.76
20180101101153 ,ADO2,KS,EL,50.88,9,15.29,2.2,12.17
20180101101153 ,USN2,KS,EL,51.01,8.93,15.08,2.16,11.2
20180101101153 ,DAG2,KS,HH,57.28,10.04,16.87,2.4,6.28
20180101101153 ,PHA2,KS,EL,13.62,2.43,4.02,2.25,12.07
20180105174716 ,SNU,KG,HH,94.82,16.84,28.39,2.35,5.38
20180105174716 ,YNCB,KS,HH,94.67,16.76,27.5,2.75,5.96
20180105174716 ,SOD,KS,HG,92.41,17.43,27.7,2.39,11.1
20180105174716 ,SHHB,KS,HH,79.16,14.31,24.27,0.85,23.25
20180105174716 ,MUS2,KS,EL,75.94,14.02,22.95,2.53,13.62
20180105174716 ,YJD2,KS,HG,51.93,10.12,16.77,2.5,6.16
20180105174716 ,GAHB,KS,HH,45.77,8.76,14.28,2.31,8.3
20180105174716 ,YPDB,KS,HH,25.29,5.38,8.43,2.05,9.84
20180105174716 ,YPD,KG,EL,24.09,5.14,8.14,2.44,6.63
20180109071751 ,BOSB,KS,HH,88.04,15.95,26.94,2.14,7.91
20180109071751 ,YNDB,KS,HH,81.69,14.81,24.76,1.9,11.43
20180109071751 ,BGD,KG,HH,55.55,10.71,17.66,1.89,32.37
20180109071751 ,HANB,KS,HH,81.46,14.81,24.8,1.3,32.37
20180109071751 ,JAHA,KS,HG,81.16,14.78,25.07,2.05,7.7
20180109071751 ,KOHB,KS,HH,73.13,13.76,22.95,2.33,5.28
20180109071751 ,WAN2,KS,EL,60.36,11.66,19.32,2.04,32.37
20180110094259 ,CHJ2,KS,HH,89.2,15.44,26.04,1.7,12.89
20180110094259 ,KCH2,KS,EL,89.25,15.4,25.73,1.45,26.93
20180110094259 ,JEU2,KS,EL,93.33,15.97,26.95,1.73,28.12
20180110094259 ,SMKB,KS,HG,95.45,16.4,27.78,1.75,12.89
20180110094259 ,MGB,KG,HH,89.61,15.44,26.04,1.61,8.82
20180110094259 ,TJN,KG,HH,16.57,4.38,6.97,1.57,10.36
20180110094259 ,JEO2,KS,HH,37.36,7.14,11.82,1.52,18.42
20180110094259 ,BUYB,KS,HH,39.02,7.38,12.29,1.15,32.37
20180110094259 ,BON,KS,EL,53.02,9.68,16.2,1.85,12.07
20180110094259 ,KMC,KG,EL,63.27,11.28,18.55,1.45,15.95
20180110094259 ,CEA,KS,EL,63.71,11.61,19.19,1.45,32.37
20180110094259 ,NPR,KG,HH,49.99,9.08,15.12,1.44,18.05
20180110094259 ,HSB,KG,HG,71.54,12.82,21.43,1.75,6.08
20180123162517 ,JDO,KS,EL,93.7,15.9,27.27,2.5,20.43
20180123162517 ,YKDB,KS,HH,94.33,15.79,26.92,2.25,10.85
20180123162517 ,KWJU,KS,HH,98.43,17.01,28.86,2.09,11.17
20180123162517 ,KWJ2,KS,HH,98.43,17,28.86,2.49,5.74
20180123162517 ,BAU,KS,EL,91.01,15.62,26.75,2.34,32.37
20180123162517 ,HAD,KS,HG,94.34,16.33,27.7,2.16,12.75
20180123162517 ,HWSB,KG,HH,83.04,14.57,24.68,2.5,4.13
20180123162517 ,YESA,KS,HG,61.29,11.03,18.52,2.67,6.54
20180123162517 ,NAH,KS,HG,78.93,13.86,23.27,2.45,12.07
20180123162517 ,GMDB,KS,HH,32.67,6.14,10.02,2.28,7.91
20180123162517 ,CSDB,KS,HG,43.23,7.97,13.23,2.49,5.16
20180123162517 ,YNDB,KS,HH,47.04,8.62,14.29,2.49,5.5
20180123162517 ,BOSB,KS,HH,51.2,9.42,15.82,2.08,12.21
20180123162517 ,KOHB,KS,HH,34.82,7,11.52,2.4,5.18
20180123162517 ,WAN2,KS,EL,58.35,10.38,17.84,2.37,32.37
20180123162517 ,BGD,KG,HH,73.22,12.45,21.19,2.19,12.82
20180123162517 ,YOA,KS,EL,73.47,13.13,22.06,2.47,21.21
20180123162517 ,HANB,KS,HH,74.42,13.05,22.05,2.55,5.21
20180123162517 ,SCHA,KS,HG,78.41,13.8,23.36,2.18,10.57
20180123162517 ,JAHA,KS,HG,55.91,10.27,17.13,2.77,3.4
20180202032112 ,GKP1,KG,HH,74.08,13.38,22.34,3.18,4.37
20180202032112 ,CGD,KG,EL,75.03,13.38,22.2,3.4,2.2
20180202032112 ,YSB,KG,HG,77.56,14,23.26,3.33,1.68
20180202032112 ,MAK,KG,EL,85.87,15.23,25.37,3.23,2.87
20180202032112 ,MIYA,KS,HG,90.33,16.11,26.81,3.4,2.23
20180202032112 ,UJN,KS,HG,97.35,17.29,28.99,3.55,4.9
20180202032112 ,BUS2,KS,HH,99.96,17.37,29.29,3.34,2.22
20180202032112 ,ULJ2,KS,HH,65.44,11.92,19.99,3.25,2.73
20180202032112 ,ADOA,KS,HG,78.94,14.31,23.78,3.3,2.57
20180202032112 ,YEYB,KS,HH,62.3,11.56,19.21,3.4,1.81
20180202032112 ,YOCB,KS,HH,42.15,8.04,13.26,3.41,2.61
20180202032112 ,BBK,KG,EL,61.06,11.17,18.63,3.1,3.34
20180202032112 ,HDB,KG,HH,44.43,8.46,13.93,3.28,4.49
20180202032112 ,CSO,KS,HG,41.13,8.05,13.18,3.22,4.64
20180202032112 ,DKJ,KG,EL,31.99,6.34,10.25,3.52,2
20180202032112 ,CHS,KG,HH,28.1,5.77,9.28,3.35,2.56
20180202032112 ,HAK,KG,EL,26.55,5.41,8.85,3.67,1.28
20180202032112 ,PHA2,KS,EL,12.86,2.89,4.36,3.36,3.84
20180202032112 ,MKL,KG,HH,45.91,8.64,14.28,2.92,3.9
20180202032112 ,DAG2,KS,HH,58.67,10.81,17.85,3.61,1.93
20180202032112 ,JEJB,KS,HH,54.79,10.33,17.05,3.22,3.13
20180202032112 ,ADO2,KS,EL,50.82,9.54,15.82,3.41,6.05
20180202032112 ,YODB,KS,HH,47.07,8.99,14.72,3.33,1.68
20180202032112 ,USN2,KS,EL,52.38,9.75,16.09,3.46,2.71
20180203021218 ,CHYB,KS,HH,98.24,17.35,29.05,2.35,3.99
20180203021218 ,CGD,KG,EL,76.18,13.64,22.67,1.87,16.14
20180203021218 ,EUSB,KS,HH,65.69,12.08,20.15,1.59,23.52
20180203021218 ,ULJ2,KS,HH,63.31,11.6,19.24,2.2,5.5
20180203021218 ,YEYB,KS,HH,59.94,11.14,18.55,2.04,5.16
20180203021218 ,DAU,KS,HG,73.22,13.46,22.09,2.31,12.46
20180203021218 ,PHA2,KS,EL,11.64,2.56,3.74,2.47,7.68
20180203021218 ,CHS,KG,HH,26.82,5.68,9.04,2.16,5.18
20180203021218 ,HAK,KG,EL,28.76,5.61,9.16,2.47,3.6
20180203021218 ,DKJ,KG,EL,32.74,6.5,10.61,1.91,18.16
20180203021218 ,YODB,KS,HH,44.99,8.59,14.02,1.55,11.26
20180203021218 ,USN2,KS,EL,53.98,10.01,16.57,1.96,24.42
20180203021218 ,ADO2,KS,EL,48.75,9.26,15.47,1.92,32.37
20180203021218 ,MKL,KG,HG,47.8,8.88,14.7,2.05,8.77
20180203033501 ,BGD,KG,HH,89.47,16.21,27.3,2.07,32.37
20180203033501 ,GMDB,KS,HH,33.31,7.47,12.05,2.1,16
20180203033501 ,YNDB,KS,HH,82.87,15.15,25.23,2.17,14.59
20180203033501 ,KOHB,KS,HH,95.33,17.28,29.04,2.4,6.21
20180203033501 ,WAN2,KS,EL,95.24,17.21,29.06,2.62,23.59
20180204064338 ,CGD,KG,EL,73.62,13.02,21.57,2.22,6.65
20180204064338 ,MAK,KG,EL,84.61,14.8,24.74,2.05,14.42
20180204064338 ,BUS2,KS,HH,98.67,17.04,28.67,2.25,10.48
20180204064338 ,ADOA,KS,HG,78.98,14.08,23.63,2.35,4.21
20180204064338 ,EUSB,KS,HH,66.99,12.14,20.17,2.2,5.11
20180204064338 ,ULJ2,KS,HH,66.59,12.01,20.15,2.2,6.5
20180204064338 ,PHA2,KS,EL,13.62,2.92,4.47,2.45,7.46
20180204064338 ,CHS,KG,HH,27.59,5.59,8.92,2.32,4.51
20180204064338 ,YOCB,KS,HH,40.93,7.73,12.71,2.06,12.31
20180204064338 ,DKJ,KG,EL,30.66,6.01,9.62,2.32,5.18
20180204064338 ,MKL,KG,HH,44.64,8.27,13.68,2.06,5.38
20180204064338 ,BBK,KG,EL,60.06,10.89,18.07,2.6,3.26
20180204064338 ,DAG2,KS,HH,57.28,10.45,17.29,2.47,4.5
20180204064338 ,ADO2,KS,EL,50.88,9.47,15.66,2.39,12.07
20180204064338 ,YODB,KS,HH,48.23,9.07,14.9,1.6,12.38
20180204064338 ,USN2,KS,EL,51.01,9.37,15.39,2.28,13.66
20180204095025 ,YCH,KS,HG,78.38,13.96,23.45,3.38,14.51
20180204095025 ,JASA,KS,HG,80.25,14.17,23.7,3.16,6.87
20180204095025 ,YSAB,KS,HH,83.61,14.74,24.25,3.1,3.42
20180204095025 ,YIN,KG,EL,89.83,15.9,26.24,2.83,8.28
20180204095025 ,IMSA,KS,HG,89.86,15.66,26.2,2.89,6.71
20180204095025 ,ADOA,KS,HG,99.95,17.45,29.3,3.25,3.63
20180204095025 ,HSB,KG,HH,90.87,15.89,26.41,3.01,9.31
20180204095025 ,PORA,KS,HG,96.17,16.6,27.63,3.09,4.67
20180204095025 ,EUSB,KS,HH,96.45,16.84,28.29,3,8.33
20180204095025 ,HAMB,KS,HH,96.46,16.82,27.8,2.68,15.23
20180204095025 ,BURB,KS,HH,96.83,16.94,28.17,3,4.5
20180204095025 ,YOJB,KS,HH,98.16,17.17,28.55,3.07,5.25
20180204095025 ,NPR,KG,HH,77.54,13.6,22.55,2.84,11.23
20180204095025 ,ISGB,KS,HG,76.25,13.4,22.17,2.8,10.57
20180204095025 ,JNPA,KS,HG,48.55,8.95,14.69,3.1,4.08
20180204095025 ,OKCB,KS,HH,18.74,4.23,6.56,2.9,11.73
20180204095025 ,TJN,KG,HH,25.09,5.07,7.95,2.92,9.9
20180204095025 ,BON,KS,EL,27.31,5.67,9.02,3.96,2.21
20180204095025 ,KMSA,KS,HG,33.37,6.48,10.46,3.08,7.38
20180204095025 ,CEJA,KS,HG,35.43,6.78,10.98,2.8,7.57
20180204095025 ,HKU,KG,HH,36.77,7.05,11.4,3.04,5.7
20180204095025 ,CPR2,KS,EL,37.05,7.23,11.74,3.05,7.42
20180204095025 ,SAJ,KS,HG,49.43,9.24,15.11,2.92,16.23
20180204095025 ,MGY2,KS,EL,51.49,9.4,15.7,2.85,16
20180204095025 ,TEJ2,KS,HG,24.45,4.96,7.75,3.07,9
20180204095025 ,KMC,KG,EL,52.81,9.74,15.88,2.94,13.54
20180204095025 ,CHO,KS,HG,74.56,13.21,21.94,2.83,10.85
20180204095025 ,BUYB,KS,HH,64.51,11.47,18.76,2.93,6.41
20180204095025 ,MGB,KG,HH,61.95,11.13,18.63,2.87,9.1
20180204095025 ,EMSB,KS,HH,67.74,12.12,20.06,2.97,6.28
20180204095025 ,IKSA,KS,HG,61.71,10.95,18.2,2.94,7.53
20180204095025 ,JEO2,KS,HH,57.15,10.37,17.14,3.08,7.97
20180204095025 ,DUSB,KS,HH,55.46,10.25,16.6,2.79,7.84
20180204132035 ,YSB,KG,HH,69.59,12.73,21,2.35,3.44
20180204132035 ,MAK,KG,EL,78.41,13.97,23.3,2.28,6.87
20180204132035 ,BUS2,KS,HH,92.33,16.26,27.21,2.3,7.68
20180204132035 ,CHR,KS,HG,94.07,16.67,27.85,2.4,10.91
20180204132035 ,GKP1,KG,HH,66.91,12.34,20.27,2.2,11.2
20180204132035 ,ADOA,KS,HG,79.55,14.43,23.84,2.5,4.49
20180204132035 ,PHA2,KS,EL,18.64,3.97,6.17,2.39,7.62
20180204132035 ,DKJ,KG,EL,24.22,5.16,8.09,2.41,5.24
20180204132035 ,CHS,KG,HH,26.07,5.51,8.66,2.35,6.05
20180204132035 ,YOCB,KS,HH,35.09,7.03,11.38,2.19,11.46
20180204132035 ,MKL,KG,HH,38.48,7.47,12.19,2.2,5.05
20180204132035 ,HAK,KG,EL,24.95,5.12,7.99,2.8,3.25
20180204132035 ,USN2,KS,EL,44.26,8.55,13.87,2.37,10.85
20180204132035 ,HDB,KG,HH,38.77,7.45,12.2,2.42,6.07
20180204132035 ,CGD,KG,EL,66.55,12.11,20,2.35,5.41
20180204132035 ,YODB,KS,HH,54.2,10.03,16.4,2.5,2.31
20180204132035 ,EUSB,KS,HH,65.58,12.04,19.85,2.53,3.41
20180204132035 ,ADO2,KS,EL,51.78,9.8,15.99,2.4,16
20180204132035 ,DAG2,KS,HH,50.36,9.59,15.65,2.6,4.95
20180206001833 ,YSB,KG,HH,72.23,13.26,21.8,3,3.45
20180206001833 ,CGD,KG,EL,69.37,12.76,20.82,3.19,3.75
20180206001833 ,ULJ2,KS,HH,70.1,13.01,21.39,2.62,7.86
20180206001833 ,ADOA,KS,HG,79.25,14.59,24.03,2.95,3.64
20180206001833 ,BUS2,KS,HH,94.85,16.84,28.05,2.84,6.39
20180206001833 ,CIGB,KS,HH,86.17,15.64,25.73,3.1,3.13
20180206001833 ,CHR,KS,HG,96.83,17.27,28.63,2.93,10.51
20180206001833 ,GKP1,KG,HH,69.27,12.87,21.12,3.01,5.96
20180206001833 ,MAK,KG,EL,80.87,14.63,24.13,2.7,8.33
20180206001833 ,ADO2,KS,EL,51.3,9.91,16.15,2.83,10.97
20180206001833 ,GUWB,KS,HH,68.05,12.58,20.7,3,2.95
20180206001833 ,HAK,KG,EL,25.17,5.37,8.47,3.22,2.97
20180206001833 ,CHS,KG,HH,26.46,5.74,8.95,2.9,3.91
20180206001833 ,DKJ,KG,EL,26.76,5.72,8.95,3.09,5.44
20180206001833 ,YOCB,KS,HH,37.37,7.54,12.11,2.98,4.76
20180206001833 ,HDB,KG,HH,40.54,8.03,12.97,2.96,7.01
20180206001833 ,MKL,KG,HH,40.91,8.06,13.05,2.92,5.12
20180206001833 ,DAU,KS,HG,68.4,12.7,20.86,2.49,13.7
20180206001833 ,EUSB,KS,HH,66.06,12.29,20.23,3.1,2.49
20180206001833 ,YEYB,KS,HH,65.04,12.14,20.09,2.63,5.41
20180206001833 ,USN2,KS,EL,46.95,9.13,14.78,2.99,8.33
20180206001833 ,DAG2,KS,HH,53.12,10.17,16.53,3.14,3.93
20180206001833 ,YODB,KS,HH,51.78,9.94,16.26,3.1,1.85
20180206001833 ,PHA2,KS,EL,16.44,3.83,5.77,3.04,5.96
20180206001833 ,BBK,KG,EL,57.2,10.74,17.71,3,4.26
20180209163238 ,PORA,KS,HG,78.1,13.65,22.94,2.8,4.64
20180209163238 ,ANMA,KS,HG,52.44,9.52,15.71,2.82,3.21
20180209163238 ,ECDB,KS,HH,57.83,10.21,16.95,2.42,5.96
20180209163238 ,SES2,KS,HH,66.17,11.84,19.76,2.68,12.86
20180210200303 ,CGD,KG,EL,69.37,12.49,20.73,5.04,0.49
20180210200303 ,ULJ2,KS,HH,70.1,12.63,21.51,5.03,0.33
20180210200303 ,YSB,KG,HH,72.23,13.03,21.65,5.11,0.33
20180210200303 ,BUS2,KS,HH,94.85,16.57,27.89,4.95,0.5
20180210200303 ,MAK,KG,EL,80.87,14.49,24.02,5.05,0.42
20180210200303 ,MIYA,KS,HG,84.65,15.05,25.19,5.02,0.43
20180210200303 ,GKP1,KG,HH,69.27,12.57,20.95,5.02,0.67
20180210200303 ,CHR,KS,HG,96.83,16.96,28.54,4.81,1
20180210200303 ,ADOA,KS,HG,79.25,14.3,23.86,5.18,0.32
20180210200303 ,YODB,KS,HH,51.78,9.62,16.05,5.03,0.29
20180210200303 ,GUWB,KS,HH,68.05,12.32,20.55,5.15,0.32
20180210200303 ,PHA2,KS,HG,16.44,3.55,5.63,4.79,0.78
20180210200303 ,HAK,KG,EL,25.17,5.11,8.43,5.04,0.73
20180210200303 ,CHS,KG,HH,26.46,5.46,8.77,5.02,0.47
20180210200303 ,DKJ,KG,EL,26.76,5.44,8.76,4.89,0.69
20180210200303 ,DAU,KS,HG,68.4,12.41,20.84,4.94,0.65
20180210200303 ,HDB,KG,HH,40.54,7.74,12.82,4.93,0.66
20180210200303 ,MKL,KG,HH,40.91,7.79,12.88,5.02,0.41
20180210200303 ,YOCB,KS,HH,37.37,7.26,11.9,4.98,0.5
20180210200303 ,JEJB,KS,HH,51.05,9.71,16.03,5,0.43
20180210200303 ,ADO2,KS,EL,51.3,9.68,15.99,5.05,0.63
20180210200303 ,BBK,KG,EL,57.2,10.48,17.67,5.01,0.47
20180210200303 ,YEYB,KS,HH,65.04,11.86,19.99,5.19,0.29
20180210200303 ,EUSB,KS,HH,66.06,12,20.09,5.16,0.34
20180210200303 ,USN2,KS,EL,46.95,8.91,14.64,4.95,0.63
20180210200723 ,BUS2,KS,HG,94.85,16.49,27.81,2.35,7.05
20180210200723 ,MAK,KG,EL,80.87,14.19,23.72,2.32,8.5
20180210200723 ,DKJ,KG,EL,26.76,5.37,8.6,2.65,3.87
20180210200723 ,YOCB,KS,HH,37.37,7.21,11.78,2.35,6.05
20180210200723 ,HDB,KG,HH,40.54,7.61,12.57,2.65,4.62
20180210200723 ,MKL,KG,HH,40.91,7.7,12.7,2.35,5.88
20180210200723 ,USN2,KS,EL,46.95,8.74,14.48,2.33,12.24
20180210200723 ,ADO2,KS,EL,51.3,9.59,15.78,2.35,11.07
20180210201206 ,ULJ2,KS,HH,71.11,13.21,21.69,2.25,6.91
20180210201206 ,YSB,KG,HH,71.48,13.27,21.65,2.47,4.62
20180210201206 ,MAK,KG,EL,79.95,14.6,24,2.27,10.85
20180210201206 ,CHR,KS,HG,96.87,17.27,28.59,2.5,11.26
20180210201206 ,ADOA,KS,HG,80.65,14.73,24.26,2.35,4.72
20180210201206 ,BUS2,KS,HH,93.97,16.84,27.93,2.32,10.13
20180210201206 ,GKP1,KG,HH,69.79,12.9,21.04,2.19,13.12
20180210201206 ,GUWB,KS,HH,69.12,12.75,20.79,2.17,4.59
20180210201206 ,YOCB,KS,HH,37.88,7.58,12.09,2.3,6.67
20180210201206 ,PHA2,KS,HG,17.14,4.07,6.1,2.56,6.07
20180210201206 ,HAK,KG,EL,23.87,5.42,8.52,2.65,3.31
20180210201206 ,DKJ,KG,EL,26.85,5.72,8.86,2.42,6.91
20180210201206 ,CHS,KG,HH,27.68,5.88,9.09,2.37,6.1
20180210201206 ,HDB,KG,HH,39.34,7.96,12.85,2.46,5.96
20180210201206 ,USN2,KS,EL,46.33,9.11,14.7,2.47,9.5
20180210201206 ,ADO2,KS,EL,52.7,10.1,16.36,2.39,16
20180210201206 ,YODB,KS,HH,52.74,10.25,16.55,2.65,2.1
20180210201206 ,BBK,KG,EL,55.97,10.71,17.66,2.31,5.96
20180210201206 ,EUSB,KS,HH,67.36,12.42,20.37,2.35,4.96
20180210201206 ,CGD,KG,EL,69.12,12.75,20.8,2.54,6.87
20180210201206 ,MKL,KG,HH,40.04,8.03,12.92,2.5,6.65
20180210201405 ,CGD,KG,EL,69.37,12.74,20.91,2.17,9.1
20180210201405 ,GKP1,KG,HH,69.27,13.16,21.04,2.35,9.08
20180210201405 ,ADOA,KS,HG,79.25,14.55,24.08,2.05,7.34
20180210201405 ,BUS2,KS,HH,94.85,16.84,28.14,1.88,14.85
20180210201405 ,CHR,KS,HG,96.83,17.28,28.71,2.29,10.48
20180210201405 ,ULJ2,KS,HH,70.1,12.92,21.35,1.9,10.33
20180210201405 ,GUWB,KS,HH,68.05,12.64,20.88,1.91,6.16
20180210201405 ,HAK,KG,EL,25.17,5.32,8.42,2.5,3.09
20180210201405 ,YEYB,KS,HH,65.04,12.28,20.06,1.95,7.95
20180210201405 ,PHA2,KS,HG,16.44,3.81,5.78,2.4,5.36
20180210201405 ,CHS,KG,HH,26.46,5.77,8.99,1.97,9.1
20180210201405 ,DKJ,KG,EL,26.76,5.75,9.01,2.26,5.96
20180210201405 ,EUSB,KS,HH,66.06,12.31,20.26,1.87,7.51
20180210201405 ,YOCB,KS,HH,37.37,7.57,12.16,1.94,12.21
20180210201405 ,HDB,KG,HH,40.54,7.96,12.9,2.2,7.66
20180210201405 ,MKL,KG,HH,40.91,8.05,13.07,1.86,12.75
20180210201405 ,BBK,KG,EL,57.2,10.7,17.69,2.2,5.61
20180210201405 ,YODB,KS,HH,51.78,9.92,16.22,2.2,2.99
20180210201405 ,ADO2,KS,EL,51.3,9.93,16.16,2.03,28.12
20180210201405 ,USN2,KS,EL,46.95,9.12,14.86,1.95,24.42
20180210201856 ,GUWB,KS,HH,67.37,12.45,20.03,2.11,6.21
20180210201856 ,CHR,KS,HG,95.45,17.03,28.37,2.47,11.66
20180210201856 ,MAK,KG,EL,79.64,14.44,23.88,2.14,13.89
20180210201856 ,ADOA,KS,HG,79.39,14.45,23.97,2.5,4.13
20180210201856 ,CGD,KG,EL,67.96,12.52,20.57,2.29,8.64
20180210201856 ,EUSB,KS,HH,65.81,12.16,20.11,2.4,5.52
20180210201856 ,BUS2,KS,HH,93.59,16.7,27.81,2.05,21.15
20180210201856 ,HAK,KG,EL,25.02,5.32,8.39,2.7,4.5
20180210201856 ,DKJ,KG,EL,25.48,5.48,8.58,2.39,7.19
20180210201856 ,YOCB,KS,HH,36.22,7.33,11.82,2.25,9.1
20180210201856 ,YEYB,KS,HH,65.79,12.11,20.06,2.34,5.57
20180210201856 ,CHS,KG,HH,26.23,5.61,8.78,2.57,3.91
20180210201856 ,HDB,KG,HH,39.64,7.81,12.76,2.48,6.37
20180210201856 ,YODB,KS,HH,52.99,10,16.37,2.17,4.3
20180210201856 ,ADO2,KS,EL,51.52,9.37,16.1,2.37,19.97
20180210201856 ,BBK,KG,EL,56.28,10.58,17.56,2.35,5.84
20180210201856 ,PHA2,KS,HG,17.52,3.84,5.9,2.5,5.98
20180210201856 ,USN2,KS,EL,45.6,8.93,14.47,2.22,18.96
20180210201856 ,MKL,KG,HH,39.69,7.85,12.75,2.24,11.43
20180210203806 ,CGD,KG,EL,69.66,11.9,20.02,2.32,4.27
20180210203806 ,CHR,KS,HG,96.82,16.39,27.78,2.49,4.9
20180210203806 ,BUS2,KS,HH,95.75,16.11,27.25,2.01,7.64
20180210203806 ,MAK,KG,EL,81.81,13.9,23.29,2.22,4.96
20180210203806 ,GUWB,KS,HH,66.99,11.74,19.73,2.39,2.56
20180210203806 ,ULJ2,KS,HH,69.1,12.02,20.53,2.2,5.91
20180210203806 ,EUSB,KS,HH,64.76,11.41,19.3,2.57,2.59
20180210203806 ,PHA2,KS,HG,15.85,2.96,4.9,2.46,7.29
20180210203806 ,CHS,KG,HH,25.26,4.85,8.03,2.31,5.18
20180210203806 ,HAK,KG,EL,26.48,4.55,7.75,2.65,2.55
20180210203806 ,DKJ,KG,EL,26.73,4.84,8.03,2.47,3.38
20180210203806 ,YOCB,KS,HH,36.91,6.65,11.2,2.25,4.9
20180210203806 ,HDB,KG,HH,41.75,7.19,12.22,2.3,5.44
20180210203806 ,MKL,KG,HH,41.81,7.27,12.22,2.24,3.91
20180210203806 ,USN2,KS,EL,47.6,8.29,13.95,2.29,5.96
20180210203806 ,ADO2,KS,EL,49.91,9.04,15.25,2.4,10.48
20180210203806 ,YEYB,KS,HH,63.71,11.29,19.16,2.5,3.09
20180210231138 ,ULJ2,KS,HH,70.01,12.26,20.67,1.9,7.84
20180210231138 ,GKP1,KG,HH,70.11,12.59,20.52,2.29,10.48
20180210231138 ,CGD,KG,EL,69.95,12.11,20.3,2.5,4.21
20180210231138 ,BUS2,KS,HH,95.05,16.24,27.46,1.75,28.86
20180210231138 ,CHR,KS,HG,97.54,16.66,28.03,2.35,11.3
20180210231138 ,GUWB,KS,HH,68.93,11.99,20.08,1.45,21.52
20180210231138 ,YOCB,KS,HH,38.2,6.9,11.47,2.29,6.87
20180210231138 ,EUSB,KS,HH,66.84,11.69,19.58,2.34,3.13
20180210231138 ,PHA2,KS,HG,16.27,3.1,5.04,2.27,6.24
20180210231138 ,HAK,KG,EL,24.62,4.75,7.83,2.46,3.86
20180210231138 ,CHS,KG,HH,27.2,5.07,8.25,2.14,5.79
20180210231138 ,HDB,KG,HH,40.41,7.34,12.35,2.2,6.3
20180210231138 ,DKJ,KG,EL,27.43,5.09,8.31,2.33,7.97
20180210231138 ,MKL,KG,HH,41.09,7.42,12.48,1.9,7.97
20180210231138 ,USN2,KS,EL,47.31,8.5,14.13,2.28,11.73
20180210231138 ,YODB,KS,HH,51.66,9.32,15.51,1.6,10.57
20180210231138 ,ADO2,KS,EL,51.91,9.25,15.44,2.05,18.05
20180210231138 ,BBK,KG,EL,57.05,10.12,17.17,2.35,4.75
20180210231138 ,YEYB,KS,HH,65.35,11.46,19.32,1.82,8.14
20180211031428 ,CGD,KG,EL,68.81,12.31,20.34,2.61,4.13
20180211031428 ,ULJ2,KS,HH,70.19,12.62,21.24,2.5,5.05
20180211031428 ,CHR,KS,HG,96.13,16.79,28.18,2.68,5.13
20180211031428 ,ADOA,KS,HG,78.61,14.42,23.66,2.8,3.34
20180211031428 ,MAK,KG,EL,80.72,14.28,23.6,2.49,5.57
20180211031428 ,BUS2,KS,HH,94.67,16.52,27.6,2.5,4.85
20180211031428 ,GKP1,KG,HH,68.42,12.42,20.51,2.49,6.41
20180211031428 ,YSB,KG,HH,71.95,13.04,21.39,2.65,2.28
20180211031428 ,GUWB,KS,HH,67.18,12.2,20.17,2.65,2.42
20180211031428 ,CHS,KG,HH,25.72,5.35,8.51,2.55,6.1
20180211031428 ,HAK,KG,EL,25.74,5.02,8.11,2.95,2.52
20180211031428 ,DKJ,KG,EL,26.09,5.26,8.37,2.8,3.11
20180211031428 ,YOCB,KS,HH,36.55,7.09,11.61,2.49,5.66
20180211031428 ,MKL,KG,HH,40.75,7.64,12.58,2.35,3.5
20180211031428 ,USN2,KS,EL,46.6,8.7,14.29,2.56,7.07
20180211031428 ,EUSB,KS,HH,65.27,11.9,19.79,2.9,1.93
20180211031428 ,ADO2,KS,EL,50.71,9.58,15.81,2.74,7.77
20180211031428 ,YEYB,KS,HH,64.75,11.83,19.75,2.7,2.65
20180211031428 ,DAG2,KS,HH,52.46,9.71,16,2.65,5.11
20180211031428 ,YODB,KS,HH,51.91,9.66,15.99,2.8,1.94
20180211031428 ,PHA2,KS,EL,16.67,3.55,5.53,2.8,4.67
20180211034937 ,ULJ2,KS,HH,70.1,12.54,21.17,2.8,3.81
20180211034937 ,CGD,KG,EL,69.37,12.25,20.32,2.95,4.19
20180211034937 ,GKP1,KG,HH,69.27,12.35,20.47,2.9,5.93
20180211034937 ,BUS2,KS,HH,94.85,16.45,27.6,2.78,5.47
20180211034937 ,ADOA,KS,HG,79.25,14.14,23.65,3.1,3.11
20180211034937 ,MAK,KG,EL,80.87,14.18,23.64,2.61,6.16
20180211034937 ,MIYA,KS,HG,84.65,14.9,24.87,3.05,2.53
20180211034937 ,CIGB,KS,HH,86.17,15.16,25.27,3.1,2.76
20180211034937 ,CHR,KS,HG,96.83,16.76,28.05,2.9,6.87
20180211034937 ,YSB,KG,HH,72.23,12.91,21.27,2.79,3.17
20180211034937 ,GUWB,KS,HH,68.05,12.14,20.13,3.1,1.81
20180211034937 ,EUSB,KS,HH,66.06,11.85,19.77,3.22,1.78
20180211034937 ,PHA2,KS,EL,16.44,3.5,5.49,2.95,4.17
20180211034937 ,HAK,KG,EL,25.17,4.95,8.12,3.1,3.08
20180211034937 ,CHS,KG,HH,26.46,5.31,8.49,2.97,4
20180211034937 ,YOCB,KS,HH,37.37,7.05,11.56,2.95,3.38
20180211034937 ,HDB,KG,HH,40.54,7.58,12.5,2.67,5.91
20180211034937 ,MKL,KG,HH,40.91,7.56,12.52,2.49,4.89
20180211034937 ,DKJ,KG,EL,26.76,5.22,8.39,2.98,4.43
20180211034937 ,USN2,KS,EL,46.95,8.63,14.2,2.65,8.67
20180211034937 ,YEYB,KS,HH,65.04,11.78,19.71,3,2.56
20180211034937 ,BBK,KG,EL,57.2,10.35,17.26,2.8,3.46
20180211034937 ,DAG2,KS,HH,53.12,9.66,15.98,2.95,4.46
20180211034937 ,YODB,KS,HH,51.78,9.59,15.93,2.95,1.81
20180211034937 ,ADO2,KS,EL,51.3,9.53,15.75,3.03,6.87
20180212213012 ,GUWB,KS,HH,68.25,12.23,20.34,3.1,2.19
20180212213012 ,CGD,KG,EL,68.54,12.29,20.25,3.22,3.9
20180212213012 ,GKP1,KG,HH,68.93,12.44,20.7,3.1,4.54
20180212213012 ,ULJ2,KS,HH,71.19,12.64,21.16,2.76,5.15
20180212213012 ,BUS2,KS,HH,93.78,16.34,27.47,2.86,5.96
20180212213012 ,YSB,KG,HH,71.19,12.75,21.14,3.06,2.73
20180212213012 ,MAK,KG,EL,79.79,14.08,23.53,2.86,4.68
20180212213012 ,ADOA,KS,HG,80.02,14.48,23.77,3.1,2.51
20180212213012 ,CHR,KS,HG,96.16,16.81,28.09,3,9.1
20180212213012 ,DAU,KS,HG,68.07,12.26,20.38,3.1,4.9
20180212213012 ,PHA2,KS,EL,17.31,3.56,5.57,3.05,4.37
20180212213012 ,HAK,KG,EL,24.43,4.9,7.93,3.25,2.47
20180212213012 ,DKJ,KG,EL,26.16,5.27,8.44,3.12,4.26
20180212213012 ,CHS,KG,HH,26.95,5.42,8.65,3.08,3.26
20180212213012 ,YOCB,KS,HH,37.05,7.13,11.65,3.21,2.66
20180212213012 ,EUSB,KS,HH,66.58,11.96,19.88,3.17,2.53
20180212213012 ,HDB,KG,HH,39.48,7.42,12.4,3.09,3.06
20180212213012 ,MKL,KG,HH,39.85,7.57,12.48,3.05,3.39
20180212213012 ,YEYB,KS,HH,66.08,11.86,19.85,2.79,4.28
20180212213012 ,USN2,KS,EL,45.96,8.64,14.18,3.06,5.18
20180212213012 ,BBK,KG,EL,56.12,10.23,17.16,2.95,3.44
20180212213012 ,ADO2,KS,EL,52.11,9.6,15.85,3.01,7.4
20180212213012 ,JEJB,KS,HH,49.99,9.49,15.53,2.5,11.69
20180213013210 ,EUSB,KS,HH,67.36,12.05,19.98,1.75,15.59
20180213013210 ,BUS2,KS,HH,99.96,16.99,28.76,2.15,7.91
20180213013210 ,CGD,KG,EL,75.03,13.01,21.81,2.15,7.38
20180213013210 ,GUWB,KS,HH,70.99,12.43,20.89,2.11,4.76
20180213013210 ,YEYB,KS,HH,62.3,11.16,18.73,2.24,4.09
20180213013210 ,DAG2,KS,HH,58.67,10.39,17.48,2.36,7.27
20180213013210 ,MKL,KG,HH,45.91,8.24,13.81,1.94,9.1
20180213013210 ,HDB,KG,HH,44.43,8.02,13.42,2.28,9.1
20180213013210 ,YOCB,KS,HH,42.15,7.64,12.83,2.05,13.62
20180213013210 ,DKJ,KG,EL,31.99,5.95,9.75,2.16,9.1
20180213013210 ,CHS,KG,HH,28.1,5.39,8.79,2.02,8.79
20180213013210 ,HAK,KG,EL,26.55,4.98,8.28,2.15,5.96
20180213013210 ,PHA2,KS,EL,12.86,2.47,3.89,2.32,10.48
20180213013210 ,USN2,KS,EL,52.38,9.35,15.61,2.21,15.15
20180213013210 ,ADO2,KS,EL,50.82,9.13,15.38,2.17,24.14
20180213171426 ,YPDB,KS,HH,37.44,7.86,12.55,2.16,10.48
20180213171426 ,DACB,KS,HH,60.22,10.75,17.65,2.49,7.13
20180213171426 ,GAHB,KS,HH,95.07,17.26,28.78,2.95,4.06
20180213171426 ,YPD,KG,EL,33.57,7.28,11.69,2.31,32.37
20180217093548 ,EUSB,KS,HH,67.8,12.55,20.81,2.17,4.13
20180217093548 ,GKP1,KG,HH,73.71,10,22.34,2.24,9.1
20180217093548 ,CGD,KG,EL,74.19,13.49,22.37,2.35,3.79
20180217093548 ,MAK,KG,EL,84.79,15.19,25.42,2.06,8.37
20180217093548 ,CIGB,KS,HH,89.96,16.28,26.91,1.9,5.98
20180217093548 ,BUS2,KS,HH,98.88,17.53,29.34,2.2,6.23
20180217093548 ,ULJ2,KS,HH,66.54,12.2,20.29,2.2,4.59
20180217093548 ,CHS,KG,HH,28.39,6.02,9.59,2.19,5.35
20180217093548 ,HAK,KG,EL,25.66,5.35,8.63,2.65,3.48
20180217093548 ,DKJ,KG,EL,31.33,6.48,10.39,2.22,6.61
20180217093548 ,HDB,KG,HH,43.35,8.36,13.85,2.32,6.12
20180217093548 ,YOCB,KS,HH,41.74,8.23,13.49,2.2,8.02
20180217093548 ,MKL,KG,HH,44.86,8.72,14.4,1.96,6.87
20180217093548 ,DAG2,KS,HH,57.94,10.94,18,2.35,3.99
20180217093548 ,YODB,KS,HH,48.15,9.23,15.07,2.05,4.36
20180217123118 ,ADOA,KS,HG,78.48,14.43,23.93,3.2,3.35
20180217123118 ,CGD,KG,EL,70.22,12.75,20.91,2.95,3.92
20180217123118 ,YSB,KG,HH,73.28,13.22,21.96,2.95,2.26
20180217123118 ,MAK,KG,EL,81.96,14.52,24.17,2.85,4.5
20180217123118 ,GKP1,KG,HH,69.62,12.8,21,2.95,5.47
20180217123118 ,MIYA,KS,HG,85.5,15.48,25.37,3.06,2.42
20180217123118 ,CIGB,KS,HH,86.23,15.54,25.76,3.1,2.44
20180217123118 ,BUS2,KS,HH,95.93,16.83,28.1,2.79,4.31
20180217123118 ,CHR,KS,HG,97.52,17.22,28.73,2.83,7.84
20180217123118 ,GUWB,KS,HH,67.87,12.48,20.64,3.1,1.97
20180217123118 ,EUSB,KS,HH,65.55,12.14,20.13,3.2,2.22
20180217123118 ,HAK,KG,EL,25.93,5.29,8.46,3.48,2.22
20180217123118 ,CHS,KG,HH,26.01,5.61,8.83,3.06,2.95
20180217123118 ,YOCB,KS,HH,37.72,7.48,12.1,2.79,4.51
20180217123118 ,HDB,KG,HH,41.6,7.9,12.99,3.04,3.39
20180217123118 ,MKL,KG,HH,41.96,8.03,13.09,2.94,3.85
20180217123118 ,DKJ,KG,EL,27.38,5.67,8.93,3.05,3.91
20180217123118 ,USN2,KS,EL,47.94,9.1,14.79,3,4.99
20180217123118 ,DAG2,KS,HH,53.85,10.13,16.56,3.09,3.25
20180217123118 ,BBK,KG,EL,58.27,10.69,17.94,2.95,3.65
20180217123118 ,YODB,KS,HH,50.7,9.65,15.94,3.1,1.87
20180217123118 ,JEJB,KS,HH,52.12,10.01,16.12,3.01,3.91
20180217143856 ,ADOA,KS,HG,79.04,14.42,23.96,2.65,3.4
20180217143856 ,GUWB,KS,HH,69.48,12.7,21.02,2.52,3.83
20180217143856 ,DAU,KS,HG,70.8,13.05,21.29,2.66,7.57
20180217143856 ,GKP1,KG,HH,71.66,13.3,21.49,2.63,6.52
20180217143856 ,CGD,KG,EL,72.2,13.1,21.57,2.64,5.28
20180217143856 ,MAK,KG,EL,83.36,14.9,24.75,2.44,7.86
20180217143856 ,CHR,KS,HG,99.61,17.64,29.27,2.67,8.52
20180217143856 ,CIGB,KS,HH,88.09,15.87,26.17,2.65,3.38
20180217143856 ,BUS2,KS,HH,97.4,17.18,28.66,2.5,6.46
20180217143856 ,UJN,KS,HG,99.64,17.84,29.78,3.23,4.86
20180217143856 ,ULJ2,KS,HH,67.75,12.51,20.71,2.57,4.5
20180217143856 ,EUSB,KS,HH,66.65,12.29,20.35,2.53,4.41
20180217143856 ,HDB,KG,HH,42.43,8.22,13.42,2.65,5.88
20180217143856 ,YOCB,KS,HH,39.73,7.85,12.65,2.53,7.49
20180217143856 ,DKJ,KG,EL,29.35,6.1,9.61,2.59,5.73
20180217143856 ,CHS,KG,HH,27.14,5.8,9.05,2.56,5.18
20180217143856 ,HAK,KG,EL,25.71,5.5,8.73,2.9,3.86
20180217143856 ,MKL,KG,HH,43.39,8.42,13.69,2.55,7.57
20180217143856 ,YODB,KS,HH,49.4,9.51,15.53,2.8,2.14
20180217143856 ,DAG2,KS,HH,55.89,10.55,17.17,2.63,4.95
20180217143856 ,BBK,KG,EL,59.09,11.01,18.31,2.7,3.61
20180217143856 ,USN2,KS,EL,49.65,9.52,15.63,2.57,9.1
20180217183427 ,YSB,KG,HH,71.19,12.29,20.54,2.95,3.01
20180217183427 ,GKP1,KG,HH,68.93,11.87,20.32,2.71,7.03
20180217183427 ,ULJ2,KS,HH,71.19,12.13,20.71,2.65,4.06
20180217183427 ,MAK,KG,EL,79.79,13.49,22.92,2.62,10.36
20180217183427 ,BUS2,KS,HH,93.78,15.74,26.86,2.77,7.64
20180217183427 ,ADOA,KS,HG,80.02,13.71,23.31,2.68,4.07
20180217183427 ,MIYA,KS,HG,83.8,14.25,24.23,2.95,3.65
20180217183427 ,CIGB,KS,HH,86.13,14.64,24.84,2.82,3.79
20180217183427 ,CHR,KS,HG,96.16,16.21,27.47,2.83,9.37
20180217183427 ,CGD,KG,EL,68.54,11.68,19.73,2.94,4.64
20180217183427 ,GUWB,KS,HH,68.25,11.69,19.66,2.8,2.38
20180217183427 ,BBK,KG,EL,56.12,9.64,16.61,2.89,3.24
20180217183427 ,HAK,KG,EL,24.43,4.35,7.35,3.12,2.86
20180217183427 ,DKJ,KG,EL,26.16,4.68,7.88,2.9,4.27
20180217183427 ,CHS,KG,HH,26.95,4.89,8.12,2.8,3.67
20180217183427 ,YOCB,KS,HH,37.05,6.55,11.06,2.64,5.73
20180217183427 ,EUSB,KS,HH,66.58,11.41,19.39,2.77,3.77
20180217183427 ,HDB,KG,HH,39.48,6.85,11.78,2.85,5.18
20180217183427 ,USN2,KS,EL,45.96,8.04,13.63,2.79,10.15
20180217183427 ,MKL,KG,HH,39.85,6.97,11.83,2.89,4.5
20180217183427 ,YODB,KS,HH,52.86,9.23,15.59,2.95,1.62
20180217183427 ,DAG2,KS,HH,52.41,9.13,15.42,2.86,5.3
20180225172303 ,YOA,KS,EL,89.64,16.36,27.19,1.99,28.12
20180225172303 ,GOS2,KS,EL,97.02,17.6,28.9,1.99,15.82
20180225172303 ,SGP2,KS,HH,86.68,15.85,26.31,2.2,9.02
20180225172303 ,WAN2,KS,EL,50.72,10.22,16.32,2.24,32.37
20180225172303 ,KOHB,KS,HH,81.66,15.02,24.95,2.05,11.49
20180225172303 ,CSDB,KS,HH,25.54,6.19,9.35,2.08,7.79
20180225172303 ,GMDB,KS,HH,40.68,8.45,13.41,1.71,18.42
20180225172303 ,UDO,KS,HH,51.2,10.07,16.31,2.2,6.58
20180225172303 ,BGD,KG,HH,36.91,7.86,12.26,1.89,21.15
20180225172303 ,CJD,KS,HH,54.23,10.47,16.74,2.19,9.13
20180225172303 ,JJU2,KS,HH,67.79,12.89,21.18,2.24,6.35
20180225172303 ,HANB,KS,HH,71.16,13.38,21.81,1.95,8.09
20180225172303 ,JDO,KS,EL,75.8,14.05,23.06,2,32.37
20180225172303 ,JAHA,KS,HG,80.48,14.87,24.54,2.05,6.73
20180308141647 ,SMKB,KS,HH,83.03,14.84,24.76,2.61,8.84
20180308141647 ,JAHA,KS,HG,78.13,13.91,23.41,2.5,3.83
20180308141647 ,ISGB,KS,HH,78.08,14.2,23.39,2.54,4.96
20180308141647 ,NAH,KS,HG,77.03,13.95,23.14,2.6,7.91
20180308141647 ,KOHB,KS,HH,76.44,13.78,23.06,2.39,10.48
20180308141647 ,PUAA,KS,HG,73.93,13.45,22.23,2.5,5.53
20180308141647 ,EURB,KS,HH,87.81,15.24,25.94,2.4,4.07
20180308141647 ,MAN,KS,HG,98.38,17.34,28.68,2.4,9.1
20180308141647 ,KMSA,KS,HG,91.02,16.31,27.34,2.95,2.86
20180308141647 ,NPR,KG,HH,92.62,16.54,27.35,2.62,5.98
20180308141647 ,MUN,KG,EL,93.54,16.45,27.37,2.65,4.49
20180308141647 ,KMC,KG,EL,94.65,16.91,28.23,2.15,10.48
20180308141647 ,YESA,KS,HG,73.27,13.31,21.94,2.55,6.03
20180308141647 ,WID,KG,EL,99.99,17.38,29.46,2.5,7.09
20180308141647 ,IKSA,KS,HG,88.23,15.83,26.09,2.54,5.18
20180308141647 ,GSU,KG,HH,72.6,12.9,22.04,2.47,3.6
20180308141647 ,YEG,KS,HG,78.24,14.17,23.45,2.5,11.3
20180308141647 ,JEU2,KS,EL,43.39,8.58,13.85,2.45,12.07
20180308141647 ,IMSA,KS,HG,36.31,7.47,11.97,2.16,4.5
20180308141647 ,KWJU,KS,HH,35.96,7.41,11.73,1.93,28.12
20180308141647 ,KWJ2,KS,HH,35.96,7.4,11.73,2.26,13.89
20180308141647 ,GWJ,KS,HG,43.49,8.59,13.79,2.32,10.3
20180308141647 ,BAU,KS,EL,34.2,7.28,11.57,2.54,16
20180308141647 ,SUCA,KS,HG,21.67,5.31,8.18,2.1,6.87
20180308141647 ,NAWB,KS,HH,17.82,4.77,7.27,2.26,3.91
20180308141647 ,GRE,KG,EL,15.15,4.39,6.69,2.2,8.97
20180308141647 ,SCHA,KS,HG,32.84,6.85,10.99,2.65,3.21
20180308141647 ,JASA,KS,HG,44.36,8.82,14.19,2.65,3.36
20180308141647 ,JRB,KG,HH,31.76,6.73,10.8,2.06,27.24
20180308141647 ,HAMB,KS,HG,45.53,9.02,14.43,2.51,4.7
20180308141647 ,JEO2,KS,HH,71.56,13.12,21.63,2.19,14.59
20180308141647 ,GOCB,KS,HH,67.42,12.35,20.32,2.47,4.97
20180308141647 ,KCH2,KS,EL,64.58,12.1,19.65,2.49,8.11
20180308141647 ,BOSB,KS,HH,61.25,11.4,18.82,2.3,5.96
20180308141647 ,JINA,KS,HG,67.13,11.98,20.5,2.34,4.64
20180308141647 ,CHO,KS,HG,60.82,11.94,19.5,2.37,4.68
20180308141647 ,NAJ,KS,HG,55.93,10.54,17.23,2.48,13.12
20180308141647 ,HWSB,KG,HH,54.09,10.2,16.77,2.5,6.19
20180308141647 ,GWYB,KS,HH,52.47,10.02,16.23,2.58,3.3
20180308141647 ,SACA,KS,HG,52.41,9.76,16.17,2.2,7.62
20180308141647 ,HAD,KS,HG,47.96,9.41,15.42,1.95,13.89
20180308143841 ,SMKB,KS,HH,81.69,14.25,24.17,2.43,11.93
20180308143841 ,JAHA,KS,HG,78.66,13.32,22.83,2.26,5.33
20180308143841 ,YEG,KS,HG,77.36,13.6,22.89,2.35,13.08
20180308143841 ,ISGB,KS,HH,76.7,13.63,22.82,2.44,5.7
20180308143841 ,KOHB,KS,HH,77.48,13.18,22.46,2.25,10.54
20180308143841 ,MUN,KG,EL,93.26,15.86,26.77,2.47,5.38
20180308143841 ,KMC,KG,EL,94.3,16.34,27.63,2.02,13.89
20180308143841 ,MAN,KS,HG,97.76,16.73,28.12,2.2,17.44
20180308143841 ,MND,KS,HH,98.51,17.08,29.01,2.47,5.73
20180308143841 ,WID,KG,EL,98.75,16.8,28.88,2.35,6.97
20180308143841 ,YESA,KS,HG,74.68,12.73,21.35,2.5,5.41
20180308143841 ,EURB,KS,HH,88.68,14.68,25.37,2.24,4.99
20180308143841 ,GSU,KG,HH,73.73,12.33,21.41,1.9,9.67
20180308143841 ,NPR,KG,HH,91.23,15.97,26.78,2.45,7.13
20180308143841 ,JEU2,KS,EL,42.09,8,13.25,2.34,11.46
20180308143841 ,KWJU,KS,HH,35.69,6.82,11.14,1.77,26.78
20180308143841 ,KWJ2,KS,HH,35.69,6.81,11.13,2.1,13.89
20180308143841 ,GWJ,KS,HG,43.04,7.99,13.2,2.2,10.45
20180308143841 ,BAU,KS,EL,35.56,6.69,10.97,2.52,16.18
20180308143841 ,SCHA,KS,HG,34,6.24,10.39,2.5,3.46
20180308143841 ,JRB,KG,HH,32.93,6.14,10.2,1.95,32.37
20180308143841 ,SUCA,KS,HG,20.54,4.71,7.55,2,7.91
20180308143841 ,NAWB,KS,HH,17.34,4.18,6.68,2.02,7.55
20180308143841 ,IMSA,KS,HG,35.16,6.88,11.39,1.88,7.38
20180308143841 ,JASA,KS,HG,43.74,8.22,13.59,2.35,5.02
20180308143841 ,HAD,KS,HG,49.29,8.81,14.82,1.79,28.12
20180308143841 ,PUAA,KS,HG,72.53,12.89,21.63,2.5,4.23
20180308143841 ,JEO2,KS,HH,70.42,12.52,21.04,2.02,19.79
20180308143841 ,JINA,KS,HG,68.26,11.43,19.9,2.05,7.62
20180308143841 ,GOCB,KS,HH,66.44,11.76,19.71,2.34,4.92
20180308143841 ,KCH2,KS,EL,64.75,11.5,19.05,2.31,14.76
20180308143841 ,HAMB,KS,HH,45.73,8.41,13.83,2.5,3.85
20180308143841 ,BOSB,KS,HH,62.18,10.82,18.24,2.14,6.6
20180308143841 ,NAJ,KS,HG,55.8,9.95,16.63,2.34,15.02
20180308143841 ,HWSB,KG,HH,54.18,9.61,16.17,2.35,6.58
20180308143841 ,GWYB,KS,HH,53.88,9.42,15.66,2.5,3.33
20180308143841 ,GRE,KG,EL,16.14,3.81,6.09,2.09,10.48
20180308143841 ,SACA,KS,HG,53.03,9.17,15.56,2.2,7.09
20180308143841 ,CHO,KS,HG,59.53,11.34,18.89,1.9,14.18
20180309090537 ,BUYB,KS,HH,86.74,15,24.95,2.2,5.74
20180309090537 ,YPDB,KS,HH,98.68,16.8,28.3,2.29,3.91
20180309090537 ,YINB,KS,HH,78.31,13.16,22.47,2.2,6.05
20180309090537 ,KOJ2,KS,EL,82.34,14.43,24.05,2.17,10.63
20180309090537 ,SES2,KS,HH,20.45,3.48,5.77,2.06,12.93
20180309090537 ,HAWB,KS,HH,33.96,5.85,9.86,2.35,10.04
20180309090537 ,DEI,KS,EL,46.83,8.09,13.75,2.68,6.87
20180309090537 ,CEA2,KS,EL,74.02,12.62,21.47,1.94,13.08
20180309090537 ,NJDA,KS,HG,15.17,2.18,3.68,2.33,3.94
20180309163139 ,SUBA,KS,HG,73.23,13.36,22.3,2.8,5.22
20180309163139 ,GKP1,KG,HH,74.88,13.65,22.5,2.95,7.84
20180309163139 ,UNCA,KS,HG,75.99,13.59,22.78,2.93,4.15
20180309163139 ,CGD,KG,EL,76.74,13.77,22.8,2.96,7.27
20180309163139 ,ADOA,KS,HG,77.54,14.21,23.63,2.95,3.96
20180309163139 ,MAK,KG,EL,88.03,15.51,25.99,3,4.88
20180309163139 ,DNBA,KS,HG,89.62,16.09,27.04,3.1,2.9
20180309163139 ,MIYA,KS,HG,92.04,16.41,27.26,3.2,2.95
20180309163139 ,MLGA,KS,HG,98.46,17.27,29.03,2.91,5.18
20180309163139 ,CHYB,KS,HH,98.61,17.5,29.35,3.25,2.2
20180309163139 ,YSB,KG,HH,79.63,14.26,23.91,3.05,2.29
20180309163139 ,EUSB,KS,HH,66.52,12.28,20.4,3.1,2.77
20180309163139 ,CSOA,KS,HG,38.86,7.73,12.65,3.23,2
20180309163139 ,DKJ,KG,EL,33.37,6.68,10.72,3.1,4.43
20180309163139 ,HAK,KG,EL,28.37,5.73,9.27,3.51,2.31
20180309163139 ,YOCB,KS,HH,43.03,8.35,13.65,2.82,9.37
20180309163139 ,CHS,KG,HH,27.64,5.82,9.27,3.05,3.39
20180309163139 ,GGGA,KS,HG,26.83,5.58,8.92,2.88,3.39
20180309163139 ,HMGA,KS,HG,21.53,4.47,7.05,3.1,2.97
20180309163139 ,GIGA,KS,HG,19.95,4.34,6.78,3.38,1.67
20180309163139 ,PHA2,KS,EL,11.6,2.59,3.76,3.28,5.27
20180309163139 ,GGDA,KS,HG,25.62,5.26,8.42,3.09,2.84
20180309163139 ,YODB,KS,HH,44.91,8.7,14.29,2.79,3.52
20180309163139 ,BBK,KG,EL,63.24,11.55,19.23,2.97,4.74
20180309163139 ,DAG2,KS,HH,60.17,11.16,18.37,3.01,5.3
20180309163139 ,JEJB,KS,HH,56.96,10.63,17.53,3.15,4
20180309163139 ,YEYB,KS,HH,60.31,11.31,18.81,3.1,2.6
20180309163139 ,USN2,KS,EL,54.35,10.16,16.72,2.89,9.95
20180309163139 ,GSNA,KS,HG,54.31,10.11,16.57,2.95,4.78
20180309163139 ,ADO2,KS,EL,49.43,9.44,15.62,2.95,8.67
20180309163139 ,MKL,KG,HH,48.01,9.06,14.92,2.79,4.56
20180309163139 ,HDB,KG,HH,46.59,8.77,14.52,3.05,5.18
20180315152323 ,NAMB,KS,HH,88.42,15.53,26.08,1.8,13.89
20180315152323 ,DGY2,KS,HH,82.61,14.37,24.43,2.09,10.48
20180315152323 ,JNPA,KS,HG,79.8,14.07,23.46,2.2,7.84
20180315152323 ,ICN2,KS,EL,96.11,16.9,28.1,2.04,32.37
20180315152323 ,GUWB,KS,HH,90.52,15.72,26.18,1.75,9.29
20180315152323 ,HOCA,KS,HG,92.13,16.28,27.05,1.79,13.89
20180315152323 ,YIN,KG,EL,93.3,16.45,27.44,2.02,13.89
20180315152323 ,CPR2,KS,EL,93.82,16.6,27.22,2.08,12.35
20180315152323 ,ULJ2,KS,HH,93.94,16.54,27.72,2.35,5.78
20180315152323 ,OKCB,KS,HH,90.43,15.95,26.44,1.99,7.91
20180315152323 ,ADO2,KS,EL,79.4,13.95,23.2,2.12,32.37
20180315152323 ,CHJ2,KS,HH,42.6,7.76,12.76,2.04,12.03
20180315152323 ,JSB,KG,HH,45.21,8.25,13.63,2.31,4.5
20180315152323 ,MGB,KG,HH,43.1,7.97,12.86,2.34,4.13
20180315152323 ,SND,KG,HH,40.12,7.69,12.17,2.35,4.23
20180315152323 ,JECB,KS,HH,29.98,5.72,9.21,2.04,6.19
20180315152323 ,DKSA,KS,HG,27.72,5.2,8.35,2.24,7.11
20180315152323 ,DGLA,KS,HG,26.82,5.17,8.15,2.39,3.93
20180315152323 ,YOW2,KS,EL,24.68,4.7,7.86,2.01,13.89
20180315152323 ,BUSA,KS,HG,23.67,4.7,7.31,2.18,4.59
20180315152323 ,YOJB,KS,HH,17.82,3.49,5.27,2.1,6.46
20180315152323 ,CHYB,KS,HH,45.34,8.42,13.57,2.12,5.96
20180315152323 ,TBA2,KS,HG,47.71,9.51,15.32,2.09,8.72
20180315152323 ,SNGB,KS,HH,72.5,13.15,21.35,1.94,7.53
20180315152323 ,CGIA,KS,HG,71.62,12.77,21.23,1.3,17.85
20180315152323 ,EMSB,KS,HH,71.61,12.63,20.94,2,12.07
20180315152323 ,EUSB,KS,HH,73.96,13.16,21.64,1.92,10.54
20180315152323 ,WJU2,KS,EL,58.07,10.59,17.39,2.24,18.42
20180315152323 ,AGSA,KS,HG,56.72,10.26,16.88,1.75,16.42
20180315152323 ,JES,KS,HG,55.44,10.25,16.88,2.05,12.1
20180315152323 ,ADOA,KS,HG,52.65,9.57,15.72,2.2,4.43
20180315152323 ,BURB,KS,HH,66.65,11.96,19.67,1.84,13.89
20180316090247 ,MSNA,KS,HG,67.85,12.45,20.53,2.95,5.98
20180316090247 ,GUWB,KS,HH,69.48,12.65,20.58,2.87,3.39
20180316090247 ,UNCA,KS,HG,71.37,12.96,21.56,2.75,4.5
20180316090247 ,GKP1,KG,HH,71.66,13.12,21.51,2.83,8.52
20180316090247 ,CGD,KG,EL,72.2,13.1,21.55,2.99,6.28
20180316090247 ,YSB,KG,HH,74.89,13.53,22.43,2.89,3.69
20180316090247 ,CGDA,KS,HG,78.87,14.27,23.61,2.95,4.43
20180316090247 ,ADOA,KS,HG,79.04,14.3,23.87,2.99,5.18
20180316090247 ,MAK,KG,EL,83.36,14.85,24.74,2.84,8
20180316090247 ,DNBA,KS,HG,89.45,16,26.68,2.95,2.84
20180316090247 ,MLGA,KS,HG,93.7,16.56,27.76,2.8,5.61
20180316090247 ,BUS2,KS,HH,97.4,17.12,28.64,2.65,10.51
20180316090247 ,SUBA,KS,HG,77.27,13.94,23.32,2.78,5.11
20180316090247 ,ULJ2,KS,HH,67.75,12.36,20.64,2.8,6.34
20180316090247 ,YEYB,KS,HH,63.63,11.76,19.51,2.74,4.5
20180316090247 ,EUSB,KS,HG,66.65,12.27,20.33,2.86,4.82
20180316090247 ,PHA2,KS,EL,14.48,3.33,5.01,3.06,4.22
20180316090247 ,GIGA,KS,HG,17.2,3.91,5.98,3.18,2.2
20180316090247 ,GGDA,KS,HG,21.31,4.6,7.13,3.07,3.5
20180316090247 ,HMGA,KS,HG,22.08,4.7,7.3,2.95,3.58
20180316090247 ,HAK,KG,EL,25.71,5.38,8.61,3.31,3.61
20180316090247 ,CHS,KG,HH,27.14,5.75,9.01,3,4.9
20180316090247 ,DKJ,KG,EL,29.35,6.08,9.55,2.94,4.83
20180316090247 ,GGGA,KS,HG,31.14,6.27,10.1,2.78,4.56
20180316090247 ,YOCB,KS,HH,39.73,7.83,12.67,2.7,11.3
20180316090247 ,CSOA,KS,HG,41.06,8,13.09,2.79,4.54
20180316090247 ,HDB,KG,HH,42.43,8.14,13.5,2.8,7.53
20180316090247 ,DAG2,KS,HH,55.89,10.52,17.18,3.04,5.12
20180316090247 ,ADO2,KS,EL,50.98,9.69,15.87,2.92,11.86
20180316090247 ,GSNA,KS,HG,49.8,9.48,15.31,3.07,4.08
20180316090247 ,USN2,KS,EL,49.65,9.46,15.42,3.05,6.63
20180316090247 ,MKL,KG,HH,43.39,8.36,13.63,2.75,5.96
20180316090247 ,YODB,KS,HH,49.4,9.37,15.43,2.89,2.69
20180326004039 ,YPDB,KS,HH,80.57,14.2,24.38,2.91,4.37
20180326004039 ,BAR2,KS,HH,26.12,3.88,6.38,3.25,2.7
20180326004039 ,DACB,KS,HH,15.83,2.32,3.76,3.22,2.39
20180330152012 ,EUSB,KS,HH,67.45,12.02,20,2.24,4.33
20180330152012 ,GUWB,KS,HH,70.36,12.35,20.8,1.6,15.5
20180330152012 ,CGD,KG,EL,72.78,12.74,21.31,2.3,5.96
20180330152012 ,YSB,KG,HH,75.19,13.25,22.27,1.6,16.04
20180330152012 ,CGDA,KS,HG,79.57,14.11,23.39,2.2,4.1
20180330152012 ,MAK,KG,EL,83.53,14.53,24.43,1.87,16
20180330152012 ,BUS2,KS,HH,97.6,16.79,28.31,1.84,21.21
20180330152012 ,ADOA,KS,HG,79.71,13.97,23.6,2.35,4.59
20180330152012 ,YEYB,KS,HH,63.96,11.33,19.14,2.2,3.52
20180330152012 ,MKL,KG,HH,43.6,7.99,13.33,2.15,6.75
20180330152012 ,BBK,KG,EL,58.98,10.53,17.81,2.35,3.76
20180330152012 ,GGGA,KS,HG,31.05,5.77,9.52,2.14,4.5
20180330152012 ,DKJ,KG,EL,30.02,5.73,9.38,2.28,6.87
20180330152012 ,CHS,KG,HH,27.93,5.4,8.76,2.14,7.68
20180330152012 ,HMGA,KS,HG,21.29,4.1,6.63,2.2,5.91
20180330152012 ,GIGA,KS,HG,17.91,3.56,5.71,2.45,2.95
20180330152012 ,PHA2,KS,EL,14.39,2.77,4.4,2.25,13.89
20180330152012 ,GGDA,KS,HG,21.7,4.21,6.82,2.15,5.57
20180330152012 ,CSOA,KS,HG,41.58,7.56,12.72,2.4,2.59
20180330152012 ,YOCB,KS,HH,40.55,7.5,12.47,2.09,8.37
20180330152012 ,DAG2,KS,HH,56.56,10.19,16.96,2.29,8.79
20180330152012 ,ADO2,KS,EL,51.62,9.3,15.59,2.25,21.21
20180330152012 ,YODB,KS,HH,49.31,8.88,14.94,2.02,4.56
20180330152012 ,HDB,KG,HH,42.34,7.74,13.04,2.31,5.18
20180330152012 ,USN2,KS,EL,50.03,9.08,15.19,2.16,9.1
20180406120911 ,YEYB,KS,HH,89.87,15.96,27.02,3.1,1.84
20180406120911 ,ADO2,KS,HG,87.12,15.72,26.37,3.1,5.84
20180406120911 ,SUBA,KS,HG,95.2,16.72,28.32,2.95,1.94
20180406120911 ,YSB,KG,HH,95.83,16.96,28.69,3.09,2.18
20180406120911 ,MSNA,KS,HG,95.92,17.04,28.65,3.04,2.95
20180406120911 ,MAK,KG,EL,98.58,17.33,29.14,2.93,4.43
20180406120911 ,DAG2,KS,HH,90.74,16.18,27.24,3.07,3.37
20180406120911 ,UNCA,KS,HG,86.28,15.39,25.82,2.98,2.58
20180406120911 ,HMGA,KS,HG,24.92,6.22,9.94,2.65,4.41
20180406120911 ,HAK,KG,EL,34.74,7.8,12.81,2.95,5.19
20180406120911 ,PHA2,KS,EL,43.49,8.98,14.76,2.67,6.89
20180406120911 ,YOCB,KS,HH,79.77,14.54,24.34,3.04,2.44
20180406120911 ,GGGA,KS,HG,50.8,9.93,16.44,2.5,6.43
20180406120911 ,GGDA,KS,HG,54.05,10.52,17.47,2.67,5.36
20180406120911 ,HDB,KG,HH,55.06,10.63,17.66,2.65,9.34
20180406120911 ,GIGA,KS,HG,56.8,10.99,18.26,2.89,3.35
20180406120911 ,JEJB,KS,HG,60.66,11.41,19.08,2.79,3.19
20180406120911 ,CSOA,KS,HG,75.02,13.76,23.01,3.1,1.89
20180406120911 ,MKL,KG,HH,65.73,12.35,20.57,2.55,6.87
20180406120911 ,BBK,KG,EL,66.23,12.19,20.48,2.95,3.68
20180406120911 ,DKJ,KG,EL,66.54,12.48,20.77,2.9,5.96
20180406120911 ,CHS,KG,HH,67.58,12.6,21.08,2.9,3.75
20180406120911 ,ULJ2,KS,HH,78.91,14.09,23.75,2.95,2.84
20180406120911 ,YODB,KS,HH,63.16,11.68,19.63,2.78,3.06
20180409031540 ,ADO2,KS,EL,76.21,13.24,22.46,2.6,24.42
20180409031540 ,BSA,KS,HG,74.77,13.24,22.2,2.8,7.42
20180409031540 ,BUS2,KS,HH,58.04,10.51,17.51,2.67,7.36
20180409031540 ,GUWB,KS,HH,72.03,12.73,21.24,2.64,4.13
20180409031540 ,EUSB,KS,HH,80.71,14.01,23.6,2.64,6.56
20180409031540 ,EURB,KS,HH,95.62,16.46,27.75,2.49,4.99
20180409031540 ,YODB,KS,HH,88.62,15.32,25.76,2.89,2.95
20180409031540 ,HCNA,KS,HG,95.38,16.57,28.02,2.05,11.3
20180409031540 ,YEYB,KS,HH,96.95,16.73,28.35,2.73,4.5
20180409031540 ,DKJ,KG,EL,24.15,5.17,8.41,2.79,7.62
20180409031540 ,DAG2,KS,HH,28.34,6,9.81,2.64,7.59
20180409031540 ,BBK,KG,EL,31.53,6.36,10.33,2.89,4.37
20180409031540 ,GKP1,KG,HH,55.31,10.23,16.98,2.61,13.89
20180409031540 ,HDB,KG,HH,21.81,4.78,7.67,2.89,7.91
20180409031540 ,USN2,KS,HG,13.32,3.84,6,2.55,10.48
20180409031540 ,MKL,KG,HH,11.61,3.46,5.29,2.3,13.89
20180409031540 ,YOCB,KS,HH,33.85,6.76,11.01,2.56,6.87
20180409031540 ,YSB,KG,HH,35.31,6.99,11.37,2.68,5.88
20180409031540 ,CGD,KG,EL,37.1,7.32,12.01,2.7,9.48
20180409031540 ,MAK,KG,EL,44.71,8.39,13.86,2.76,5.06
20180409031540 ,CHS,KG,HH,48.66,8.93,14.81,2.63,11.53
20180409031540 ,PHA2,KS,EL,51.7,9.53,15.88,2.8,5.61
20180409031540 ,DAU,KS,HG,54.39,10.04,16.69,2.55,13.89
20180409031540 ,HAK,KG,EL,35.23,6.96,11.41,2.74,5.7
20180409031540 ,JEJB,KS,HH,28.26,5.86,9.39,2.88,5.18
20180423202032 ,OYDB,KS,HH,93.75,16.3,27.28,1.65,18.42
20180423202032 ,GMPB,KS,HG,93.56,16.27,27.57,1.75,14.85
20180423202032 ,DEI,KS,EL,29.02,5.54,9.21,2.16,22.92
20180423202032 ,TANB,KS,HG,48.08,8.83,14.61,1.75,10.63
20180423202032 ,SES2,KS,HH,57.08,10.23,17.04,1.87,28.12
20180423202032 ,GAHB,KS,HH,86.26,15.06,25.71,2.65,3.33
20180423202032 ,YSAB,KS,HH,87.84,15.4,25.71,2.08,4.63
20180423202032 ,HSB,KG,HG,85.89,14.94,25.16,2.05,7.93
20180501100905 ,YGAA,KS,HG,76.62,12.88,22.12,2.63,2.89
20180501100905 ,BSA,KS,HG,76.03,13,21.9,2.8,3.64
20180501100905 ,ADO2,KS,EL,75.42,12.61,21.77,2.39,32.37
20180501100905 ,CHRA,KS,HG,71.15,11.97,20.54,2.5,4.67
20180501100905 ,CSOA,KS,HG,70.04,11.84,20.22,2.45,5.06
20180501100905 ,GGGA,KS,HG,68.81,11.68,19.93,2.65,4.67
20180501100905 ,EUSB,KS,HH,80.32,13.38,22.94,2.5,5.98
20180501100905 ,GUWB,KS,HH,71.99,12.12,20.65,2.48,3.65
20180501100905 ,YODB,KS,HH,87.34,14.57,25.04,2.8,2.82
20180501100905 ,CGWB,KS,HH,88.14,14.73,25.19,2.2,8.52
20180501100905 ,JUCA,KS,HG,68.32,11.65,19.81,2.5,4.28
20180501100905 ,YEYB,KS,HH,95.94,16.06,27.62,2.78,2.51
20180501100905 ,CIGB,KS,HH,80.37,13.49,23.05,2.59,4.83
20180501100905 ,BUS2,KS,HH,59.24,10.17,17.25,2.52,6.54
20180501100905 ,GKP1,KG,HH,55.9,9.86,16.53,2.44,12.07
20180501100905 ,MSNA,KS,HG,31.67,5.91,10.05,2.76,3.24
20180501100905 ,BBK,KG,EL,31.63,5.91,9.91,2.76,3.8
20180501100905 ,DAG2,KS,HH,29.17,5.54,9.4,2.58,5.96
20180501100905 ,JEJB,KS,HH,28.1,5.41,9.06,2.71,5.18
20180501100905 ,DKJ,KG,EL,23.5,4.59,7.8,2.59,6.41
20180501100905 ,GGDA,KS,HG,22.82,4.54,7.54,2.59,5.66
20180501100905 ,HDB,KG,HH,21.22,4.28,7.2,2.67,5.88
20180501100905 ,USN2,KS,EL,14.3,3.45,5.7,2.44,9.1
20180501100905 ,MKL,KG,HH,11.65,3.04,4.95,2.16,9.84
20180501100905 ,YOCB,KS,HH,33.66,6.21,10.44,2.46,5.41
20180501100905 ,GSNA,KS,HG,19.86,4.14,6.88,2.65,3.79
20180501100905 ,HAK,KG,EL,33.92,6.35,10.79,2.71,5.42
20180501100905 ,MIYA,KS,HG,52.51,9.16,15.62,1.9,9.75
20180501100905 ,PHA2,KS,EL,50.39,8.87,15.15,2.62,8.59
20180501100905 ,CGDA,KS,HG,50.38,8.86,15.14,2.77,2.31
20180501100905 ,HMGA,KS,HG,48.46,8.55,14.56,2.5,4.59
20180501100905 ,CHS,KG,HH,47.78,8.29,14.17,2.33,10.01
20180501100905 ,DAU,KS,HG,54.98,9.6,16.17,2.48,9.02
20180501100905 ,MAK,KG,EL,45.83,7.99,13.67,2.5,6.65
20180501100905 ,CGD,KG,EL,38.38,6.9,11.64,2.59,5.18
20180501100905 ,YSB,KG,HH,36.59,6.61,11.1,2.65,3.34
20180501100905 ,UNCA,KS,HG,34.99,6.32,10.72,2.63,3.34
20180501100905 ,GIGA,KS,HG,34.64,6.27,10.57,2.5,5.35
20180502033436 ,CIGB,KS,HH,88.68,14.89,25.21,2.93,3.63
20180502033436 ,YINB,KS,HH,87.66,15,25.14,3.01,2.96
20180502033436 ,YOJB,KS,HH,86.21,14.71,24.94,3,3.45
20180502033436 ,JECB,KS,HH,83.49,14.17,24.01,2.88,5
20180502033436 ,ICN2,KS,EL,84.1,14.39,24.04,2.71,24.42
20180502033436 ,DGHA,KS,HG,81.28,13.52,22.98,2.97,4.01
20180502033436 ,CGYA,KS,HG,79.29,13.21,22.49,2.86,5.61
20180502033436 ,HSB,KG,HH,90.26,15.1,25.35,2.85,8.28
20180502033436 ,NPR,KG,HH,90.76,14.99,25.45,2.96,11.69
20180502033436 ,ISGB,KS,HH,92.19,15.28,25.86,2.85,9.1
20180502033436 ,SECA,KS,HG,92.77,15.33,25.93,2.88,8.9
20180502033436 ,CHO,KS,HG,93.39,15.46,26.2,2.9,6.79
20180502033436 ,MALA,KS,HG,94.76,15.68,26.79,3.07,4.08
20180502033436 ,ADOA,KS,HG,95.5,16.1,27.21,3.01,2.7
20180502033436 ,GUWB,KS,HH,95.79,16.06,27.28,3.01,2.6
20180502033436 ,EUSB,KS,HH,97.21,16.22,27.62,2.94,4.03
20180502033436 ,HAWB,KS,HG,97.24,16.25,27.37,3.04,3.91
20180502033436 ,SWO2,KS,EL,99.66,16.93,28.43,3.11,6.85
20180502033436 ,YSAB,KS,HG,77.09,12.9,21.93,3.06,4.5
20180502033436 ,IKSA,KS,HG,76.71,12.77,21.6,2.92,6.6
20180502033436 ,CHJ2,KS,HH,46.92,8.27,13.88,2.85,9.21
20180502033436 ,KOJ2,KS,EL,46.54,7.86,13.24,2.79,8.21
20180502033436 ,CEA2,KS,EL,46.05,7.96,13.37,2.95,9.98
20180502033436 ,MGY2,KS,EL,40.32,7.15,12.08,2.86,5.96
20180502033436 ,TJN,KG,HH,33.51,5.76,9.6,2.86,9.1
20180502033436 ,TEJ2,KS,HG,33.38,5.77,9.61,2.97,12.78
20180502033436 ,OKCB,KS,HH,29.22,5.26,8.74,3.1,2.07
20180502033436 ,JEO2,KS,HH,76.41,12.75,21.65,3.03,6.87
20180502033436 ,HKU,KG,HH,27.53,4.94,8.29,3.06,7.91
20180502033436 ,CEJA,KS,HG,22.29,4.1,6.79,2.95,6.39
20180502033436 ,BON2,KS,EL,17.38,3.56,5.88,2.83,10.48
20180502033436 ,EMSB,KS,HH,47.01,8.24,13.82,2.85,5.49
20180502033436 ,CPR2,KS,EL,49.01,8.51,14.21,2.97,5.42
20180502033436 ,JNPA,KS,HG,28.85,5.26,8.87,3,3.91
20180502033436 ,BURB,KS,HH,75.83,12.97,21.9,3.08,3.65
20180502033436 ,DUSB,KS,HH,75.5,12.7,21.41,2.9,3.04
20180502033436 ,DNBA,KS,HG,73.8,12.51,21.33,2.95,3.18
20180502033436 ,BUYB,KS,HH,72.66,12.07,20.33,2.65,8.67
20180502033436 ,YCH,KS,HG,71.45,12.12,20.9,3.26,8.57
20180502033436 ,YIN,KG,EL,70.1,12.1,20.32,2.75,10.18
20180502033436 ,GIC,KS,HG,68.29,11.64,19.61,2.85,10.48
20180502033436 ,YUGA,KS,HG,62.86,10.61,17.83,2.94,4.17
20180502033436 ,DGLA,KS,HG,62.7,10.86,18.51,3.1,2.72
20180502033436 ,AGSA,KS,HG,61.7,10.6,17.91,2.97,4.62
20180502033436 ,DKSA,KS,HG,59.99,10.43,17.53,2.93,5.6
20180502033436 ,BLGA,KS,HG,56.52,9.45,16.03,2.93,5.98
20180502033436 ,KMSA,KS,HG,53.3,9.08,15.35,2.5,12.67
20180502033436 ,KMC,KG,EL,70.26,11.8,19.95,2.94,4.96
20180502033436 ,MGB,KG,HH,53.14,9.11,15.63,2.95,3.9
20180504102049 ,DAU,KS,HG,86.78,15.5,25.69,2.5,6.43
20180504102049 ,SECA,KS,HG,86.07,15.25,25.32,2.42,8.18
20180504102049 ,TAIA,KS,HG,86.01,15.28,25.38,2.48,4.62
20180504102049 ,GKP1,KG,HH,85.85,15.35,25.35,2.65,6.85
20180504102049 ,YUGA,KS,HG,84.02,15.02,24.79,2.58,5.18
20180504102049 ,NAWB,KS,HH,80.78,14.44,23.83,2.24,6.87
20180504102049 ,CHJ2,KS,HH,89.8,15.78,26.22,2.6,5.96
20180504102049 ,JNPA,KS,HG,78.81,14.03,23.16,2.35,6.23
20180504102049 ,HACA,KS,HG,84.97,15.08,25.03,2.35,4.06
20180504102049 ,CEA2,KS,EL,90.06,16,26.55,2.15,16
20180504102049 ,SACA,KS,HG,78.55,13.94,23.15,2.29,5.96
20180504102049 ,JRB,KG,HH,99.39,17.33,28.89,2.57,7.95
20180504102049 ,DKSA,KS,HG,98.29,17.23,28.66,2.65,4.31
20180504102049 ,CGYA,KS,HG,90.79,16.14,26.76,2.54,5.18
20180504102049 ,GRE,KG,EL,96.68,17.01,28.07,2.32,16.32
20180504102049 ,CHRA,KS,HG,94.77,16.25,27.67,2.52,5.98
20180504102049 ,EUSB,KS,HH,93.85,16.43,27.55,2.2,7.93
20180504102049 ,JEU2,KS,EL,97.37,17.14,28.45,2.71,7.07
20180504102049 ,MGB,KG,HH,76.33,13.58,22.37,2.37,5.65
20180504102049 ,JEO2,KS,HH,42.08,8.11,13.16,2.32,11.26
20180504102049 ,NPR,KG,HH,75.87,13.6,22.4,2.35,17.14
20180504102049 ,MALA,KS,HG,51.64,9.61,15.7,2.5,4.96
20180504102049 ,BON2,KS,EL,51.49,9.64,15.66,2.53,14.06
20180504102049 ,TJN,KG,HH,44.29,8.5,13.76,2.23,11.56
20180504102049 ,TEJ2,KS,HG,43.41,8.34,13.51,2.46,10.48
20180504102049 ,KMSA,KS,HG,22.07,4.85,7.55,2.6,4.83
20180504102049 ,DUSB,KS,HH,25.78,5.56,8.59,2.59,3.35
20180504102049 ,KMC,KG,EL,27.43,5.73,8.91,2.34,6.56
20180504102049 ,CPR2,KS,EL,29.65,6.03,9.47,2.22,11.76
20180504102049 ,OKCB,KS,HH,30.3,6.12,9.66,2.62,3.06
20180504102049 ,DGHA,KS,HG,33.14,6.69,10.62,2.44,4.81
20180504102049 ,BLGA,KS,HG,37.35,7.29,11.61,2.24,11.49
20180504102049 ,GIC,KS,HG,37.66,7.4,11.78,2.37,18.69
20180504102049 ,KCH2,KS,EL,58.3,10.8,17.57,2.31,12.07
20180504102049 ,CHO,KS,HG,58.94,11.16,18.29,2.09,9.92
20180504102049 ,DNBA,KS,HG,73.66,13.25,21.92,2.2,5.22
20180504102049 ,HCNA,KS,HG,73.65,13.29,21.95,2.35,4.72
20180504102049 ,BUYB,KS,HH,73.36,13.13,21.65,2.35,12.03
20180504102049 ,MGY2,KS,EL,70.18,12.61,20.91,2.46,5.96
20180504102049 ,ISGB,KS,HH,68.7,12.38,20.4,1.77,28.36
20180504102049 ,YGAA,KS,HG,66.74,12.17,20.06,2.5,3.74
20180504102049 ,HAMB,KS,HH,66.2,12.06,19.64,2.34,5.19
20180504102049 ,KOJ2,KS,EL,65.43,11.93,19.47,2.32,9.9
20180504102049 ,HKU,KG,HH,65.07,11.94,19.5,2.35,6.26
20180504102049 ,CIGB,KS,HH,62.54,11.46,18.68,2.3,5.18
20180504102049 ,IMSA,KS,HG,66.55,12.09,19.93,2.2,6.77
20180504102049 ,YALB,KS,HH,61.55,11.28,18.41,2.34,5.5
20180506165208 ,KMC,KG,EL,90.71,16.09,26.72,2.17,20.37
20180506165208 ,CHS,KG,HH,88.43,15.62,26.04,2.3,7.34
20180506165208 ,BURB,KS,HH,79.91,14.53,23.83,2.06,9.75
20180506165208 ,CIGB,KS,HH,76.13,13.45,22.73,2.03,12.1
20180506165208 ,HKU,KG,HH,91.64,16.56,27.3,2.24,9.1
20180506165208 ,YOCB,KS,HH,98.06,17.17,28.8,2.3,4.81
20180506165208 ,ULJ2,KS,HH,93.34,16.52,27.34,2.5,4.01
20180506165208 ,SNGB,KS,HH,94.84,16.99,27.79,2.24,4.96
20180506165208 ,GKP1,KG,HH,95.48,16.76,27.91,2.3,12.07
20180506165208 ,YODB,KS,HH,95.78,16.93,28.17,2.25,5.96
20180506165208 ,TJN,KG,HH,98.29,17.53,28.9,2.2,11.13
20180506165208 ,UJN,KS,HG,98.3,17.55,29.05,2.89,5.6
20180506165208 ,YIN,KG,EL,99.47,17.91,29.63,2.26,9.1
20180506165208 ,GIC,KS,HG,75.65,13.77,22.81,2.2,32.37
20180506165208 ,CSOA,KS,HG,74.57,13.61,22.4,2.5,4.62
20180506165208 ,WJU2,KS,EL,81.54,14.81,24.39,2.24,32.37
20180506165208 ,EMSB,KS,HH,72.96,13.51,22.12,2.53,5.45
20180506165208 ,EUSB,KS,HH,50.45,9.68,15.52,2.04,9.9
20180506165208 ,BUSA,KS,HG,40.01,7.94,12.68,2.14,6.87
20180506165208 ,CHJ2,KS,HH,40.4,8.17,12.97,2.15,21.21
20180506165208 ,YCH,KS,HG,15.02,4.17,6.24,2.6,13.89
20180506165208 ,DGLA,KS,HG,15.5,4.3,6.5,2.35,5.44
20180506165208 ,JECB,KS,HH,52.19,10.01,16.2,1.79,24.42
20180506165208 ,JNPA,KS,HG,73.32,13.53,22.23,2.65,3.33
20180506165208 ,YOJB,KS,HH,23.57,5.4,8.29,2.25,9.1
20180506165208 ,MGY2,KS,EL,30.29,6.54,10.21,2.1,12.07
20180506165208 ,DKSA,KS,HG,30.33,6.54,10.26,2.36,6.61
20180506165208 ,ADOA,KS,HG,35.25,7.21,11.49,2.35,4.54
20180506165208 ,MGB,KG,HH,19.26,4.77,7.29,2.04,7.46
20180506165208 ,YOW2,KS,EL,52.72,10.06,16.28,2.19,16.23
20180506165208 ,SAJ,KS,HG,40.76,7.92,13.01,2.1,32.37
20180506165208 ,YEYB,KS,HH,65.81,12.09,19.79,2.2,8.4
20180506165208 ,TBA2,KS,EL,66.44,12.82,20.85,2.24,16.56
20180506165208 ,CPR2,KS,EL,66.63,12.25,20.19,2.14,24.42
20180506165208 ,OKCB,KS,HH,66.94,12.41,20.41,2.2,6.5
20180506165208 ,JSB,KG,HH,72.48,13.38,21.68,2.37,6.65
20180506165208 ,ADO2,KS,EL,62.86,11.69,19.11,2.25,32.37
20180506165208 ,SND,KG,HH,62.34,11.69,18.9,2.18,10.94
20180506165208 ,CHYB,KS,HH,55.47,10.4,16.86,2.07,9.53
20180506165208 ,GUWB,KS,HH,63.81,11.76,19.2,1.9,10.1
20180506165208 ,AGSA,KS,HG,65.64,12.29,19.99,2.37,4.88
20180513170738 ,JJU2,KS,HH,92.76,16.23,27.87,2.26,6.87
20180513170738 ,JODB,KS,HH,88.43,15.34,26.3,1.91,13.46
20180513170738 ,MRD,KG,HH,85.4,14.74,25.66,1.65,32.37
20180513170738 ,HALB,KS,HH,69.49,12.53,21.41,1.95,12.07
20180513170738 ,GOS2,KS,EL,68.89,12.39,21,2.05,9.29
20180513170738 ,GGDB,KS,HH,64.51,11.39,19.27,1.71,16
20180520045831 ,HUK2,KS,EL,61.11,11.39,18.86,2.25,9.1
20180520045831 ,BGD,KG,HH,87.94,15.44,26.43,2.19,9.78
20180520045831 ,JODB,KS,HH,44.49,8.89,14.63,1.91,23.52
20180520045831 ,GGDB,KS,HH,47.26,8.9,14.58,2.25,7.36
20180520045831 ,JDO,KS,EL,74.98,13.65,22.87,2.45,13.89
20180520045831 ,BGDB,KS,HH,75.34,13.66,22.94,1.96,10.48
20180520045831 ,AJD,KG,EL,81.13,14.6,24.66,2.3,18
20180520045831 ,HGDB,KS,HH,72.05,13.03,21.44,2.05,5.28
20180521151241 ,BBK,KG,EL,88.39,15.26,25.92,2.83,3.18
20180521151241 ,CHYB,KS,HG,82.49,14.22,24.17,2.67,4.9
20180521151241 ,GUWB,KS,HH,83.89,14.61,24.77,2.79,2.77
20180521151241 ,DAG2,KS,HH,86.07,14.97,25.22,2.82,4.33
20180521151241 ,IMWB,KS,HG,97.73,16.8,28.28,2.8,3.68
20180521151241 ,DAU,KS,HG,95.6,16.58,28.02,2.83,5.16
20180521151241 ,DNBA,KS,HG,95.81,16.58,28.17,2.95,2.47
20180521151241 ,GKP1,KG,HH,96.33,16.69,28.15,2.79,5.38
20180521151241 ,TBA2,KS,HG,98.12,16.73,28.4,2.67,10.79
20180521151241 ,MSNA,KS,HG,99.8,17.11,29.1,2.65,4.43
20180521151241 ,USN2,KS,EL,81.73,14.22,23.98,2.71,6.39
20180521151241 ,MKL,KG,HH,75.13,13.17,22.21,2.5,5.35
20180521151241 ,GIGA,KS,HG,43.57,8.14,13.65,2.95,1.97
20180521151241 ,CHS,KG,HH,42.93,8.17,13.54,2.85,5.18
20180521151241 ,ULJ2,KS,HH,38.87,7.37,12.19,2.64,4.36
20180521151241 ,HMGA,KS,HG,34.8,6.78,11.35,2.65,2.64
20180521151241 ,PHA2,KS,EL,24.51,5.26,8.63,2.9,3.39
20180521151241 ,YODB,KS,HH,21.92,4.77,7.69,2.24,6.35
20180521151241 ,GGGA,KS,HG,13.41,3.67,5.73,2.6,4.5
20180521151241 ,YEYB,KS,HH,46.89,8.69,14.54,2.51,5.74
20180521151241 ,ADO2,KS,EL,49.79,9.21,15.46,2.53,21.21
20180521151241 ,CSOA,KS,HG,37.71,7.32,12.17,2.64,3.71
20180521151241 ,HAK,KG,EL,50.23,9.22,15.62,2.85,3.39
20180521151241 ,ADOA,KS,HG,74.88,13.05,22.28,2.8,3.33
20180521151241 ,EUSB,KS,HH,72.62,12.82,21.62,2.51,6.19
20180521151241 ,HDB,KG,HH,72.08,12.64,21.56,2.6,6.37
20180521151241 ,YOCB,KS,HH,65.96,11.71,19.8,2.64,4.08
20180521151241 ,DKJ,KG,EL,59,10.61,17.82,2.64,5.57
20180521151241 ,SUBA,KS,HG,52.68,9.51,15.87,2.6,4.4
20180521151241 ,UJN,KS,HG,70.07,12.42,20.87,3.1,7.05
20180530151322 ,DAU,KS,HG,78.62,14.46,23.63,2.85,7.57
20180530151322 ,DNBA,KS,HG,88.11,15.88,26.38,3.1,2.32
20180530151322 ,GKP1,KG,HH,79.41,14.62,23.8,3.04,5.96
20180530151322 ,CGD,KG,EL,84.31,15.17,25.06,2.93,4.3
20180530151322 ,UNCA,KS,HG,84.83,15.35,25.32,2.95,2.72
20180530151322 ,UJN,KS,HG,86.29,15.91,26.3,3.3,7.7
20180530151322 ,MAK,KG,EL,96.86,17.19,28.61,3,3.51
20180530151322 ,CGDA,KS,HG,89.57,16.21,26.58,3.1,2.45
20180530151322 ,CHYB,KS,HH,91.05,16.43,27.21,2.9,3.91
20180530151322 ,CIGB,KS,HH,92.63,16.52,27.61,3.25,1.75
20180530151322 ,YCH,KS,HG,97.4,17.56,29.2,3.69,4.2
20180530151322 ,MIYA,KS,HG,99.64,17.93,29.55,3.1,2.72
20180530151322 ,ADOA,KS,HG,73.1,13.63,22.39,3.1,2.81
20180530151322 ,YSB,KG,HH,88.27,16,26.38,3.04,2.52
20180530151322 ,BBK,KG,EL,71.91,13.31,22.08,2.98,3.4
20180530151322 ,EUSB,KS,HH,64.69,12.11,19.84,2.94,3.11
20180530151322 ,GUWB,KS,HG,71.64,13.24,21.71,3.01,2.7
20180530151322 ,DKJ,KG,EL,40.19,8.27,13.08,2.83,7.03
20180530151322 ,YODB,KS,HH,36.27,7.77,12.28,3.02,2.74
20180530151322 ,HAK,KG,EL,35.82,7.68,12.06,2.9,4.5
20180530151322 ,CSOA,KS,HG,33.86,7.34,11.41,3.25,2.33
20180530151322 ,GGDA,KS,HG,33.61,7.16,11.24,2.79,4.72
20180530151322 ,GIGA,KS,HG,25.4,5.88,9.05,3.29,1.86
20180530151322 ,HMGA,KS,HG,25.24,6,9.36,2.93,2.35
20180530151322 ,GGGA,KS,HG,18.85,4.99,7.49,2.97,4.62
20180530151322 ,PHA2,KS,EL,10.48,3.82,5.49,3.06,3.46
20180530151322 ,CHS,KG,HH,28.42,6.37,9.91,3.12,4.14
20180530151322 ,YOCB,KS,HH,48.15,9.49,15.17,3.07,2.61
20180530151322 ,DAG2,KS,HH,67.13,12.56,20.39,3.04,4.4
20180530151322 ,JEJB,KS,HH,65.59,12.29,20.26,2.76,3.69
20180530151322 ,SUBA,KS,HG,64.81,12.22,20,2.6,6.26
20180530151322 ,GSNA,KS,HG,61.97,11.72,18.91,2.95,3.87
20180530151322 ,HDB,KG,HH,55.24,10.59,17.64,2.68,8.37
20180530151322 ,ULJ2,KS,HH,54.47,10.64,17.36,2.8,4.41
20180530151322 ,YEYB,KS,HH,52.98,10.43,16.88,3.04,2.75
20180530151322 ,MKL,KG,HH,56.69,10.88,17.74,2.68,5.18
20180531073815 ,CHC2,KS,HH,84.93,14.94,25.24,3.35,2.2
20180531073815 ,IJAA,KS,HG,86.44,15.27,25.45,3.24,3.33
20180531073815 ,YAYA,KS,HG,91.88,16.09,27.21,3.28,2.55
20180531073815 ,HOCA,KS,HG,96.09,16.86,28.05,3.26,2.41
20180531073815 ,NCNA,KS,HG,87.29,15.33,25.54,3.04,4.47
20180531073815 ,SKC2,KS,EL,78.85,13.88,23.36,2.96,9.45
20180531073815 ,GAPB,KS,HH,78.48,13.82,23.05,3.42,1.21
20180531073815 ,KSA,KG,HH,59.98,10.54,17.42,3.3,4.5
20180531073815 ,SEHB,KS,HH,58.68,10.46,17.4,3.06,5.93
20180531073815 ,CHNB,KG,HH,57.89,10.13,16.92,3.38,2.14
20180531073815 ,HWCA,KS,HG,53.22,9.64,16.1,3.14,2.95
20180531073815 ,CWO2,KS,EL,52.46,9.44,15.68,3.35,2.47
20180531073815 ,GMHB,KS,HH,39.73,7.11,11.85,3.38,1.37
20180531073815 ,YKB,KG,HH,44.48,8.14,13.36,2.85,5.18
20180531073815 ,KOSB,KS,HH,60.61,10.64,17.56,3.43,1.36
20180531073815 ,GEJB,KS,HH,63.66,11.19,18.66,2.93,5.13
20180531073815 ,IJA2,KS,EL,71.86,12.8,21.27,3.03,9
20180531073815 ,IJBA,KS,HG,72.59,12.85,21.52,3,5.18
20180531073815 ,HWCB,KS,HH,35.69,6.68,11.16,3.26,5.52
20180609083846 ,YODB,KS,HH,79.67,14.46,24.4,2.62,4.25
20180609083846 ,CSOA,KS,HG,82.27,14.77,24.57,2.8,3.25
20180609083846 ,CGD,KG,EL,85.92,15.45,25.55,2.49,10.04
20180609083846 ,BUS2,KS,HH,89.37,16.07,26.48,2.51,11.49
20180609083846 ,ADO2,KS,EL,93.07,16.42,27.62,2.68,13.89
20180609083846 ,ULJ2,KS,HH,97.25,17.13,28.83,2.92,2.81
20180609083846 ,CGDA,KS,HG,99.05,17.55,29.43,2.89,2.52
20180609083846 ,DAG2,KS,HH,76.77,14,23.18,2.8,5.28
20180609083846 ,MLGA,KS,HG,91.41,16.4,27.11,2.8,3.99
20180609083846 ,MSNA,KS,HG,77.51,14.24,23.4,2.59,5.96
20180609083846 ,MAK,KG,EL,75.53,13.98,22.88,2.8,6.16
20180609083846 ,HAK,KG,EL,23.65,6.07,9.39,2.77,8.9
20180609083846 ,HMGA,KS,HG,28.99,6.66,10.43,2.5,4.49
20180609083846 ,HDB,KG,HH,34.96,7.58,12.14,2.63,5.44
20180609083846 ,JEJB,KS,HH,38.04,8.08,12.86,2.65,4.51
20180609083846 ,BBK,KG,EL,42.97,8.82,14.19,2.85,3.51
20180609083846 ,GGDA,KS,HG,45.08,9.05,14.57,2.52,6.5
20180609083846 ,MKL,KG,HH,47.72,9.57,15.34,2.44,9.1
20180609083846 ,PHA2,KS,EL,49.31,9.81,15.91,2.79,7.7
20180609083846 ,DKJ,KG,EL,57.58,11.07,17.94,2.71,5.96
20180609083846 ,GIGA,KS,HG,53.64,10.36,16.8,2.8,3.99
20180609083846 ,YOCB,KS,HH,71.99,13.32,21.79,2.79,3.42
20180609083846 ,CHS,KG,HH,68.11,12.65,20.67,2.64,11.07
20180609083846 ,YSB,KG,HH,74.5,13.73,22.5,2.69,4.21
20180609083846 ,UNCA,KS,HG,63.61,12.04,19.57,2.75,3.8
20180609083846 ,GGGA,KS,HG,63.52,11.81,19.5,2.49,6.08
20180609083846 ,USN2,KS,EL,58.78,11.27,18.38,2.59,7.86
20180615021002 ,YOW2,KS,EL,88.42,15.73,26.21,2.47,8.69
20180615021002 ,DUSB,KS,HH,85.37,15.35,25.37,2.41,5.96
20180615021002 ,GSNA,KS,HG,85,15.15,25.09,2.65,6.19
20180615021002 ,PHA2,KS,EL,82.7,14.9,24.85,2.35,10.21
20180615021002 ,GGGA,KS,HG,81.49,14.65,24.36,2.35,5.53
20180615021002 ,SUBA,KS,HG,79.24,14.3,23.61,2.52,5.02
20180615021002 ,YODB,KS,HH,84.53,15.07,25.26,2.05,12.03
20180615021002 ,DAG2,KS,HH,78.74,14.18,23.47,2.46,11.07
20180615021002 ,SND,KG,HH,89.8,16.11,26.68,2.6,5.83
20180615021002 ,TBA2,KS,EL,89.85,16.4,27.24,2.63,9.9
20180615021002 ,JECB,KS,HH,89.93,16.11,26.57,2.35,5.91
20180615021002 ,JNPA,KS,HG,94.98,16.97,28.2,2.67,3.9
20180615021002 ,USN2,KS,EL,95.79,16.91,28.22,2.4,21.21
20180615021002 ,GWL,KS,HG,95.95,17.02,28.52,2.52,5.65
20180615021002 ,HCNA,KS,HG,96.48,17.07,28.63,2.5,4.64
20180615021002 ,MSNA,KS,HG,98.79,17.33,28.95,2.64,9.08
20180615021002 ,ULJ2,KS,HH,89.78,15.9,26.58,2.58,5.76
20180615021002 ,CGD,KG,EL,93.47,16.45,27.38,2.37,20.79
20180615021002 ,DKJ,KG,EL,74.97,13.64,22.61,2.67,8.47
20180615021002 ,CSOA,KS,HG,54.35,10.3,16.86,2.35,7.29
20180615021002 ,CPR2,KS,EL,51.16,9.78,15.92,2.3,16
20180615021002 ,GIC,KS,HG,49.99,9.61,15.62,2.44,15.91
20180615021002 ,EUSB,KS,HH,20.79,5,7.54,2.31,12.07
20180615021002 ,DGLA,KS,HG,49.62,9.68,15.6,2.8,3.06
20180615021002 ,DNBA,KS,HG,11.43,3.7,5.33,2.15,5.66
20180615021002 ,MGB,KG,HH,38.46,7.75,12.34,2.34,8.92
20180615021002 ,SAJ,KS,HG,31.52,6.6,10.48,2.33,11.79
20180615021002 ,ADOA,KS,HG,29.47,6.32,9.86,2.7,4.5
20180615021002 ,YCH,KS,HG,28.98,6.28,9.98,2.65,12.67
20180615021002 ,GUWB,KS,HH,26.86,5.9,9.16,2.44,7.77
20180615021002 ,ADO2,KS,EL,42.43,8.43,13.45,2.29,32.37
20180615021002 ,DAU,KS,HG,58.03,10.88,17.82,2.35,10.88
20180615021002 ,GKP1,KG,HH,57.77,10.77,17.62,2.3,24.42
20180615021002 ,YOCB,KS,HH,62.61,11.57,19.12,2.56,6.87
20180615021002 ,OKCB,KS,HH,63.43,11.76,19.36,2.37,4.38
20180615021002 ,BON2,KS,EL,65.22,12.2,19.94,2.27,28.12
20180615021002 ,BUSA,KS,HG,67.89,12.43,20.42,2.65,4.46
20180615021002 ,CHJ2,KS,HH,71.39,13.15,21.46,2.42,12.07
20180615021002 ,CHYB,KS,HH,72.94,13.28,21.7,2.46,8.4
20180615021002 ,KMC,KG,EL,67.35,12.41,20.34,2.49,9.13
20180615021002 ,YEYB,KS,HH,60.42,11.25,18.44,2.59,5.18
20180615021002 ,GIGA,KS,HG,73.74,13.27,22.21,2.35,7.75
20180615021002 ,CHS,KG,HH,59.37,11.03,18.13,2.47,10.07
20180615021002 ,YGAA,KS,HG,61.43,11.41,18.85,2.5,4.26
20180628094300 ,SEO2,KS,HH,85.35,14.89,24.76,3.1,4.15
20180628094300 ,IJBA,KS,HG,86.5,15.14,25.06,2.8,5.74
20180628094300 ,GMPB,KS,HH,84.15,14.59,24.4,3.1,3.9
20180628094300 ,SNU,KG,HH,88.25,15.4,25.77,3.25,3.01
20180628094300 ,GEJB,KS,HH,95.7,16.66,27.47,2.95,4.1
20180628094300 ,GAHB,KS,HH,94.96,16.26,27.41,3.43,3.74
20180628094300 ,CGIA,KS,HG,98.05,16.98,28.39,3.14,4.21
20180628094300 ,ICN2,KS,EL,99.43,17.18,29.13,3.06,7.51
20180628094300 ,IJAA,KS,HG,90.75,15.84,26.34,3.08,3.71
20180628094300 ,SEHB,KS,HH,81.12,14.2,23.68,2.78,8.97
20180628094300 ,IJA2,KS,HG,71.68,12.67,21.1,2.88,7.55
20180628094300 ,NCNA,KS,HG,77.85,13.64,22.65,3.08,5.11
20180628094300 ,GMHB,KS,HH,14.51,2.9,4.44,2.79,5.95
20180628094300 ,CWO2,KS,EL,21.57,4.23,6.66,3.04,12.07
20180628094300 ,CHNB,KG,HH,23.95,4.52,7.36,2.85,12.07
20180628094300 ,HWCB,KS,HH,30.99,5.86,9.53,2.85,32.37
20180628094300 ,SGMA,KS,HG,40.59,7.36,12.24,2.86,4.09
20180628094300 ,DDCA,KS,HG,40.64,7.3,12.01,2.99,3.91
20180628094300 ,YNCB,KS,HH,40.76,7.15,11.7,3.15,3.66
20180628094300 ,HWCA,KS,HG,41.42,7.59,12.35,3.03,4.37
20180628094300 ,YKB,KG,HH,58.04,10.35,16.93,2.73,5.18
20180628094300 ,MUS2,KS,EL,60.92,10.59,18.08,2.9,19.68
20180628094300 ,CHC2,KS,HH,61.91,11.03,18.13,2.97,5.71
20180628094300 ,JURA,KS,HG,67.33,11.85,19.79,2.92,5.09
20180628094300 ,HOCA,KS,HG,73.42,12.97,21.31,3.15,3.91
20180628094300 ,SOD,KS,HG,75.82,13.4,22.22,3.1,8.42
20180628094300 ,CGUB,KS,HH,77.09,13.48,22.26,3,3.61
20180628094300 ,GAPB,KS,HG,40.93,7.49,12.23,3.06,3.58
20180628120326 ,GBI,KS,EL,50,9.84,16.05,2.31,9.1
20180628120326 ,YPDB,KS,HH,80.43,13.9,22.8,2.39,5.18
20180628120326 ,TANB,KS,HH,87.03,15.63,25.88,2.35,4.56
20180701063322 ,NAMB,KS,HH,98.22,17.08,28.64,2.75,3.15
20180701063322 ,KAWA,KS,HG,59.28,10.74,17.9,2.65,3.52
20180701063322 ,SNGB,KS,HH,47.99,8.9,14.59,2.43,5.18
20180701063322 ,PYCA,KS,HG,98.14,17.17,28.69,2.62,4.42
20180701063322 ,OKEB,KS,HH,45.24,8.47,14,2.17,11.53
20180701063322 ,TOHA,KS,HG,35.73,7.03,11.45,2.65,2.97
20180701063322 ,JMJ,KS,EL,70.35,12.59,21.06,2.61,4.5
20180701063322 ,IMWB,KS,HH,46.29,8.62,14.27,2.37,15.68
20180701063322 ,SUBA,KS,HG,97.33,16.85,28.4,2.5,4.1
20180701063322 ,CHYB,KS,HH,91.71,16,26.81,2.62,3.15
20180701063322 ,DGY2,KS,HH,72.11,12.98,21.59,2.61,5.18
20180701063322 ,GWL,KS,HG,75.37,13.52,22.27,2.61,3.69
20180701063322 ,JES,KS,HG,75.99,13.46,22.6,2.73,5.63
20180701063322 ,TBA2,KS,HG,76.34,13.19,22.2,2.52,7.19
20180701063322 ,JSB,KG,HH,78.98,13.82,23.25,2.57,5.45
20180701063322 ,YAYB,KS,HH,80.05,14.07,23.96,2.65,2.29
20180701063322 ,SND,KG,HH,80.77,14.26,23.81,2.6,4.5
20180703193940 ,YOJB,KS,HH,87.34,15.23,25.43,2.6,24.42
20180703193940 ,JES,KS,HG,87.31,15,25.52,2.75,7.91
20180703193940 ,MGB,KG,HH,86.96,14.97,24.99,2.37,9.92
20180703193940 ,HAWB,KS,HH,86.22,15.1,25.16,2.39,7.4
20180703193940 ,HWCA,KS,HG,85.75,14.98,25.06,2.8,6.37
20180703193940 ,IJA2,KS,EL,84.98,14.87,25.03,2.49,22.02
20180703193940 ,BON2,KS,EL,84.48,14.8,24.59,2.64,21.03
20180703193940 ,HKU,KG,HH,82.93,14.46,24.14,2.57,6.95
20180703193940 ,IJAA,KS,HG,91.1,15.78,26.53,2.58,6.83
20180703193940 ,CWO2,KS,EL,88.94,15.59,26.03,2.6,13.35
20180703193940 ,SND,KG,HH,99.3,17.08,28.7,2.66,8.25
20180703193940 ,YCH,KS,HG,99.07,17.11,28.73,2.8,14.76
20180703193940 ,GMPB,KS,HH,98.76,17.26,28.78,2.95,2.15
20180703193940 ,JSB,KG,HH,88.14,15,25.47,2.59,5.96
20180703193940 ,BUSA,KS,HG,93.05,16.07,26.87,2.79,4.81
20180703193940 ,PCH,KG,EL,89.39,15.88,26.23,2.44,10.48
20180703193940 ,SHHB,KS,HH,89.02,15.6,26.06,2.3,3.65
20180703193940 ,DGY2,KS,HH,96.95,16.73,28.15,2.39,14.97
20180703193940 ,NAMB,KS,HH,80.7,14.09,23.41,2.4,13.89
20180703193940 ,YAPA,KS,HG,29.52,5.77,9.36,2.52,6.21
20180703193940 ,JECB,KS,HH,47.63,8.62,14.13,2.54,12.07
20180703193940 ,HOCA,KS,HG,46.56,8.61,14.15,2.78,5.11
20180703193940 ,YINB,KS,HH,43.28,8.14,13.31,2.43,5.86
20180703193940 ,EMSB,KS,HH,38.17,7.09,11.52,2.38,12.14
20180703193940 ,HES,KS,HG,35.11,6.6,10.79,2.35,13.54
20180703193940 ,WJU2,KS,EL,34.75,6.55,10.64,2.48,20.37
20180703193940 ,YIN,KG,EL,32.69,6.23,10.22,2.48,9.67
20180703193940 ,CGUB,KS,HH,30.39,5.93,9.59,2.47,6.93
20180703193940 ,ICN2,KS,HG,27.06,5.36,8.58,2.25,32.37
20180703193940 ,AGSA,KS,HG,26.95,5.17,8.26,2.47,5.73
20180703193940 ,BURB,KS,HH,13.27,2.93,4.52,2.52,8.72
20180703193940 ,CGIA,KS,HG,51.83,9.34,15.36,2.5,7.53
20180703193940 ,JNPA,KS,HG,58.17,10.44,17.16,2.7,5.96
20180703193940 ,CHC2,KS,HH,54.88,9.99,16.32,2.55,10.79
20180703193940 ,DGLA,KS,HG,76.63,13.37,22.22,2.71,3.91
20180703193940 ,SEO2,KS,HH,73.27,13.06,21.7,2.6,6.87
20180703193940 ,SOD,KS,HG,72.28,13.06,21.76,2.74,9.95
20180703193940 ,SGMA,KS,HG,69.71,12.48,20.7,2.39,6.58
20180703193940 ,YOW2,KS,EL,69.17,11.99,20.31,2.66,13.08
20180703193940 ,SNU,KG,HH,68.67,12.39,20.46,2.76,4.47
20180703193940 ,NCNA,KS,HG,68.02,12,19.99,2.45,10.48
20180703193940 ,CEA2,KS,HG,66.72,11.82,19.49,2.54,10.73
20180703193940 ,JURA,KS,HG,65.29,11.76,19.42,2.35,7.13
20180703193940 ,SWO2,KS,EL,64.46,11.56,19.15,2.39,28.12
20180703193940 ,PTK,KS,HG,63.92,11.42,19.04,2.29,16
20180703193940 ,GAPB,KS,HH,63.83,11.41,18.83,2.53,4.43
20180703193940 ,PYCA,KS,HG,67.41,11.89,19.82,2.46,7.91
20180703193940 ,DKSA,KS,HG,59.96,10.55,17.36,2.46,8.59
20180717111912 ,KOJ2,KS,EL,86.91,14.9,24.79,2.79,5.19
20180717111912 ,NPR,KG,HH,86.7,14.85,24.89,2.99,6.54
20180717111912 ,MGY2,KS,HG,86.14,14.79,25.3,3.31,2.56
20180717111912 ,TAIA,KS,HG,85.04,14.57,24.35,3.1,3.13
20180717111912 ,JRB,KG,HH,79.77,13.64,22.8,2.95,11.69
20180717111912 ,GRE,KG,EL,80.11,13.75,22.82,3.15,4.9
20180717111912 ,EURB,KS,HH,79.02,13.59,22.9,2.74,5.79
20180717111912 ,DNBA,KS,HG,77.72,13.37,22.62,3.33,1.37
20180717111912 ,CGDA,KS,HG,83.09,14.33,24.36,3.1,3.18
20180717111912 ,HKU,KG,HH,88.14,15.21,25.33,3,3.39
20180717111912 ,MIYA,KS,HG,96.99,16.48,28.11,3.25,2.49
20180717111912 ,GSU,KG,HH,88.66,14.97,25.44,3.1,2.52
20180717111912 ,MGB,KG,HH,89.37,15.21,25.5,3.03,3.88
20180717111912 ,BUYB,KS,HH,90.19,15.36,25.73,2.89,5.18
20180717111912 ,BAU,KS,EL,92.18,15.8,26.35,3.05,12.07
20180717111912 ,JEU2,KS,EL,92.66,15.87,26.68,2.97,8.67
20180717111912 ,EUSB,KS,HH,93.84,16.02,27.15,3.13,2.31
20180717111912 ,YCH,KS,HG,97.67,16.64,28.15,3.66,4.89
20180717111912 ,SECA,KS,HG,99.3,16.84,28.33,3.1,4.28
20180717111912 ,DAG2,KS,HH,99.96,17.1,29.1,3.13,5.96
20180717111912 ,GUWB,KS,HH,77.34,13.43,22.58,3.25,1.75
20180717111912 ,CHRA,KS,HG,74.09,12.89,21.72,3.14,3.33
20180717111912 ,JEO2,KS,HH,47.84,8.4,13.78,3.07,5.44
20180717111912 ,MALA,KS,HG,46.71,8.17,13.5,3.13,2.87
20180717111912 ,HAMB,KS,HH,45.72,8.06,13.21,3.08,3.33
20180717111912 ,YALB,KS,HH,41.34,7.4,12.33,3.03,3.19
20180717111912 ,JASA,KS,HG,39.67,7.04,11.56,3.2,2.7
20180717111912 ,ISGB,KS,HH,76.15,13.04,21.8,3,4.33
20180717111912 ,DUSB,KS,HH,10.68,1.51,2.21,3.35,3.17
20180717111912 ,KMC,KG,EL,17.75,3.2,5.17,3.1,5.11
20180717111912 ,DGHA,KS,HG,25.19,4.42,7.19,3.11,3.23
20180717111912 ,GIC,KS,HG,33.91,6.1,10.09,2.88,10.42
20180717111912 ,KCH2,KS,EL,35.71,6.49,10.68,3.1,6.05
20180717111912 ,KMSA,KS,HG,38.07,6.71,11.03,3.12,5.38
20180717111912 ,CPR2,KS,EL,38.78,6.87,11.18,3.19,4.5
20180717111912 ,OKCB,KS,HH,49.44,8.64,14.27,3.1,2.66
20180717111912 ,HCNA,KS,HG,51.23,9.18,15.37,3.11,2.76
20180717111912 ,BLGA,KS,HG,53.23,9.23,15.32,2.91,4.5
20180717111912 ,DAU,KS,HG,73.75,12.87,21.77,3.07,5.32
20180717111912 ,GKP1,KG,HH,72.81,12.69,21.4,3.12,4.71
20180717111912 ,BON2,KS,EL,71.53,12.43,20.57,2.99,10.79
20180717111912 ,IKSA,KS,HG,70.18,12.12,20.13,3.14,2.96
20180717111912 ,NAWB,KS,HH,66.65,11.56,19.07,3.27,2.19
20180717111912 ,TJN,KG,HH,66.36,11.55,19.27,2.94,4.49
20180717111912 ,YGAA,KS,HG,51.55,9.23,15.33,3.16,1.81
20180717111912 ,TEJ2,KS,HG,65.48,11.39,19.05,2.93,6.67
20180717111912 ,SAJA,KS,HG,64.26,11.09,18.65,3.09,2.54
20180717111912 ,HACA,KS,HG,61.89,10.81,18.26,3.18,2.22
20180717111912 ,CHO,KS,HG,60.81,11.09,18.38,2.89,4.5
20180717111912 ,IMSA,KS,HG,58.65,10.21,17.02,3,2.29
20180717111912 ,SACA,KS,HG,56.38,9.76,16.39,3.01,3.91
20180717111912 ,CIGB,KS,HH,54.43,9.56,15.93,3.2,2.22
20180718205211 ,MSNA,KS,HG,81.75,14.73,24.62,3.1,3.7
20180718205211 ,DAG2,KS,HH,82.52,14.74,24.98,2.82,7.07
20180718205211 ,YODB,KS,HH,86.16,15.03,25.51,2.92,2.42
20180718205211 ,BUS2,KS,HH,90.27,15.96,26.74,2.85,9.81
20180718205211 ,CGD,KG,EL,90.54,16.01,26.95,2.9,7.91
20180718205211 ,MLGA,KS,HG,93.34,16.46,27.63,2.8,5.61
20180718205211 ,CSOA,KS,HG,89.84,15.74,26.67,2.94,3.25
20180718205211 ,YSB,KG,HH,77.21,13.98,23.34,2.95,3.08
20180718205211 ,YOCB,KS,HH,78.99,14.27,23.93,3.05,2.39
20180718205211 ,HAK,KG,EL,30.56,7.15,11.7,2.89,8.54
20180718205211 ,HMGA,KS,HG,35.9,7.73,12.58,2.98,2.55
20180718205211 ,HDB,KG,HH,39.01,8.21,13.59,2.64,12.67
20180718205211 ,JEJB,KS,HH,40.13,8.35,13.74,2.84,4.55
20180718205211 ,GGDA,KS,HG,52.11,10.08,16.78,2.6,7.91
20180718205211 ,MKL,KG,HH,52.5,10.21,16.94,2.34,13.12
20180718205211 ,PHA2,KS,EL,56.73,10.79,18.04,3,6.07
20180718205211 ,BBK,KG,EL,44.25,8.94,14.73,2.88,5.15
20180718205211 ,GIGA,KS,HG,61.14,11.42,19.08,2.58,3.71
20180718205211 ,CHS,KG,HH,75.75,13.68,22.97,3.07,3.8
20180718205211 ,GGGA,KS,HG,70.47,12.62,21.23,2.95,3.01
20180718205211 ,MAK,KG,EL,76.84,13.97,23.3,3.03,6.87
20180718205211 ,DKJ,KG,EL,64.51,12.06,20.12,2.93,5.6
20180718205211 ,USN2,KS,EL,63.61,11.93,19.85,2.75,12.07
20180718205211 ,UNCA,KS,HG,65.39,12.2,20.22,3,4
20180720031433 ,TAIA,KS,HG,80.95,13.97,23.59,2.78,5.32
20180720031433 ,IKSA,KS,HG,82.08,14.1,23.9,2.97,6.69
20180720031433 ,GOCB,KS,HH,84.09,14.5,24.54,2.76,3.96
20180720031433 ,GBI,KS,EL,87.59,15.23,25.61,2.74,13.74
20180720031433 ,JEU2,KS,EL,90.73,15.55,26.13,2.83,11.56
20180720031433 ,SES2,KS,HH,90.94,15.61,26.11,2.8,14.26
20180720031433 ,CHO,KS,HG,92.75,15.27,25.65,3.08,4.2
20180720031433 ,AMD,KS,HH,75.52,13.04,22.05,2.74,32.37
20180720031433 ,BUYB,KS,HH,75.07,13.01,21.81,2.64,8.45
20180720031433 ,YUGA,KS,HG,92.58,15.8,26.86,2.75,6.71
20180720031433 ,HSB,KG,HH,74.62,12.94,21.93,2.71,10.54
20180720031433 ,WID,KG,EL,46.41,8.7,14.36,2.87,7.15
20180720031433 ,PORA,KS,HG,51.08,9.4,15.62,2.86,6.91
20180720031433 ,NACA,KS,HG,40.68,7.7,12.8,2.83,7.36
20180720031433 ,CJDB,KS,HG,39.14,7.52,12.44,2.78,5.44
20180720031433 ,OYDB,KS,HH,27.39,5.88,9.66,2.52,12.03
20180720031433 ,ECDB,KS,HH,22.55,5.2,8.51,2.31,11.59
20180720031433 ,MND,KS,HH,34.49,6.9,11.39,2.85,4.63
20180720031433 ,SMKB,KS,HH,51.46,9.35,15.59,1.24,10.3
20180720031433 ,ISGB,KS,HG,74.58,12.96,21.73,3,4.52
20180720031433 ,TANB,KS,HH,74.29,12.9,21.69,2.71,6.87
20180720031433 ,CGYA,KS,HG,72.78,12.71,21.37,2.98,3.94
20180720031433 ,ANMA,KS,HG,61.43,10.95,18.32,2.84,6.1
20180720031433 ,PUAA,KS,HG,59.97,10.57,17.81,2.84,4.63
20180720031433 ,SECA,KS,HG,56.18,10.02,16.79,2.63,9.73
20180720031433 ,NPR,KG,HH,64.72,11.2,19.06,2.64,13.38
20180720032933 ,DAG2,KS,HH,81.72,14.57,24.8,2.5,5.81
20180720032933 ,CSOA,KS,HG,88.42,15.73,26.51,2.5,3.81
20180720032933 ,CGD,KG,EL,89.99,15.84,26.78,2.54,8.14
20180720032933 ,BUS2,KS,HH,90.44,15.81,26.56,2.55,7.4
20180720032933 ,ADO2,KS,EL,99.32,17.39,29.47,2.57,9.1
20180720032933 ,MSNA,KS,HG,81.27,14.56,24.51,2.8,3.17
20180720032933 ,PHA2,KS,EL,55.33,10.65,17.88,2.8,4.54
20180720032933 ,USN2,KS,EL,63,11.75,19.69,2.39,9.1
20180720032933 ,BBK,KG,EL,44.3,8.77,14.55,2.68,4.16
20180720032933 ,JEJB,KS,HH,40.01,8.18,13.56,2.5,4.15
20180720032933 ,HDB,KG,HH,38.5,8.04,13.41,2.34,10.76
20180720032933 ,HMGA,KS,HG,34.53,7.56,12.42,2.65,2.49
20180720032933 ,DKJ,KG,EL,63.41,11.91,19.95,2.59,5.03
20180720032933 ,YSB,KG,HH,77.04,13.76,23.15,2.67,2.74
20180720032933 ,MAK,KG,EL,76.93,13.81,23.12,2.7,5.96
20180720032933 ,CHS,KG,HH,74.41,13.53,22.81,2.72,4.02
20180720032933 ,YOCB,KS,HH,77.88,14.1,23.77,1.9,12.82
20180720032933 ,UNCA,KS,HG,65.38,12.02,20.04,2.65,4.01
20180721143047 ,HAWA,KS,HG,88.04,15.21,25.41,2.51,6.46
20180721143047 ,MOPB,KS,HH,89.05,15.41,25.84,2.4,5.3
20180721143047 ,GRE,KG,EL,89.86,15.69,26.14,2.52,7.32
20180721143047 ,JDO,KS,EL,85.68,14.84,24.78,2.59,13.74
20180721143047 ,JRB,KG,HH,90.16,15.57,26.35,2.49,16.14
20180721143047 ,HMPA,KS,HG,94.84,16.38,27.36,2.39,6.87
20180721143047 ,YKDB,KS,HH,95.97,16.56,27.63,2.25,12.93
20180721143047 ,MUN,KG,EL,90.08,15.7,26.21,2.48,7.34
20180721143047 ,GWJ,KS,HG,85.19,14.93,25.02,2.52,10.57
20180721143047 ,KWJU,KS,HH,80.74,14.17,23.59,2.17,12.53
20180721143047 ,KOHB,KS,HH,19.41,3.8,5.96,2.64,5.63
20180721143047 ,NLDA,KS,HG,23.37,4.6,7.39,2.55,5.18
20180721143047 ,BOSB,KS,HH,34.27,6.36,10.33,2.39,5.81
20180721143047 ,JAHA,KS,HG,40.1,7.28,11.92,2.6,3.39
20180721143047 ,CSDB,KS,HG,46.85,8.37,13.72,2.5,5.16
20180721143047 ,GMDB,KS,HH,48.77,8.75,14.28,2.36,7.66
20180721143047 ,BLLA,KS,HG,48.99,9,14.79,2.61,4.75
20180721143047 ,GMNA,KS,HG,82.62,14.44,24.22,2.36,9.7
20180721143047 ,YNDB,KS,HH,51.79,9.3,15.37,2.39,7.36
20180721143047 ,BAU,KS,EL,77.68,13.66,22.81,2.34,29.36
20180721143047 ,WAN2,KS,EL,52.01,9.24,15.36,2.4,32.37
20180721143047 ,HANB,KS,HH,64.02,11.34,18.74,2.53,4.58
20180721143047 ,HWSB,KG,HH,65.51,11.73,19.49,2.35,6.5
20180721143047 ,NAJA,KS,HG,73.54,12.96,21.61,2.35,6.05
20180721143047 ,SCHA,KS,HG,62.77,11.14,18.54,2.61,6.87
20180721143047 ,KWJ2,KS,HH,80.74,14.16,23.57,2.55,6.87
20180722045911 ,JJU2,KS,HH,60.06,11.35,19,2.5,9.45
20180722045911 ,SGP2,KS,HH,58.15,11.02,18.02,2.65,5.58
20180722045911 ,GOS2,KS,EL,31.75,6.6,10.94,2.41,6
20180808152124 ,TANB,KS,HH,84.96,15.27,25.7,2.5,3.18
20180808152124 ,YPDB,KS,HH,74.41,13.7,22.58,2.59,3.39
20180808152124 ,GBI,KS,EL,51.49,9.6,15.74,2.57,3.91
20180808152308 ,YPDB,KS,HH,75.75,13.55,22.46,2.6,4.5
20180808152308 ,GBI,KS,EL,52.75,9.47,15.63,2.46,9.1
20180808152308 ,TANB,KS,HH,87.32,15.18,25.53,2.6,3.32
20180823175716 ,YJD2,KS,HG,83.48,14.53,25.29,3.38,3.5
20180823175716 ,DEI,KS,EL,83.32,14.35,23.94,3.36,4.64
20180823175716 ,GAHB,KS,HH,72.19,12.62,21.21,3.4,4.08
20180823175716 ,GODA,KS,HG,56.63,10.2,16.96,2.95,4.54
20180823175716 ,YPDB,KS,HH,36.14,6.53,10.63,3.13,2.96
20180823175716 ,INCA,KS,HG,97.16,16.61,28.41,2.92,5.15
20180823175716 ,MUS2,KS,HG,96.08,16.73,28.39,3.23,6.26
20180823175716 ,GMPB,KS,HH,93.5,16.09,27.1,3.25,2.27
20180823175716 ,DACB,KS,HH,86.76,14.46,25.15,2.9,2.56
20180823175716 ,YPD,KG,EL,30.42,5.67,9.24,3.18,7.91
20180824122824 ,YKDB,KS,HH,85.43,15.23,25.1,2.35,13.62
20180824122824 ,HWSB,KG,HH,86.75,15.8,26.23,2.85,6.87
20180824122824 ,BAU,KS,EL,87.81,15.75,26.48,2.53,24.42
20180824122824 ,UDO,KS,HH,99.87,17.34,29.56,2.57,7.91
20180824122824 ,NAJA,KS,HG,94.97,17.01,28.28,3.12,4.46
20180824122824 ,HAIA,KS,HG,98.82,17.24,29.06,2.8,5.08
20180824122824 ,GMNA,KS,HG,85.11,15.17,25.39,2.55,8.57
20180824122824 ,NLDA,KS,HG,24.97,6.24,9.61,3.01,3.45
20180824122824 ,GMDB,KS,HH,35.72,7.55,11.96,2.76,6.87
20180824122824 ,HANB,KS,HH,82.67,14.95,24.88,2.67,7.27
20180824122824 ,KOHB,KS,HH,36.04,7.79,12.37,2.62,9.34
20180824122824 ,YNDB,KS,HH,38.17,8.02,12.65,2.55,6.87
20180824122824 ,CSDB,KS,HH,52.05,10.15,16.31,2.67,6.16
20180824122824 ,BLLA,KS,HG,60.28,11.46,19,2.6,7.91
20180824122824 ,JAHA,KS,HG,61.61,11.66,19.18,2.71,4.5
20180824122824 ,WAN2,KS,EL,67.21,12.5,20.7,2.89,24.42
20180824122824 ,NAHA,KS,HG,71.91,13.28,21.84,2.95,5.25
20180824122824 ,SCHA,KS,HG,77.33,14.06,23.57,2.68,6.14
20180824122824 ,YOA,KS,EL,79.71,14.57,24.16,2.67,24.42
20180824122824 ,BGD,KG,HH,82.35,14.6,24.45,2.44,28.12
20180824122824 ,BOSB,KS,HH,52.72,10.27,16.7,2.39,17.24
20180828200129 ,OKEB,KS,HH,75.86,13.43,22.78,2.71,14.14
20180828200129 ,YOW2,KS,EL,79.95,14.29,23.89,2.98,7.44
20180828200129 ,PHA2,KS,EL,90.24,15.58,26.45,2.92,4.46
20180828200129 ,DGY2,KS,HH,96.15,16.71,28.37,2.78,9.13
20180828200129 ,CHS,KG,HH,93.74,16.09,27.33,2.8,5.91
20180828200129 ,DGLA,KS,HG,96.91,17.18,29.16,2.95,4.23
20180828200129 ,KAWA,KS,HG,98.82,17.09,29.2,3.1,4.13
20180828200129 ,EUSB,KS,HH,91.6,15.88,26.8,2.9,3.77
20180828200129 ,JESA,KS,HG,73.99,13.52,22.7,2.93,6.41
20180828200129 ,JSB,KG,HH,66.89,12.09,20.1,2.83,7.44
20180828200129 ,YOJB,KS,HH,73.65,13.37,22.22,2.59,18.42
20180828200129 ,UJN,KS,HG,13.01,2.74,4.22,3.19,12.07
20180828200129 ,ADO2,KS,EL,73.87,12.95,21.91,2.82,11.69
20180828200129 ,SUBA,KS,HG,27.56,5.49,8.84,2.77,4.35
20180828200129 ,IMWB,KS,HH,28.3,5.55,8.97,2.77,16.32
20180828200129 ,ULJ2,KS,HH,35.44,6.48,10.74,2.68,6.1
20180828200129 ,TBA2,KS,HG,39.6,7.25,11.85,2.95,8.97
20180828200129 ,SNGB,KS,HH,44.83,8.31,13.74,2.75,4.5
20180828200129 ,CHYB,KS,HH,37.98,7.45,12.15,2.6,5.96
20180828200129 ,YEYB,KS,HH,47.53,8.83,14.57,2.89,3.39
20180828200129 ,CSOA,KS,HG,71.8,12.68,21.3,2.76,4.64
20180828200129 ,GGGA,KS,HG,71.6,12.41,20.96,2.64,5.08
20180828200129 ,ADOA,KS,HG,73.5,13.08,21.9,2.9,3.3
20180828200129 ,YODB,KS,HH,53.35,9.5,15.92,2.65,4.33
20180828200129 ,GWL,KS,HG,50.74,9.47,15.77,3.08,3.2
20180828200129 ,SND,KG,HH,50.47,9.54,15.78,2.96,4.59
20180828200129 ,BUSA,KS,HG,59.56,10.99,18.24,2.59,7.38
20180914000813 ,CGIA,KS,HG,91.46,16.58,27.43,2.55,7.19
20180914000813 ,SNGB,KS,HH,90.69,16.54,27.02,2.66,4.79
20180914000813 ,PYCA,KS,HG,87.38,16.05,26.34,2.76,9
20180914000813 ,CIGB,KS,HH,82.75,14.45,24.18,2.49,8.5
20180914000813 ,SUBA,KS,HG,77.52,14.16,23.14,2.64,5.63
20180914000813 ,CSOA,KS,HG,78.8,14.27,23.58,2.8,4.26
20180914000813 ,WJU2,KS,EL,75.06,13.98,22.86,2.7,24.56
20180914000813 ,BURB,KS,HH,74.66,13.89,22.66,2.45,6.87
20180914000813 ,GIC,KS,HG,81.67,14.79,24.44,2.73,18.42
20180914000813 ,HKU,KG,HH,91.86,16.75,27.5,2.71,5.39
20180914000813 ,CEA2,KS,EL,99.02,17.81,29.64,2.67,8.97
20180914000813 ,CHS,KG,HH,93.67,16.45,27.46,2.59,8.79
20180914000813 ,YIN,KG,EL,95.59,17.45,28.85,2.72,5.93
20180914000813 ,KMC,KG,EL,96.39,17,28.26,2.64,16.51
20180914000813 ,UJN,KS,HG,97.28,17.56,28.9,2.8,11.01
20180914000813 ,YODB,KS,HH,98.26,17.5,28.8,2.85,3.39
20180914000813 ,JNPA,KS,HG,71.95,13.47,22.05,3.1,3.15
20180914000813 ,JECB,KS,HH,45.73,9.22,14.76,2.57,7.91
20180914000813 ,CPR2,KS,EL,71.81,13.14,21.62,2.68,11.69
20180914000813 ,YOW2,KS,EL,46.44,9.3,14.92,2.43,32.37
20180914000813 ,SAJA,KS,HG,46.2,9,14.46,2.63,8.11
20180914000813 ,DNBA,KS,HG,44.77,8.76,14.06,2.59,4.83
20180914000813 ,ADOA,KS,HG,39.47,7.94,12.65,2.56,5.36
20180914000813 ,DGLA,KS,HG,12.85,4.23,6.2,2.67,6.65
20180914000813 ,YOJB,KS,HH,19.99,5.1,7.75,2.64,32.37
20180914000813 ,YCH,KS,HG,20.33,5,7.59,3.15,18.42
20180914000813 ,MGB,KG,HH,22.57,5.36,8.16,2.51,10.82
20180914000813 ,DKSA,KS,HG,25.63,6.06,9.28,2.67,9.18
20180914000813 ,MGY2,KS,EL,31.79,6.85,10.9,2.34,15.28
20180914000813 ,BUSA,KS,HG,36.18,7.56,11.99,2.5,8.16
20180914000813 ,CHJ2,KS,HH,37.25,7.85,12.38,2.61,12.82
20180914000813 ,OKCB,KS,HG,70.59,13.12,21.45,2.65,6.97
20180914000813 ,GUWB,KS,HH,70.35,12.79,20.9,2.42,6.87
20180914000813 ,EMSB,KS,HH,69.79,13.16,21.45,2.77,6.89
20180914000813 ,YEYB,KS,HH,68.02,12.58,20.49,2.54,7.91
20180914000813 ,ADO2,KS,EL,67.4,12.45,20.32,2.46,32.37
20180914000813 ,JSB,KG,HH,66.85,12.63,20.39,2.68,8
20180914000813 ,GWL,KS,HG,63.63,12.19,19.71,2.55,9.48
20180914000813 ,TBA2,KS,EL,62.89,12.46,20.32,2.46,16
20180914000813 ,AGSA,KS,HG,60.94,11.68,19,2.64,6.34
20180914000813 ,SND,KG,HH,57.92,11.25,18.06,2.58,10.48
20180914000813 ,EUSB,KS,HH,56.38,10.66,17.1,2.22,12.49
20180914000813 ,CHYB,KS,HH,53.63,10.32,16.52,2.53,8.47
20180915124544 ,SND,KG,HH,99.75,17.1,29.19,2.95,2.2
20180915124544 ,SNGB,KS,HH,79.93,13.77,23.31,2.65,2.58
20180915124544 ,UJN,KS,HG,46.16,8.38,14.23,3.1,4.62
20180915124544 ,ULJ2,KS,HH,61.38,10.88,18.46,2.68,3.16
20180915124544 ,SUBA,KS,HG,69.89,12.22,20.79,2.75,2.73
20180915124544 ,IMWB,KS,HH,54.71,9.77,16.42,2.4,18.42
20180915124544 ,YODB,KS,HH,75.12,13.07,22.38,2.65,3.11
20180915124544 ,YEYB,KS,HH,88.95,15.32,26.19,2.8,2.45
20180917015248 ,DAG2,KS,HH,78.74,13.83,23.09,2.45,11.59
20180917015248 ,YEYB,KS,HH,84.22,14.85,24.98,2.64,5.35
20180917015248 ,MSNA,KS,HG,84.55,14.89,24.61,2.52,8.87
20180917015248 ,YSB,KG,HH,85.49,14.95,24.84,2.78,4.54
20180917015248 ,EUSB,KS,HH,96.76,17.04,28.04,2.56,7.19
20180917015248 ,CGD,KG,EL,91.55,15.79,26.35,2.71,6.87
20180917015248 ,SUBA,KS,HG,92.07,16.16,27.18,2.58,4.92
20180917015248 ,GKP1,KG,HH,99.75,17.39,28.85,2.69,7.03
20180917015248 ,MAK,KG,EL,89.32,15.64,25.85,2.9,6.83
20180917015248 ,ADO2,KS,EL,78.45,13.82,23.09,2.67,23.25
20180917015248 ,GIGA,KS,HG,45.36,8.54,13.93,2.37,4.59
20180917015248 ,GGGA,KS,HG,45.12,8.59,14.17,2.6,3.82
20180917015248 ,ULJ2,KS,HH,77.29,13.94,23.44,2.58,5.83
20180917015248 ,HDB,KG,HH,45.11,8.52,13.93,2.98,8
20180917015248 ,GGDA,KS,HG,42.14,8,13.03,2.49,6.73
20180917015248 ,PHA2,KS,EL,34.31,6.93,11.2,2.8,6.58
20180917015248 ,HAK,KG,EL,23.92,5.18,8.24,2.84,6.87
20180917015248 ,HMGA,KS,HG,15.23,3.72,5.51,2.67,5.84
20180917015248 ,DKJ,KG,EL,54.56,10.05,16.45,2.39,19.74
20180917015248 ,MKL,KG,HH,54.68,9.98,16.44,2.6,8.25
20180917015248 ,CHS,KG,HH,56.99,10.39,17.11,2.61,9.56
20180917015248 ,BBK,KG,EL,57.88,10.49,17.37,2.91,3.65
20180917015248 ,YODB,KS,HH,60.09,11.18,18.46,2.55,4.68
20180917015248 ,USN2,KS,EL,64.86,11.59,19.24,2.61,12.53
20180917015248 ,CSOA,KS,HG,66.78,12.05,20.01,2.7,5.24
20180917015248 ,YOCB,KS,HH,67.84,12.1,20.02,2.47,7.86
20180917015248 ,UNCA,KS,HG,76.87,13.58,22.42,2.8,5.02
20180924190547 ,JJU2,KS,HH,70.19,13.14,21.77,2.34,6.3
20180924190547 ,GOS2,KS,EL,42.92,8.31,14.19,1.62,12.64
20180924190547 ,HALB,KS,HH,45.57,8.85,14.85,2.05,6.5
20180924190547 ,GGDB,KS,HH,91.16,15.74,26.74,1.87,9
20180924190547 ,JODB,KS,HH,97.62,17.22,29.46,1.93,8.97
20181012074300 ,CHNB,KG,HH,45.99,8.28,14.2,2.5,8.35
20181012074300 ,HWCB,KS,HH,66.44,11.92,20.38,2.5,14.76
20181012074300 ,YNCB,KS,HH,74.08,12.91,21.75,2.86,2.59
20181012074300 ,CWO2,KS,EL,72.29,12.96,21.95,2.61,8.16
20181012074300 ,GAPB,KS,HH,96.25,16.93,28.67,2.8,4.23
20181012074300 ,MUS2,KS,EL,94.86,16.27,27.96,2.82,4.68
20181012074300 ,YKB,KG,HH,86.83,15.24,25.84,2.65,4.03
20181012074300 ,HWCA,KS,HG,85.5,15.08,25.69,2.86,3.41
20181014054603 ,BRS,KG,HG,49.43,8.44,14.52,2.65,3.42
20181014054603 ,BRN,KG,HG,54.55,9.17,15.72,2.8,2.77
20181014054603 ,DACB,KS,HH,40.79,6.86,12.03,2.62,3.3
20181014054603 ,BAR2,KS,HH,56.24,9.59,16.68,2.51,5.68
20181016181444 ,HSB,KG,HH,74.35,12.94,21.63,2.37,6.43
20181016181444 ,JNPA,KS,HG,75.01,13.09,22,2.78,4.46
20181016181444 ,JEU2,KS,EL,81.81,13.99,23.67,2.59,13.89
20181016181444 ,SAJA,KS,HG,82.41,14.17,24,2.5,4.41
20181016181444 ,KCH2,KS,EL,83.02,14.38,24.09,2.37,19.97
20181016181444 ,NAWB,KS,HH,83.03,14.29,23.91,2.52,16.37
20181016181444 ,HAMB,KS,HH,83.05,14.25,23.89,2.34,7.01
20181016181444 ,MND,KS,HH,88.86,15.11,26.31,2.19,11.69
20181016181444 ,SUCA,KS,HG,89.03,15.16,25.61,2.39,8.14
20181016181444 ,EMSB,KS,HH,95.36,16.41,27.56,2.67,5.32
20181016181444 ,ANMA,KS,HG,97.19,16.79,28.2,2.59,3.91
20181016181444 ,MGB,KG,HH,98.35,16.71,28.32,2.47,7.05
20181016181444 ,MGY2,KS,EL,88.09,15.13,25.6,2.46,9
20181016181444 ,GIC,KS,HG,73.47,12.8,21.41,2.46,17.29
20181016181444 ,NPR,KG,HH,42.29,7.66,12.69,2.25,16
20181016181444 ,CEA2,KS,EL,74.35,12.93,21.58,2.25,21.21
20181016181444 ,KOJ2,KS,EL,38.52,7.21,11.82,2.31,13.89
20181016181444 ,BUYB,KS,HH,37.68,6.91,11.41,2.46,7.46
20181016181444 ,JEO2,KS,HH,26.6,5.26,8.57,2.55,9.1
20181016181444 ,TEJ2,KS,HG,26.36,5.31,8.66,2.65,12.82
20181016181444 ,IKSA,KS,HG,26.17,5.1,8.35,2.33,10.01
20181016181444 ,KMSA,KS,HG,20.08,4.32,7.01,2.79,3.6
20181016181444 ,TJN,KG,HH,26.75,5.38,8.76,2.53,13.89
20181016181444 ,OKCB,KS,HH,49.99,9.03,15.06,2.44,4.25
20181016181444 ,CHO,KS,HG,41.02,7.3,12.14,2.6,5.53
20181016181444 ,PUAA,KS,HG,71.76,12.41,20.8,2.46,9.9
20181016181444 ,PORA,KS,HG,70.15,12.18,20.29,2.45,8.3
20181016181444 ,SECA,KS,HG,50.38,8.91,14.83,2.34,8.92
20181016181444 ,KMC,KG,EL,62.09,10.93,18.23,2.64,6.97
20181016181444 ,CPR2,KS,EL,61.63,10.91,18.12,2.24,14.63
20181016181444 ,IMSA,KS,HG,61.58,10.8,18.1,2.27,7.15
20181016181444 ,JASA,KS,HG,60.09,10.68,17.74,2.47,5.25
20181016181444 ,CEJA,KS,HG,55.63,9.93,16.64,2.68,6.1
20181016181444 ,DUSB,KS,HH,52.8,9.49,15.7,2.52,6.08
20181016181444 ,BON2,KS,HG,62.88,11.16,18.62,2.7,12.64
20181016181444 ,HKU,KG,HH,51.22,9.3,15.47,2.64,5.41
20181019162240 ,OKEB,KS,HG,96.03,16.56,27.8,2.95,3.09
20181019162240 ,YODB,KS,HH,94.93,17.16,28.62,2.77,2.81
20181019162240 ,UJN,KS,HG,57.86,10.88,17.76,2.89,5.86
20181019162240 ,ULJ2,KS,HH,79.67,14.6,24.17,2.8,3.54
20181019162240 ,ULDR,KS,HH,87.26,15.87,26.64,2.5,3.74
20181019162240 ,IMWB,KS,HH,55.79,10.18,16.6,2.67,9.08
20181019162240 ,CHYB,KS,HH,99.84,17.44,28.97,3.25,1.77
20181019162240 ,TBA2,KS,EL,94.62,16.06,28.64,2.99,6.28
20181024205346 ,ADO2,KS,EL,76.21,13.31,22.47,2.47,23.32
20181024205346 ,YGAA,KS,HG,75.88,13.36,22.51,2.5,5.16
20181024205346 ,BSA,KS,HG,74.77,13.25,22.22,2.26,12.78
20181024205346 ,GUWB,KS,HH,72.03,12.74,21.25,2.59,3.91
20181024205346 ,JNYA,KS,HG,68.9,12.31,20.65,2.68,6.28
20181024205346 ,CHRA,KS,HG,69.91,12.37,20.81,2.5,7.57
20181024205346 ,JUCA,KS,HG,66.93,12.07,20.06,2.57,7.91
20181024205346 ,BUS2,KS,HH,58.04,10.56,17.61,2.36,26.78
20181024205346 ,CSOA,KS,HG,71,12.51,21.06,2.5,5.44
20181024205346 ,CIGB,KS,HG,79.97,13.98,23.54,2.64,7.13
20181024205346 ,YALB,KS,HH,90.77,15.55,26.47,2.6,5.96
20181024205346 ,EUSB,KS,HH,80.71,14.03,23.57,2.49,6.97
20181024205346 ,JNHA,KS,HG,82.68,14.29,24.3,2.8,3.81
20181024205346 ,CGWB,KS,HH,86.71,15.13,25.48,2.56,9.1
20181024205346 ,YODB,KS,HH,88.62,15.37,25.89,2.8,2.36
20181024205346 ,HCNA,KS,HG,95.38,16.52,27.88,2.65,4.17
20181024205346 ,YEYB,KS,HH,96.95,16.74,28.61,2.63,4.2
20181024205346 ,DNBA,KS,HG,98.5,16.85,28.68,2.67,3.96
20181024205346 ,GKP1,KG,HH,55.31,10.26,16.92,2.51,32.37
20181024205346 ,BOG,KG,HG,12.02,3.65,5.59,2.59,5.18
20181024205346 ,DAU,KS,HG,54.39,10.02,16.6,2.47,22.4
20181024205346 ,DAG2,KS,HH,28.34,6.01,9.75,2.6,8.4
20181024205346 ,JEJB,KS,HH,28.26,5.96,9.61,2.55,6.46
20181024205346 ,DKJ,KG,EL,24.15,5.24,8.47,2.65,6.85
20181024205346 ,GGDA,KS,HG,24,5.25,8.36,2.65,4.08
20181024205346 ,HDB,KG,HH,21.81,4.96,7.91,2.71,11.17
20181024205346 ,GSNA,KS,HG,19.04,4.6,7.24,2.52,8.09
20181024205346 ,CGU,KG,HG,13.98,3.88,5.98,2.49,4.97
20181024205346 ,USN2,KS,EL,13.32,3.91,6.04,2.36,23.52
20181024205346 ,GCN,KG,HG,12.79,3.72,5.77,2.29,7.86
20181024205346 ,MKL,KG,HH,11.61,3.57,5.46,2.36,13.08
20181024205346 ,DUC,KG,HG,10.23,3.4,5.21,2.2,13.01
20181024205346 ,MSNA,KS,HG,30.33,6.34,10.28,2.71,7.91
20181024205346 ,BBK,KG,EL,31.53,6.51,10.52,2.8,5.13
20181024205346 ,PHA2,KS,EL,51.7,9.65,16.02,2.69,5.39
20181024205346 ,HMGA,KS,HG,49.86,9.34,15.51,2.74,2.56
20181024205346 ,CGDA,KS,HG,49.27,9.3,15.44,2.64,4.99
20181024205346 ,CHS,KG,HH,48.66,8.99,14.88,2.49,7.17
20181024205346 ,MAK,KG,EL,44.71,8.46,13.97,2.46,10.48
20181024205346 ,MIYA,KS,HG,51.15,9.56,15.87,2.35,9.5
20181024205346 ,YOCB,KS,HH,33.85,6.81,11.03,2.46,6.87
20181024205346 ,UNCA,KS,HG,34.04,6.82,11.11,2.51,7.66
20181024205346 ,HAK,KG,EL,35.23,7.13,11.69,2.85,3.23
20181024205346 ,MLGA,KS,HG,53.71,9.93,16.36,2.75,6.41
20181024205346 ,YSB,KG,HH,35.31,7.06,11.53,2.65,15.68
20181024205346 ,GIGA,KS,HG,35.71,7.01,11.39,2.35,3.64
20181024205346 ,CGD,KG,EL,37.1,7.33,11.92,2.55,12.07
20181104080444 ,MIYA,KS,HG,79.75,13.98,23.3,1.9,13.86
20181104080444 ,CSOA,KS,HG,83.11,14.49,24.35,2.35,6.89
20181104080444 ,EURB,KS,HH,84.81,14.62,24.7,2.17,11.59
20181104080444 ,GCN,KG,HG,85.71,14.93,24.94,2.47,5.98
20181104080444 ,TEJ2,KS,HG,85.97,15.02,25.38,2.65,7.62
20181104080444 ,TJN,KG,HH,86.82,15.41,25.44,2.51,6.85
20181104080444 ,SACA,KS,HG,81.86,14.07,23.91,2.8,3.79
20181104080444 ,USN2,KS,EL,89.84,15.63,26.31,2.52,12.31
20181104080444 ,YOJB,KS,HH,91.62,15.86,26.88,2.5,21.39
20181104080444 ,BOG,KG,HG,96.57,16.7,27.92,2.65,2.96
20181104080444 ,CGU,KG,HG,96.96,16.81,28.2,2.65,4.33
20181104080444 ,YEYB,KS,HH,97.04,16.59,28.04,2.74,3.39
20181104080444 ,MKL,KG,HH,98.26,16.91,28.41,2.67,6.24
20181104080444 ,HKU,KG,HH,99.7,17.49,29.42,2.75,3.39
20181104080444 ,DKJ,KG,EL,79.46,13.98,23.47,2.55,5.96
20181104080444 ,JEO2,KS,HH,88.29,15.55,25.81,2.38,9.21
20181104080444 ,HAMB,KS,HH,78.5,13.84,22.93,2.59,5.18
20181104080444 ,CHS,KG,HH,76.92,13.42,22.6,2.47,9.05
20181104080444 ,DUSB,KS,HH,48.72,9.09,14.87,2.34,6.73
20181104080444 ,DAU,KS,HG,40.88,7.73,12.67,2.31,11.79
20181104080444 ,GKP1,KG,HH,40.08,7.53,12.34,2.47,9
20181104080444 ,SAJA,KS,HG,38.63,7.31,12.05,2.49,4.86
20181104080444 ,GUWB,KS,HH,34.32,6.72,10.92,2.52,3.25
20181104080444 ,CPR2,KS,EL,31.16,6.23,10.02,2.6,7.77
20181104080444 ,KMC,KG,EL,31.15,6.25,10.04,2.32,14.26
20181104080444 ,GIC,KS,HG,16.64,3.95,6.11,2.29,16
20181104080444 ,CIGB,KS,HH,16.12,3.83,5.94,2.35,5.32
20181104080444 ,OKCB,KS,HH,51.51,9.52,15.65,2.54,3.93
20181104080444 ,KCH2,KS,EL,60.57,10.96,18.19,2.74,10.01
20181104080444 ,YOCB,KS,HH,64.99,11.64,19.34,2.65,2.94
20181104080444 ,HCNA,KS,HG,58.44,10.5,17.63,2.34,5.66
20181104080444 ,MGY2,KS,EL,66.65,11.86,19.81,2.31,7.91
20181104080444 ,BON2,KS,EL,66.68,12.04,19.76,2.53,16
20181104080444 ,DAG2,KS,HH,68.59,12.18,20.41,2.59,8.54
20181104080444 ,ADO2,KS,EL,73.51,12.94,21.7,2.39,32.37
20181104080444 ,HACA,KS,HG,75.8,13.24,22.29,2.23,10.27
20181104080444 ,CGD,KG,EL,76.04,13.27,22.24,2.71,7.11
20181104080444 ,KMSA,KS,HG,69.98,12.59,20.84,2.61,4.5
20181104080444 ,MGB,KG,HH,63.04,11.16,18.67,2.42,9.37
20181104080444 ,CHRA,KS,HG,64.74,11.53,19.14,2.53,5.68
20181105030155 ,DACB,KS,HH,20.04,3.99,5.88,3.47,3.07
20181105030155 ,YPDB,KS,HH,75.22,14.32,23.95,3.26,4.41
20181105030155 ,BRS,KG,HG,24.72,4.76,7.29,3.59,2.96
20181105030155 ,BRN,KG,HG,31.68,5.66,9.06,3.66,2.02
20181105030155 ,BAR2,KS,HH,27.45,5.38,8.45,3.61,3.91
20181105030715 ,YPD,KG,EL,76.65,14.52,23.71,3.27,5.95
20181105030715 ,BRN,KG,HG,26.6,6.04,9.37,3.5,1.21
20181105030715 ,BAR2,KS,HH,22.06,5.77,8.88,3.39,2.77
20181105030715 ,BRS,KG,HG,20.16,5.12,7.67,3.34,2.05
20181105030715 ,DACB,KS,HH,17.62,4.37,6.26,3.35,2.21
20181105030715 ,YPDB,KS,HH,79.42,14.84,24.63,3.2,4.15
20181118183449 ,SAJA,KS,HG,77.57,14.42,23.9,2.35,7.29
20181118183449 ,SES2,KS,HH,86.72,15.75,25.96,2.49,15.68
20181118183449 ,MGB,KG,HG,86.07,15.61,26.21,2.43,10.36
20181118183449 ,YIN,KG,EL,82.63,15.28,25.19,2.71,6.32
20181118183449 ,GIC,KS,HG,82.01,15.2,24.98,2.66,13.23
20181118183449 ,CHJ2,KS,HH,79.17,14.67,24.02,2.42,24.42
20181118183449 ,JASA,KS,HG,87.53,16,26.68,2.52,5.02
20181118183449 ,BURB,KS,HH,99.07,17.82,29.57,2.52,7.07
20181118183449 ,ANMA,KS,HG,88.48,16.08,26.34,2.62,3.8
20181118183449 ,IMSA,KS,HG,90.17,16.36,27.06,2.35,5.91
20181118183449 ,GUM,KS,HG,91.81,16.77,28.08,2.73,9.05
20181118183449 ,PUAA,KS,HG,93.43,16.78,27.95,2.65,5.16
20181118183449 ,YINB,KS,HH,95.19,17.2,28.52,2.94,1.51
20181118183449 ,ICN2,KS,EL,97.71,17.61,29.1,2.5,11.13
20181118183449 ,KMC,KG,EL,76.19,14.23,23.2,2.53,7.93
20181118183449 ,HAWB,KS,HH,87.99,15.96,25.91,2.47,4.7
20181118183449 ,MGY2,KS,EL,73.58,13.76,22.77,2.34,10.27
20181118183449 ,BON2,KS,EL,47.9,9.84,15.78,2.46,32.37
20181118183449 ,IKSA,KS,HG,46.49,9.39,15.23,2.46,7.68
20181118183449 ,OKCB,KS,HH,46.18,9.48,15.26,2.5,8.35
20181118183449 ,KOJ2,KS,HG,18.05,5.36,8.05,2.14,12.07
20181118183449 ,JNPA,KS,HG,48.85,9.84,16,2.5,4.56
20181118183449 ,CEJA,KS,HG,29.22,6.88,10.88,2.62,6.08
20181118183449 ,BUYB,KS,HH,39.08,8.22,13.01,2.45,5.96
20181118183449 ,KMSA,KS,HG,39.76,8.54,13.59,2.59,5.53
20181118183449 ,CEA2,KS,EL,45.98,9.47,15.04,2.48,10.36
20181118183449 ,HKU,KG,HH,23.96,6.21,9.65,2.27,13.89
20181118183449 ,DUSB,KS,HH,72.9,13.78,22.26,2.55,5.96
20181118183449 ,EMSB,KS,HH,68.65,12.93,21.18,2.8,2.99
20181118183449 ,CHO,KS,HG,68.43,12.54,20.74,2.55,8.04
20181118183449 ,PORA,KS,HG,68.31,12.7,20.95,2.28,12.07
20181118183449 ,JEO2,KS,HH,54.43,10.73,17.39,2.41,18.42
20181118183449 ,HSB,KG,HH,61.93,11.86,19.2,2.5,3.99
20181118183449 ,SECA,KS,HG,58.96,11.27,18.23,2.4,9.1
20181118183449 ,NPR,KG,HH,58.2,11.16,18.11,2.55,12.35
20181118183449 ,YSAB,KS,HH,57.07,11.07,17.7,2.4,5.36
20181118183449 ,CPR2,KS,EL,65.02,12.48,20.39,2.55,12.07
20181120051027 ,UDO,KS,HH,32.78,6.53,11.16,2.73,2.95
20181120051027 ,GMDB,KS,HH,58.64,10.63,18.11,2.25,7.91
20181120051027 ,JJU2,KS,HH,70.57,12.61,21.57,2.5,7.62
20181120051027 ,CSDB,KS,HG,82.5,14.41,25.06,2.65,3.34
20181120051027 ,BGD,KG,HH,98.42,16.96,29.36,2.64,5.32
20181122093618 ,BUS2,KS,HH,91.75,16.03,26.82,2.7,5.65
20181122093618 ,HDB,KG,HH,35.7,7.31,11.87,2.5,8.82
20181122093618 ,CSOA,KS,HG,77.91,13.87,23.19,2.5,3.96
20181122093618 ,CGD,KG,EL,85.88,15.2,25.33,2.56,8.28
20181122093618 ,ULJ2,KS,HH,92.51,16.22,27.31,2.93,2.36
20181122093618 ,YEYB,KS,HH,97.57,16.97,28.61,2.77,2.77
20181122093618 ,DAU,KS,HG,99.06,17.44,29.02,2.65,5.44
20181122093618 ,MAK,KG,EL,77.72,13.89,23.21,2.63,6.73
20181122093618 ,GKP1,KG,HH,100,17.59,29.26,2.76,5.18
20181122093618 ,HAK,KG,EL,21.27,5.28,8.36,2.72,7.11
20181122093618 ,YSB,KG,HH,75.85,13.57,22.67,2.8,3.34
20181122093618 ,DAG2,KS,HH,75.77,13.58,22.7,2.79,4.7
20181122093618 ,JEJB,KS,HH,40.05,7.95,13.04,2.2,9.5
20181122093618 ,CGU,KG,HG,42.21,8.33,13.61,2.45,5.18
20181122093618 ,PHA2,KS,EL,44.94,8.81,14.47,2.69,5.18
20181122093618 ,BBK,KG,EL,45.37,8.73,14.43,2.5,8.16
20181122093618 ,MKL,KG,HH,47.73,9.22,15.07,2.46,7.17
20181122093618 ,BOG,KG,HG,52.01,9.81,16.09,2.65,2.96
20181122093618 ,YODB,KS,HH,74.92,13.51,22.37,2.65,3.04
20181122093618 ,YOCB,KS,HH,69.6,12.67,21.01,2.46,5.96
20181122093618 ,GCN,KG,HG,53.77,10.1,16.67,2.5,4.21
20181122093618 ,CHS,KG,HH,64.39,11.77,19.5,2.58,3.84
20181122093618 ,USN2,KS,HG,58.68,10.93,18.11,2.44,8.79
20181122093618 ,DKJ,KG,EL,55.31,10.42,17.15,2.64,4.83
20181122093618 ,DUC,KG,HG,52.61,9.92,16.27,1.75,19.85
20181123231644 ,CHNB,KG,HH,49.07,9.37,15.28,3.04,5.96
20181123231644 ,MUS2,KS,EL,97.29,17.38,29.04,3.4,3.42
20181123231644 ,YKB,KG,HH,90.15,16.3,27.01,3.19,2.18
20181123231644 ,HWCA,KS,HG,89.17,16.17,26.82,3.33,2.95
20181123231644 ,PCH,KG,EL,82.59,14.85,24.95,2.93,4.97
20181123231644 ,CWO2,KS,EL,76,14.04,23.06,2.97,10.79
20181123231644 ,HWCB,KS,HH,70.07,13.02,21.49,2.88,16
20181123231644 ,GAPB,KS,HH,99.93,18.03,29.81,3.25,4.83
20181123231644 ,YNCB,KS,HH,76.74,14.01,22.85,3.4,1.68
20181125142727 ,MRD,KG,HH,19.58,4.33,6.53,2.5,7.29
20181125142727 ,GOS2,KS,EL,22.24,4.92,7.62,2.38,7.15
20181125142727 ,HALB,KS,HH,34.27,6.73,10.97,2.65,2.84
20181125142727 ,SGP2,KS,HH,41.17,7.9,12.69,2.35,5.81
20181129055239 ,YEYB,KS,HH,94.45,17.17,28.65,2.68,2.92
20181129055239 ,IMWB,KS,HH,33.7,7.43,11.92,2.43,10.48
20181129055239 ,DGY2,KS,HH,99.28,17.94,29.76,2.53,6.81
20181129055239 ,UJN,KS,HG,45.07,9.25,15.02,2.63,7.84
20181129055239 ,YODB,KS,HH,91.36,16.34,27.73,2.35,7.05
20181129055239 ,TOHA,KS,HG,55.17,10.84,17.68,2.63,3.99
20181129055239 ,TBA2,KS,EL,73,13.38,21.91,2.52,14.22
20181129055239 ,ULJ2,KS,HH,73.7,13.78,22.94,2.5,5.84
20181129055239 ,GWL,KS,HG,78.51,14.83,24.44,2.65,3.87
20181129055239 ,OKEB,KS,HH,71.81,13.51,22.16,2.46,9.84
20181129055239 ,CHYB,KS,HH,81.18,15.07,24.86,2.67,4.19
20181129055239 ,SND,KG,HH,81.82,15.33,25.28,2.57,6.87
20181129055239 ,JSB,KG,HH,89.42,16.4,27.08,2.49,6.05
20181204230108 ,MKL,KG,HH,87.41,14.89,25.55,2.46,2.95
20181204230108 ,GUWB,KS,HH,97.47,16.86,28.41,2.5,2.77
20181204230108 ,TBA2,KS,EL,97.75,16.7,28.14,2.86,4.85
20181204230108 ,EUSB,KS,HH,84.78,14.8,25.04,2.6,2.64
20181204230108 ,USN2,KS,HG,94.78,16.21,27.63,2.5,4.15
20181204230108 ,HDB,KG,HH,82.82,14.24,24.28,2.53,4.26
20181204230108 ,YODB,KS,HG,23.26,4.94,7.93,2.35,4.23
20181204230108 ,ULJ2,KS,HH,35.22,6.72,11.1,2.62,3.38
20181204230108 ,PHA2,KS,EL,37.61,7.19,11.99,2.65,2.82
20181204230108 ,CHYB,KS,HH,84.14,14.68,24.59,2.41,4.82
20181204230108 ,CHS,KG,HH,57.2,10.33,17.24,2.48,4.41
20181204230108 ,HAK,KG,EL,59.88,10.66,18.23,2.44,3.91
20181204230108 ,CSOA,KS,HG,49.46,9.21,15.31,2.5,3.54
20181204230108 ,ADO2,KS,EL,61.16,11.01,18.58,2.46,10.48
20181204230108 ,UJN,KS,HG,63.71,11.71,19.13,2.49,6.3
20181204230108 ,DKJ,KG,EL,73.01,12.75,21.57,2.4,6
20181204230108 ,YOCB,KS,HG,80.44,14.54,23.59,2.35,4.38
20181204232820 ,IMWB,KS,HH,91.43,16.31,27.27,3.05,6.52
20181204232820 ,MKL,KG,HH,87.41,15.15,25.78,2.91,2.07
20181204232820 ,BOG,KG,HG,91.57,15.91,26.94,3.1,1.78
20181204232820 ,DUC,KG,HG,88.47,15.43,25.92,1.9,12.03
20181204232820 ,BBK,KG,EL,98.49,16.96,28.93,2.95,2.55
20181204232820 ,TBA2,KS,EL,97.75,16.96,28.27,3.14,7.66
20181204232820 ,JEJB,KS,HH,92.09,15.99,27.22,2.95,1.97
20181204232820 ,EUSB,KS,HH,84.78,15.04,25.26,2.95,2.12
20181204232820 ,GUWB,KS,HG,97.47,17.14,28.72,3.1,1.83
20181204232820 ,CHYB,KS,HH,84.14,14.8,24.86,2.82,5.08
20181204232820 ,YEYB,KS,HH,52.41,9.86,16.33,2.95,3.04
20181204232820 ,CSOA,KS,HG,49.46,9.43,15.58,2.95,2.7
20181204232820 ,POHB,KG,EL,48.79,9.44,15.89,3.25,2.44
20181204232820 ,PHA2,KS,EL,37.61,7.4,12.22,3.1,1.89
20181204232820 ,ULJ2,KS,HH,35.22,7.02,11.4,3.07,2.91
20181204232820 ,YODB,KS,HH,23.26,5.12,8.2,2.75,3.39
20181204232820 ,HAK,KG,EL,59.88,10.89,18.26,2.98,2.87
20181204232820 ,CHS,KG,HH,57.2,10.57,17.47,2.93,3.73
20181204232820 ,UJN,KS,HG,63.71,11.68,19.33,2.98,5.49
20181204232820 ,ADO2,KS,EL,61.16,11.24,18.83,2.86,6.87
20181204232820 ,ADOA,KS,HG,84.05,14.94,25.3,2.94,2.55
20181204232820 ,GCN,KG,HG,83.24,14.59,24.46,2.95,2.36
20181204232820 ,HDB,KG,HH,82.82,14.43,24.54,2.78,6.02
20181204232820 ,CGU,KG,HG,77.39,13.64,23.06,2.8,3.44
20181204232820 ,DKJ,KG,EL,73.01,12.93,21.79,2.77,5.35
20181204232820 ,YOCB,KS,HH,80.44,14.21,23.75,3.05,1.82
20181207191641 ,DKJ,KG,EL,87.76,15.39,25.86,2.92,5.76
20181207191641 ,HKU,KG,HH,87.01,15.48,25.73,2.97,3.94
20181207191641 ,DAG2,KS,HH,84.32,14.87,24.98,2.71,8.52
20181207191641 ,HCNA,KS,HG,83.56,14.62,24.65,2.67,4.76
20181207191641 ,YEYB,KS,HH,83.45,14.71,24.61,2.56,5.18
20181207191641 ,KCH2,KS,EL,83.41,14.73,24.56,2.75,10.13
20181207191641 ,CHYB,KS,HH,92.64,15.97,26.88,2.57,6.99
20181207191641 ,EMSB,KS,HH,93.07,16.31,27.46,2.64,6.08
20181207191641 ,JECB,KS,HH,94.93,16.55,27.82,2.44,6.79
20181207191641 ,JEO2,KS,HH,96.07,16.79,28.11,2.7,6.28
20181207191641 ,GCN,KG,HG,97.3,16.89,28.48,2.91,3.91
20181207191641 ,JASA,KS,HG,98.38,17.21,28.63,2.75,6.87
20181207191641 ,YOW2,KS,EL,98.94,17.24,29.45,2.8,9.02
20181207191641 ,JNPA,KS,HG,82.45,14.6,24.42,2.6,7.51
20181207191641 ,CGD,KG,EL,95.51,16.42,27.59,2.55,9.1
20181207191641 ,CEJA,KS,HG,81.87,14.55,24.2,2.79,6.69
20181207191641 ,KMC,KG,EL,46.52,8.73,14.31,2.75,12.07
20181207191641 ,MGY2,KS,EL,42.93,8.24,13.56,2.52,7.4
20181207191641 ,OKCB,KS,HH,42.33,8.18,13.3,2.48,7.73
20181207191641 ,TJN,KG,HH,80.53,14.33,23.77,2.59,10.48
20181207191641 ,EUSB,KS,HH,40.96,7.98,12.95,2.54,7.91
20181207191641 ,BON2,KS,EL,49.4,9.33,15.33,2.72,16.09
20181207191641 ,GUWB,KS,HH,35.39,7,11.38,2.5,4.72
20181207191641 ,CIGB,KS,HH,33.73,6.71,10.88,2.39,8.57
20181207191641 ,CPR2,KS,EL,28.67,5.99,9.57,2.65,7.7
20181207191641 ,MGB,KG,HH,38.11,7.44,12.18,2.47,13.66
20181207191641 ,ADOA,KS,HG,50.83,9.41,15.59,2.65,4.21
20181207191641 ,CHS,KG,HH,77.33,13.51,22.84,2.7,7.03
20181207191641 ,CSOA,KS,HG,76.14,13.52,22.69,2.77,3.24
20181207191641 ,YOCB,KS,HH,73.8,13.14,22.01,2.8,5.11
20181207191641 ,CHJ2,KS,HH,67.9,12.33,19.82,2.44,13.82
20181207191641 ,TEJ2,KS,HG,79.8,14.23,23.82,2.74,11.59
20181207191641 ,YOJB,KS,HG,67.52,12.15,20.28,2.8,4.99
20181207191641 ,ADO2,KS,EL,64.51,11.69,19.42,2.53,32.37
20181207191641 ,DUSB,KS,HG,63.81,11.59,19.06,2.73,4.83
20181207191641 ,DAU,KS,HG,58.49,10.67,17.73,2.46,10.01
20181207191641 ,GKP1,KG,HH,57.89,10.52,17.4,2.53,10.1
20181209050618 ,YODB,KS,HH,79.49,14,23.57,2.5,2.96
20181209050618 ,CSOA,KS,HG,80.57,14.13,23.9,1.75,15.32
20181209050618 ,CGD,KG,EL,82.17,14.49,24.19,2.48,6.05
20181209050618 ,BUS2,KS,HH,86.27,15.03,25.11,2.5,6.26
20181209050618 ,DAU,KS,HG,97.29,17.11,28.5,2.48,7.55
20181209050618 ,ULJ2,KS,HH,97.31,16.81,28.64,2.64,3.31
20181209050618 ,GKP1,KG,HH,98.24,17.28,28.73,2.6,5.73
20181209050618 ,ADO2,KS,EL,91.12,15.82,26.87,2.32,32.37
20181209050618 ,DAG2,KS,HH,73.07,13.03,21.83,2.43,7.68
20181209050618 ,MAK,KG,EL,72.34,12.6,21.49,2.55,7.49
20181209050618 ,HAK,KG,EL,20.96,5.19,8.27,2.69,6.87
20181209050618 ,JEJB,KS,HH,34.86,7,11.41,2.49,3.99
20181209050618 ,CGU,KG,HG,39.51,7.82,12.76,2.23,6.99
20181209050618 ,BBK,KG,EL,39.96,7.74,12.74,2.79,3.23
20181209050618 ,POHB,KG,EL,40.08,8.2,13.61,2.84,5.18
20181209050618 ,MKL,KG,HH,44.03,8.5,13.93,1.94,9.37
20181209050618 ,PHA2,KS,EL,47.88,9.14,15.22,2.4,7.53
20181209050618 ,BOG,KG,HG,48.16,9.05,14.89,2.35,3.94
20181209050618 ,YSB,KG,HH,70.99,12.69,21.21,2.59,12
20181209050618 ,YOCB,KS,HH,68.68,12.4,20.68,2.53,4.46
20181209050618 ,CHS,KG,HH,65.68,11.93,19.8,2.29,7.73
20181209050618 ,USN2,KS,EL,55.06,10.22,16.87,2.13,18.42
20181209050618 ,DKJ,KG,EL,54.26,10.16,16.79,2.36,8.82
20181209050618 ,GCN,KG,HG,51.24,9.62,15.91,2.29,5.18
20181211184304 ,OYDB,KS,HH,85.61,14.54,24.33,1.86,8.79
20181211184304 ,ECDB,KS,HH,85.27,14.34,24.24,1.88,11.26
20181211184304 ,HWSB,KG,HH,83.77,14.56,24.47,2.34,4.15
20181211184304 ,CGYA,KS,HG,78.68,13.73,22.69,1.9,7.88
20181211184304 ,NAJA,KS,HG,77.76,13.48,22.6,1.94,16
20181211184304 ,KOJ2,KS,EL,90.11,15.58,26.17,1.93,21.21
20181211184304 ,DGHA,KS,HG,73.35,12.91,21.48,2.15,7.64
20181211184304 ,AMD,KS,HH,80.44,13.88,23.27,2.05,32.37
20181211184304 ,DUSB,KS,HH,92.36,16.04,26.85,2.44,3.39
20181211184304 ,TJN,KG,HH,90.5,15.68,26.52,2.05,10.04
20181211184304 ,HAMB,KS,HH,91.02,15.7,26.42,2.35,4.38
20181211184304 ,HSB,KG,HH,93.79,16.17,26.99,2.2,5.5
20181211184304 ,MUN,KG,EL,96.19,16.52,27.99,2.18,8.3
20181211184304 ,JRB,KG,HH,97.11,16.62,27.94,2.19,7.7
20181211184304 ,TEJ2,KS,HG,90.42,15.69,26.45,2.37,7.97
20181211184304 ,JASA,KS,HG,68.12,12.08,20.13,2.26,6.5
20181211184304 ,KWJU,KS,HH,65.8,11.49,19.21,1.7,28.12
20181211184304 ,WID,KG,EL,45.48,7.99,13.22,2.04,12.67
20181211184304 ,NPR,KG,HH,37.69,6.85,11.22,1.94,15.23
20181211184304 ,HMPA,KS,HG,66.63,11.64,19.41,2.2,7.84
20181211184304 ,MND,KS,HH,34.97,6.34,10.53,2.46,3.91
20181211184304 ,SMWA,KS,HG,31.45,5.68,9.24,1.88,7.64
20181211184304 ,ISGB,KS,HH,31.21,5.8,9.46,1.93,8.37
20181211184304 ,JEU2,KS,EL,30.27,5.61,9.16,1.94,28.12
20181211184304 ,SMKB,KS,HG,22.85,4.17,6.69,2.1,9.53
20181211184304 ,TAIA,KS,HG,18.65,3.61,5.77,2.2,6.34
20181211184304 ,PUAA,KS,HG,11.57,2,3,2.25,7.91
20181211184304 ,KWJ2,KS,HH,65.8,11.48,19.2,2.05,12.82
20181211184304 ,NAWB,KS,HH,65.73,11.61,19.39,1.93,32.37
20181211184304 ,BUYB,KS,HH,63.41,11.06,18.51,2.15,5.18
20181211184304 ,GOCB,KS,HH,45.51,8.1,13.39,1.77,18.53
20181211184304 ,CJDB,KS,HH,56.15,9.83,16.47,2.05,5.44
20181211184304 ,JEO2,KS,HH,53.21,9.47,15.77,1.93,21.95
20181211184304 ,MALA,KS,HG,52.4,9.34,15.51,2.05,6.69
20181211184304 ,SECA,KS,HG,47.96,8.46,14.04,2.03,9.29
20181211184304 ,YEG,KS,HG,56.55,10.18,16.78,2.2,11.36
20181216171627 ,CGU,KG,HG,86.53,15,25.61,2.63,3.87
20181216171627 ,GCN,KG,HG,92.17,15.9,27.01,2.35,5.71
20181216171627 ,TBA2,KS,EL,93.04,15.92,26.94,2.74,9.1
20181216171627 ,MKL,KG,HH,96.59,16.49,28.29,2.5,4.51
20181216171627 ,HDB,KG,HH,92.02,15.81,27.05,2.83,6.5
20181216171627 ,EUSB,KS,HH,88.88,15.55,26.51,2.68,3.18
20181216171627 ,IMWB,KS,HH,83.82,14.43,24.69,2.55,13.89
20181216171627 ,POHB,KG,EL,57.69,10.73,18.43,2.89,6.87
20181216171627 ,YEYB,KS,HH,52.36,9.76,16.46,2.6,3.82
20181216171627 ,PHA2,KS,EL,46.12,8.73,14.71,2.69,3.83
20181216171627 ,GGGA,KS,HG,31.32,6.55,10.81,2.69,5.24
20181216171627 ,ULJ2,KS,HH,30.52,6.32,10.4,2.49,6.12
20181216171627 ,YODB,KS,HH,23.75,5.4,8.88,2.5,4.36
20181216171627 ,CSOA,KS,HG,53.95,10.17,17.16,2.7,3.59
20181216171627 ,CHYB,KS,HH,80.78,14.2,23.96,2.57,5.96
20181216171627 ,GGDA,KS,HG,74.29,13.04,22.25,2.65,3.72
20181216171627 ,DKJ,KG,EL,81.57,14.19,24.28,2.49,7.97
20181216171627 ,GIGA,KS,HG,65.99,11.7,20.08,2.75,2.56
20181216171627 ,ADO2,KS,EL,64.97,11.84,20.13,2.5,22.14
20181216171627 ,CHS,KG,HH,64.36,11.68,19.72,2.67,4.59
20181216171627 ,HAK,KG,HG,68.99,12.27,20.46,2.91,3.15
20181220042324 ,MAK,KG,EL,74.03,13.43,22.31,2.6,6.87
20181220042324 ,BUS2,KS,HH,88.03,15.55,25.92,2.41,8.28
20181220042324 ,YODB,KS,HG,77.4,13.82,23.27,2.5,4.06
20181220042324 ,CSOA,KS,HG,78.97,14.44,23.8,2.5,4.26
20181220042324 ,CGD,KG,EL,82.96,14.83,24.94,2.39,6.87
20181220042324 ,ULJ2,KS,HH,95.18,16.48,28.12,2.71,3.39
20181220042324 ,GKP1,KG,HH,98.19,17.51,29.19,2.65,5.35
20181220042324 ,YEYB,KS,HH,99.31,17.34,29.33,2.65,2.99
20181220042324 ,DAG2,KS,HH,73.4,13.4,22.5,2.55,5.24
20181220042324 ,ADO2,KS,EL,89.64,15.83,26.85,2.5,24.63
20181220042324 ,BBK,KG,EL,41.71,8.27,13.64,2.61,4.2
20181220042324 ,GGDA,KS,HG,41.42,8.42,13.9,2.31,5.93
20181220042324 ,CGU,KG,HG,39.82,8.22,13.46,2.29,6.41
20181220042324 ,MKL,KG,HH,44.81,8.96,14.75,2.24,8.72
20181220042324 ,POHB,KG,EL,38.78,8.33,13.82,2.95,4.1
20181220042324 ,HDB,KG,HH,32.49,7,11.51,2.36,7.66
20181220042324 ,HMGA,KS,HG,26.41,6.04,9.75,2.33,4.75
20181220042324 ,YSB,KG,HH,72.36,13.17,22.05,2.35,23.12
20181220042324 ,HAK,KG,EL,20.29,5.43,8.73,2.57,6.87
20181220042324 ,PHA2,KS,EL,46.18,9.14,15.19,2.64,6.19
20181220042324 ,BOG,KG,HG,49.01,9.53,15.72,2.2,5.95
20181220042324 ,YOCB,KS,HH,68.28,12.65,21.08,2.6,3.39
20181220042324 ,CHS,KG,HH,64.49,12.09,19.96,2.54,6.99
20181220042324 ,UNCA,KS,HG,61.95,11.48,19.04,2.5,5.08
20181220042324 ,GGGA,KS,HG,60.88,11.13,18.78,2.4,4.23
20181220042324 ,DKJ,KG,EL,53.91,10.42,17.26,2.5,6.34
20181220042324 ,GCN,KG,HG,51.49,9.94,16.55,2.48,3.36
20181220042324 ,GIGA,KS,HG,49.97,9.79,16.1,1.6,32.37
20181220042324 ,USN2,KS,HG,55.8,10.67,17.77,2.23,10.1
20181221070612 ,TJN,KG,HH,87.08,15.15,25.19,3.07,3.09
20181221070612 ,CGWB,KS,HH,87.01,15.08,25.36,3.2,2.95
20181221070612 ,TEJ2,KS,HG,86.2,15.12,24.92,3.21,3.88
20181221070612 ,SUCA,KS,HG,85.72,15.05,24.94,3.06,3.17
20181221070612 ,CGD,KG,EL,83.46,14.25,24.18,3.05,4.3
20181221070612 ,DNBA,KS,HG,82.78,14.33,23.94,3.43,1.49
20181221070612 ,JNYA,KS,HG,88.07,15.3,25.63,2.96,4.99
20181221070612 ,BAU,KS,EL,80.29,13.98,23.43,3.2,7.91
20181221070612 ,DAG2,KS,HH,86.23,14.73,24.96,3.03,5.86
20181221070612 ,BON2,KS,EL,89.09,15.44,25.68,3.05,8.54
20181221070612 ,YOCB,KS,HH,94.1,16.14,27.26,3.15,2.59
20181221070612 ,MSNA,KS,HG,93.39,16.09,27.17,3.1,3.13
20181221070612 ,TAIA,KS,HG,93.48,16.33,27.12,3.02,3.45
20181221070612 ,HAIA,KS,HG,93.68,15.95,27.13,3.2,3.77
20181221070612 ,GWYB,KS,HH,94.16,16.28,27.21,3.25,3.09
20181221070612 ,EUSB,KS,HH,94.36,16.14,27.1,3.36,2.15
20181221070612 ,YGJA,KS,HG,95.12,16.29,27.64,3.22,3.11
20181221070612 ,GSNA,KS,HG,96.46,16.5,27.71,3.1,3.96
20181221070612 ,JEU2,KS,EL,97.57,17.01,28.28,2.83,12.14
20181221070612 ,JUCA,KS,HG,98.72,17,28.6,3.23,2.9
20181221070612 ,GACA,KS,HG,79.34,13.81,23.38,3.06,4.45
20181221070612 ,ISGB,KS,HG,90.81,15.75,26.34,2.96,4.36
20181221070612 ,MIYA,KS,HG,78.52,13.71,22.96,3.4,2.04
20181221070612 ,CPR2,KS,EL,52.16,9.27,15.32,3.13,4.6
20181221070612 ,CIGB,KS,HH,50.8,9.05,14.9,3.15,2.77
20181221070612 ,HACA,KS,HG,42.02,7.74,12.98,3.26,2.18
20181221070612 ,JASA,KS,HG,41.74,7.73,12.65,3.16,2.98
20181221070612 ,SACA,KS,HG,40.28,7.39,12.25,3.19,2.46
20181221070612 ,YGAA,KS,HG,40.23,7.41,12.21,3.21,2.36
20181221070612 ,HADA,KS,HG,77.85,13.23,22.64,2.99,4.5
20181221070612 ,KCH2,KS,HG,19.25,4.08,6.48,3.19,5.79
20181221070612 ,DUSB,KS,HH,24.03,4.68,7.46,3.25,1.86
20181221070612 ,YALB,KS,HH,24.44,4.73,7.71,3.1,3.09
20181221070612 ,KMC,KG,EL,26.78,5.14,8.25,3.29,3.49
20181221070612 ,HAMB,KS,HH,34.71,6.65,10.65,3.3,2.29
20181221070612 ,MALA,KS,HG,55.4,10.01,16.46,3.05,3.06
20181221070612 ,DGHA,KS,HG,36.64,6.82,11.07,2.94,3.94
20181221070612 ,EURB,KS,HH,58.4,10.44,17.44,3.25,2.77
20181221070612 ,GUWB,KS,HG,75.14,13.08,21.89,3.4,1.84
20181221070612 ,CHO,KS,HG,72.89,13.58,22.42,2.82,5.78
20181221070612 ,GRE,KG,EL,72.77,12.82,21.37,3.12,6.97
20181221070612 ,BLGA,KS,HG,72.63,12.71,21.18,3.01,4.5
20181221070612 ,JRB,KG,HH,67.84,11.87,19.81,3.15,4.16
20181221070612 ,JINA,KS,HG,67.36,11.69,19.81,3.4,1.74
20181221070612 ,OKCB,KS,HH,67.29,11.82,19.53,3.25,2.05
20181221070612 ,GSU,KG,HH,69.52,12.09,20.4,3.4,1.83
20181221070612 ,CGDA,KS,HG,66.83,11.71,19.68,3.16,3.03
20181221070612 ,NAWB,KS,HH,63.48,11.36,18.74,3.15,4.5
20181221070612 ,JEO2,KS,HH,63.36,11.28,18.58,3.05,4.89
20181221070612 ,DAU,KS,HG,62.82,11.13,18.57,3.04,4.4
20181221070612 ,GKP1,KG,HH,61.93,10.93,18.25,3.09,5.19
20181226181048 ,MGY2,KS,EL,83.46,14.6,24.28,2.29,8.64
20181226181048 ,WJU2,KS,HG,87.93,15.39,25.6,2.49,11.69
20181226181048 ,NAMB,KS,HH,98.01,17.25,28.39,2.2,5.11
20181226181048 ,GUWB,KS,HH,94.14,16.25,27.7,2.4,4.19
20181226181048 ,PHA2,KS,EL,98.87,17.01,28.93,2.57,3.91
20181226181048 ,CHJ2,KS,HH,83.17,14.55,25.04,2.05,16.14
20181226181048 ,DNBA,KS,HG,78.91,13.85,22.78,2.24,5.88
20181226181048 ,CSOA,KS,HG,69.79,12.16,20.33,2.35,4.78
20181226181048 ,CHYB,KS,HH,11.44,1.88,2.73,2.19,6.05
20181226181048 ,TBA2,KS,HG,17.53,3.57,5.44,2.44,10.18
20181226181048 ,SND,KG,HH,22.39,4.42,6.89,2.4,4.9
20181226181048 ,BUSA,KS,HG,22.74,4.31,6.87,2.2,5.84
20181226181048 ,GWL,KS,HG,26.74,5.14,8.26,2.46,4.5
20181226181048 ,OKEB,KS,HG,71.18,12.53,20.61,2.05,6.46
20181226181048 ,YOJB,KS,HH,37.12,6.86,11.18,2.2,14.26
20181226181048 ,SNGB,KS,HH,44.37,8.11,13.07,2.29,3.69
20181226181048 ,YOW2,KS,EL,45.09,8.14,13.38,1.94,24.42
20181226181048 ,YEYB,KS,HH,45.3,8.1,13.41,2.28,4.5
20181226181048 ,YODB,KS,HH,69.43,12.12,20.22,2.2,4.99
20181226181048 ,ADO2,KS,EL,65.12,11.36,19.07,2.17,32.37
20181226181048 ,ULJ2,KS,HH,57.09,10.09,16.78,2.2,7.97
20181226181048 ,JESA,KS,HG,50.95,9.67,15.87,1.99,10.01
20181226181048 ,ADOA,KS,HG,50.29,8.94,14.77,2.32,4.62
20181226181048 ,IMWB,KS,HH,49.71,9.01,14.71,2.32,11.33
20181231214951 ,HDB,KG,HH,92.24,16.64,27.87,3.35,5.6
20181231214951 ,EUSB,KS,HH,89.75,16.37,27.36,3.4,2.4
20181231214951 ,GCN,KG,HG,92.62,16.68,27.84,3.25,2.48
20181231214951 ,YOCB,KS,HH,89.01,16.15,27.17,3.36,2.72
20181231214951 ,MKL,KG,HH,96.93,17.29,29.13,3.37,3.34
20181231214951 ,DUC,KG,HG,97.96,17.46,29.3,3.24,2.32
20181231214951 ,TBA2,KS,EL,93.68,16.74,27.78,3.31,10.48
20181231214951 ,ADO2,KS,EL,65.83,12.69,20.97,3.14,12.21
20181231214951 ,ADOA,KS,HG,86.58,15.83,26.55,3.43,3.27
20181231214951 ,CGU,KG,HG,86.89,15.78,26.46,3.25,2.74
20181231214951 ,ULJ2,KS,HH,31.16,7.16,11.26,3.16,5.18
20181231214951 ,GGGA,KS,HG,31.99,7.4,11.67,3.23,5.41
20181231214951 ,PHA2,KS,EL,46.61,9.56,15.64,3.28,3.81
20181231214951 ,POHB,KG,EL,58.11,11.58,19.31,3.53,5.08
20181231214951 ,CHS,KG,HH,65.07,12.53,20.6,3.25,4.28
20181231214951 ,YODB,KS,HH,24.56,6.26,9.74,3.2,2.95
20181231214951 ,DKJ,KG,EL,82.11,15.01,25.15,3.13,5.08
20181231214951 ,CHYB,KS,HH,81.51,14.99,24.84,3.24,4.13
20181231214951 ,IMWB,KS,HH,84.11,15.19,25.49,3.24,7.84
20181231214951 ,GGDA,KS,HG,74.72,13.88,23.09,3.25,3.27
20181231214951 ,HAK,KG,EL,69.16,13.09,21.75,3.46,3.53
20181231214951 ,GIGA,KS,HG,66.55,12.55,20.91,3.3,2.56
20190102041227 ,YIN,KG,EL,92.14,16.46,27.35,2.8,4.62
20190102041227 ,WJU2,KS,EL,74.6,13.36,22.2,2.7,12.07
20190102041227 ,CIGB,KS,HH,81.88,14.05,23.87,2.75,3.39
20190102041227 ,HKU,KG,HH,87.29,15.56,25.9,2.65,4.62
20190102041227 ,SNGB,KS,HH,94.65,16.75,27.57,2.77,2.99
20190102041227 ,CEA2,KS,EL,94.66,16.68,27.92,2.62,7.34
20190102041227 ,BURB,KS,HH,72.27,12.98,21.39,2.53,4.43
20190102041227 ,TJN,KG,HH,95.76,16.87,28.19,2.6,5.96
20190102041227 ,CHS,KG,HH,96.09,16.68,28.1,2.8,6.23
20190102041227 ,ULJ2,KS,HH,98.9,17.22,28.8,3,3.93
20190102041227 ,KMC,KG,EL,93.72,16.23,27.23,3.07,3.88
20190102041227 ,BUSA,KS,HG,40.23,7.55,12.16,2.7,4.58
20190102041227 ,YOW2,KS,EL,48.51,9.01,14.63,2.67,6.05
20190102041227 ,JECB,KS,HG,45.54,8.46,13.77,2.65,3.99
20190102041227 ,DNBA,KS,HG,44.55,8.33,13.57,3.03,2.46
20190102041227 ,ADOA,KS,HG,42.43,7.91,12.81,2.84,3.68
20190102041227 ,CHJ2,KS,HH,33.54,6.49,10.21,2.71,5.21
20190102041227 ,YEYB,KS,HH,72.06,12.85,21.2,2.95,4.15
20190102041227 ,YOJB,KS,HH,23.83,4.7,7.32,2.77,8.4
20190102041227 ,DKSA,KS,HG,23.19,4.65,7.25,2.79,3.38
20190102041227 ,MGB,KG,HH,19.49,3.94,6.03,2.77,6.3
20190102041227 ,DGLA,KS,HG,10.85,2.17,3.1,2.94,5.5
20190102041227 ,MGY2,KS,EL,27.6,5.4,8.69,2.85,2.56
20190102041227 ,AGSA,KS,HG,58.09,10.69,17.51,2.9,3.28
20190102041227 ,EUSB,KS,HH,57.96,10.55,17.12,2.79,3.27
20190102041227 ,JSB,KG,HH,69.87,12.6,20.5,2.59,6.3
20190102041227 ,CPR2,KS,EL,68.77,12,20.33,2.72,6.87
20190102041227 ,JNPA,KS,HG,67.57,12.22,20.19,2.65,3.85
20190102041227 ,OKCB,KS,HH,66.67,11.89,19.95,2.9,2.31
20190102041227 ,EMSB,KS,HH,65.99,11.96,19.73,2.8,3.27
20190102041227 ,CHYB,KS,HH,58.13,10.5,17.14,2.75,4.5
20190102041227 ,SND,KG,HH,61.78,11.3,18.34,2.79,3.75
20190102041227 ,GUWB,KS,HH,70.78,12.48,20.66,2.75,2.95
20190108181023 ,DACB,KS,HH,67.07,11.92,20.12,3.45,2.95
20190108181023 ,BRS,KG,HG,73.74,13.04,22.01,3.69,1.67
20190108181023 ,BAR2,KS,HH,80.41,14.12,23.95,3.78,2.14
20190108181023 ,BRN,KG,HG,76.36,13.32,22.39,3.85,1.15
20190109203105 ,BUS2,KS,HH,61.41,11.27,18.51,2.78,9.18
20190109203105 ,GGGA,KS,HG,66.69,12.36,20.46,2.75,5.18
20190109203105 ,CSOA,KS,HG,67.87,12.53,20.82,2.92,3.5
20190109203105 ,JUCA,KS,HG,70.23,12.68,21.05,2.68,7.91
20190109203105 ,GUWB,KS,HH,70.6,12.98,21.37,2.6,5.18
20190109203105 ,JNYA,KS,HG,72.04,12.97,21.56,2.64,8.5
20190109203105 ,ADO2,KS,EL,73.33,13.35,22.25,2.68,32.37
20190109203105 ,YGAA,KS,HG,76.37,13.9,23.15,2.92,3.24
20190109203105 ,EUSB,KS,HH,78.53,14.2,23.87,2.47,13.12
20190109203105 ,YODB,KS,HH,85.19,15.37,25.66,2.9,3.11
20190109203105 ,JNHA,KS,HG,86.01,15.09,25.32,2.95,4.62
20190109203105 ,CGWB,KS,HH,89.82,15.75,26.5,2.61,8.35
20190109203105 ,YALB,KS,HH,91.84,16.07,27.07,2.85,5.45
20190109203105 ,GDDB,KS,HH,95.25,16.59,27.82,2.72,10.54
20190109203105 ,HCNA,KS,HG,97.04,17.15,28.6,2.95,3.68
20190109203105 ,EURB,KS,HH,98.1,17.12,28.92,2.64,6.16
20190109203105 ,MLGA,KS,HG,57.1,10.61,17.28,2.65,8.35
20190109203105 ,GKP1,KG,HH,55.42,10.72,17.38,2.79,21.39
20190109203105 ,DNBA,KS,HG,96.8,17.07,28.68,2.77,3.84
20190109203105 ,DAU,KS,HG,54.5,10.48,17.1,2.74,11.66
20190109203105 ,JEJB,KS,HH,29.32,6.21,9.76,2.79,6.97
20190109203105 ,DAG2,KS,HH,29.26,6.4,10.2,2.74,11.53
20190109203105 ,HDB,KG,HH,21.78,5.04,7.82,2.88,13.66
20190109203105 ,DKJ,KG,EL,21.68,5.25,8.25,2.89,6.87
20190109203105 ,GGDA,KS,HG,20.91,5.14,7.91,2.79,5.57
20190109203105 ,GSNA,KS,HG,20.13,4.96,7.6,2.69,5.71
20190109203105 ,USN2,KS,EL,15.58,4.28,6.42,2.67,19.97
20190109203105 ,BOG,KG,HG,14.03,3.94,5.86,2.74,5.06
20190109203105 ,MKL,KG,HH,12.67,3.75,5.51,2.62,14.34
20190109203105 ,CGU,KG,HG,12.27,3.82,5.62,2.7,6.87
20190109203105 ,GCN,KG,HG,11.92,3.81,5.71,2.62,4.1
20190109203105 ,DUC,KG,HG,11.41,3.61,5.31,2.46,6.23
20190109203105 ,YOCB,KS,HH,32.19,6.94,11.03,2.68,6.91
20190109203105 ,CIGB,KS,HH,79.56,14.38,23.95,2.58,12.07
20190109203105 ,HAK,KG,EL,32.84,7.07,11.3,2.99,3.57
20190109203105 ,MIYA,KS,HG,53.84,10.27,16.76,2.76,4.59
20190109203105 ,CGDA,KS,HG,50.94,9.84,16.16,2.9,3.77
20190109203105 ,PHA2,KS,EL,48.33,9.52,15.65,2.8,8.72
20190109203105 ,HMGA,KS,HG,46.93,9.26,15.1,2.65,4.01
20190109203105 ,CHS,KG,HH,45.67,9.02,14.67,2.6,13.66
20190109203105 ,MAK,KG,EL,47.99,9.09,14.75,2.8,8.16
20190109203105 ,YSB,KG,HH,38.63,7.66,12.31,2.86,3.91
20190109203105 ,GIGA,KS,HG,32.52,6.94,11.03,2.92,3.69
20190109203105 ,UNCA,KS,HG,37.11,7.38,11.85,2.75,5.96
20190109203105 ,POHB,KG,EL,36.21,7.85,12.82,3.07,6.79
20190109203105 ,BBK,KG,EL,33.15,6.85,10.88,2.86,5.96
20190109203105 ,MSNA,KS,HG,33.12,6.92,11.02,2.91,4.56
20190109203105 ,CGD,KG,EL,39.49,7.89,12.65,2.69,8.42
20190113120920 ,TBA2,KS,EL,88.86,16.13,26.93,2.67,9.23
20190113120920 ,CHYB,KS,HH,88.62,15.52,25.86,2.49,5.11
20190113120920 ,TJN,KG,HH,88,15.29,25.61,2.8,4.01
20190113120920 ,SND,KG,HH,79.28,14.01,23.35,2.22,9.48
20190113120920 ,CHC2,KS,HH,85.29,15.01,24.87,2.46,8.84
20190113120920 ,DNBA,KS,HG,83.44,14.52,24.69,2.05,7.17
20190113120920 ,ADOA,KS,HG,85.43,14.85,24.96,2.65,3.06
20190113120920 ,CPR2,KS,EL,89.31,15.49,26.39,2.46,10.42
20190113120920 ,SWO2,KS,EL,89.59,15.7,26.29,2.49,18.05
20190113120920 ,NAMB,KS,HH,93.18,16.26,27.22,2.74,3.26
20190113120920 ,KOJ2,KS,EL,93.45,16.16,27.29,2.32,10.13
20190113120920 ,SNU,KG,HH,99.24,17.34,28.96,2.59,6.52
20190113120920 ,GAPB,KS,HH,99.74,17.36,29.26,2.37,9.37
20190113120920 ,DGY2,KS,HH,99.91,17.42,29.26,2.44,7.91
20190113120920 ,JSB,KG,HG,75.48,13.48,22.36,2.5,4.59
20190113120920 ,YIN,KG,EL,50.44,9.42,15.57,2.37,16.56
20190113120920 ,MGB,KG,HH,50.21,9.16,15.31,2.07,11.1
20190113120920 ,WJU2,KS,EL,45.04,8.58,14.11,2.51,24.77
20190113120920 ,MGY2,KS,HG,43.45,8.13,13.39,2.5,4.43
20190113120920 ,YOW2,KS,EL,51.13,9.36,15.65,2.35,13.08
20190113120920 ,CHJ2,KS,HH,19.55,4.68,7.43,2.24,24.42
20190113120920 ,HOCA,KS,HG,74.47,13.22,21.95,2.24,9.1
20190113120920 ,EMSB,KS,HH,29.49,6.06,9.81,2.43,5.96
20190113120920 ,JECB,KS,HH,29.88,6.19,10.05,2.3,6.83
20190113120920 ,BURB,KS,HH,30.2,6.22,10.04,2.3,7.55
20190113120920 ,DGLA,KS,HG,40.85,7.86,12.95,2.35,6.34
20190113120920 ,DKSA,KS,HG,25.16,5.39,8.79,2.41,7.91
20190113120920 ,JNPA,KS,HG,42.38,8.02,13.19,2.2,6.61
20190113120920 ,BON2,KS,EL,54.59,10,16.66,2.37,13.7
20190113120920 ,YINB,KS,HH,69.15,12.49,20.67,2.49,4.33
20190113120920 ,HKU,KG,HH,68.95,12.27,20.49,2.29,9.1
20190113120920 ,CGIA,KS,HG,66.2,11.93,19.86,2.49,7.93
20190113120920 ,BUSA,KS,HG,65.99,11.89,19.72,2.63,3.92
20190113120920 ,YAPA,KS,HG,65.59,11.76,19.49,2.2,10.69
20190113120920 ,AGSA,KS,HG,16.76,4.31,6.82,2.3,5.93
20190113120920 ,HES,KS,HG,53.73,9.91,16.42,2.42,12.07
20190113120920 ,CGUB,KS,HH,63.54,11.52,19.1,2.45,4.78
20190113120920 ,YOJB,KS,HH,55.68,10.24,17.03,2.48,11.33
20190113120920 ,ICN2,KS,EL,55.52,10.19,16.92,2.25,32.37
20190113120920 ,CEA2,KS,EL,64.57,11.6,19.22,2.24,16
20190117123402 ,NLDA,KS,HG,67.96,12.73,21,2.2,5.5
20190117123402 ,BOSB,KS,HH,99.28,17.51,29.53,2.44,4.5
20190117123402 ,GMDB,KS,HH,34.13,7.29,11.6,2.35,6.73
20190117123402 ,YNDB,KS,HH,57.97,10.95,17.98,2.34,20.91
20190117123402 ,YESA,KS,HG,89.95,16.12,26.83,2.61,4.42
20190117123402 ,WAN2,KS,EL,99.11,17.78,29.69,2.65,16.42
20190117123402 ,CSDB,KS,HH,72.73,13.43,22.28,2.35,5.02
20190131105745 ,YOCB,KS,HH,89.01,15.56,26.36,2.35,4.2
20190131105745 ,EUSB,KS,HH,89.75,15.65,26.58,2.16,5.5
20190131105745 ,HDB,KG,HH,92.24,15.85,27.03,2.65,4.85
20190131105745 ,TBA2,KS,EL,93.68,15.95,26.97,2.47,12.89
20190131105745 ,DKJ,KG,EL,82.11,14.29,24.3,2.34,4.67
20190131105745 ,YODB,KS,HH,24.56,5.42,8.91,2.15,5.03
20190131105745 ,ULJ2,KS,HH,31.16,6.35,10.45,2.43,3.8
20190131105745 ,GGGA,KS,HG,31.99,6.56,10.82,2.49,3.48
20190131105745 ,PHA2,KS,EL,46.61,8.79,14.86,2.46,4.06
20190131105745 ,YEYB,KS,HH,53.22,9.81,16.52,2.32,3.48
20190131105745 ,CSOA,KS,HG,54.79,10.22,17.24,2.39,4.23
20190131105745 ,CHYB,KS,HH,81.51,14.21,24.06,2.37,5.52
20190131105745 ,GGDA,KS,HG,74.72,13.13,22.25,2.5,3.23
20190131105745 ,GIGA,KS,HG,66.55,11.82,20.08,2.35,3.31
20190131105745 ,ADO2,KS,EL,65.83,11.88,20.18,2.43,10.48
20190131105745 ,CHS,KG,HH,65.07,11.71,19.78,2.54,4.58
20190210035338 ,BOG,KG,HG,81.26,14.19,23.81,3.8,1.91
20190210035338 ,YEYB,KS,HH,89.84,15.5,26.04,3.93,2.21
20190210035338 ,USN2,KS,EL,87.13,15.16,25.48,3.76,3.95
20190210035338 ,ADO2,KS,EL,90.47,15.6,26.22,4.02,4.26
20190210035338 ,GSNA,KS,HG,92.34,15.93,26.78,3.94,2.2
20190210035338 ,UNCA,KS,HG,97.64,16.8,28.41,3.9,1.84
20190210035338 ,HAK,KG,HG,45.29,8.78,14.52,4.13,1.56
20190210035338 ,GCN,KG,HG,79.32,13.9,23.37,3.7,2.39
20190210035338 ,PHA2,KS,EL,48.78,9.18,15.04,3.73,2.82
20190210035338 ,HMGA,KS,HG,32.98,6.63,10.7,3.68,2.57
20190210035338 ,CSOA,KS,HG,78.08,13.62,22.83,3.91,2.03
20190210035338 ,YOCB,KS,HH,88.43,15.3,27.85,3.84,1.79
20190210035338 ,BBK,KG,EL,77.48,13.61,22.95,4.1,1.93
20190210035338 ,POHB,KG,EL,51.05,9.71,16.32,4.01,3.18
20190210035338 ,GGGA,KS,HG,52.02,9.68,15.71,3.5,3.91
20190210035338 ,HCH,KG,HH,55.21,10.29,17.3,3.82,2.97
20190210035338 ,YODB,KS,HH,61.27,10.87,18.09,3.64,2.56
20190210035338 ,GGDA,KS,HG,63.58,11.47,19.06,3.7,2.67
20190210035338 ,GIGA,KS,HG,64.65,11.53,19.25,3.7,2.86
20190210035338 ,HDB,KG,HH,66.29,11.93,19.97,3.85,3.87
20190210035338 ,SIG,KG,HG,68.22,12.24,20.5,3.7,2.39
20190210035338 ,JEJB,KS,HG,71.93,12.84,21.52,4,1.58
20190210035338 ,CGU,KG,HG,68.97,12.34,20.59,3.53,3.4
20190210035338 ,MKL,KG,HH,76.75,13.53,22.68,3.7,3.9
20190210035338 ,DKJ,KG,EL,75.77,13.37,22.4,3.6,4.5
20190210035338 ,CHS,KG,HH,73.76,13.05,21.65,3.76,3.41
20190210035338 ,ULJ2,KS,HH,75.24,13.21,22.1,3.8,2.49
20190210051238 ,YOCB,KS,HH,84.08,15.38,25.73,2.7,3.03
20190210051238 ,YEYB,KS,HH,86.24,15.56,26.04,2.79,3.92
20190210051238 ,GSNA,KS,HG,88.45,16.05,26.88,2.8,4.06
20190210051238 ,DAG2,KS,HH,96.83,17.42,29.25,2.84,4.58
20190210051238 ,GCN,KG,HG,75.44,14.03,23.45,2.52,4.88
20190210051238 ,ADO2,KS,EL,86.24,15.75,26.29,2.85,12.07
20190210051238 ,HCH,KG,HH,50.85,10.36,17.33,2.5,8.52
20190210051238 ,CSOA,KS,HG,73.88,13.72,22.89,2.68,5.11
20190210051238 ,HAK,KG,HG,41.82,8.85,14.58,2.8,4.33
20190210051238 ,PHA2,KS,EL,44.41,9.25,15.07,2.35,14.51
20190210051238 ,POHB,KG,HG,46.72,9.73,16.22,2.79,3.92
20190210051238 ,GGGA,KS,HG,48.11,9.73,15.78,2.5,7.25
20190210051238 ,YODB,KS,HH,58.13,10.94,18.14,2.48,5.44
20190210051238 ,GIGA,KS,HG,60.27,11.6,19.28,1.9,18.9
20190210051238 ,BBK,KG,EL,75.14,13.7,23.07,2.79,5.35
20190210051238 ,HDB,KG,HH,63.31,12.04,20.01,2.74,8.95
20190210051238 ,CGU,KG,HG,65.31,12.42,20.67,2.28,10.07
20190210051238 ,CHS,KG,HH,69.31,13.11,21.73,2.66,5.88
20190210051238 ,JEJB,KS,HG,69.43,12.99,21.57,3.03,1.93
20190210051238 ,DKJ,KG,EL,71.55,13.44,22.42,2.53,9.13
20190210051238 ,ULJ2,KS,HH,72.7,13.25,22.22,2.57,8
20190210051238 ,MKL,KG,HH,73.32,13.58,22.77,2.67,6.81
20190210051238 ,SIG,KG,HG,64.86,10.1,20.58,2.65,4.23
20190210051238 ,HMGA,KS,HG,28.94,6.69,10.74,2.5,4.7
20190217131901 ,UDO,KS,HH,71.1,12.59,21.44,2.8,3.94
20190217131901 ,GOS2,KS,EL,10.86,2.75,4.42,2.75,16
20190217131901 ,HALB,KS,HH,16.13,3.81,5.91,3.11,2
20190217131901 ,MRD,KG,HH,21.73,4.27,7.1,2.75,5.96
20190217131901 ,JJB,KG,HH,43,8.16,13.53,2.95,2.6
20190217131901 ,SGP2,KS,HH,25.44,5.04,7.95,3.1,3.13
20190217131901 ,JJU2,KS,HH,33.16,6.59,11.05,2.83,5.52
20190217203310 ,KMC,KG,EL,92.28,15.72,26.88,2.8,5.58
20190217203310 ,ULJ2,KS,HH,89.79,15.43,26.23,2.98,2.96
20190217203310 ,CEJA,KS,HG,87.68,15.22,25.88,2.95,4.06
20190217203310 ,CHS,KG,HH,85.86,14.68,25,2.85,5.18
20190217203310 ,WJU2,KS,EL,82.84,14.6,24.51,2.72,14.06
20190217203310 ,BURB,KS,HH,82.42,14.44,24.03,2.93,2.4
20190217203310 ,JNPA,KS,HG,76.84,13.45,22.8,2.83,4.02
20190217203310 ,YODB,KS,HH,92.31,15.8,26.87,2.86,2.95
20190217203310 ,SNGB,KS,HH,92.49,16.22,27.05,2.81,3.48
20190217203310 ,PYCA,KS,HG,94.02,16.45,27.66,2.95,5.22
20190217203310 ,GKP2,KG,HH,94.25,16.03,27.13,2.8,3.48
20190217203310 ,EMSB,KS,HH,76.23,13.53,22.5,3.04,2.88
20190217203310 ,HKU,KG,HH,95.17,16.44,27.88,2.86,3.91
20190217203310 ,YOCB,KS,HH,96.2,16.3,27.92,2.95,2.81
20190217203310 ,GGGA,KS,HG,96.82,16.52,28.17,2.92,2.67
20190217203310 ,CGIA,KS,HG,98.89,17.13,29.01,2.88,2.95
20190217203310 ,DGLA,KS,HG,17.79,4.75,7.59,2.71,5.18
20190217203310 ,CHYB,KS,HH,52.38,9.74,16.05,2.5,13.78
20190217203310 ,YOW2,KS,EL,52.32,9.67,16.11,2.8,7.13
20190217203310 ,EUSB,KS,HH,48.51,9.11,14.97,2.47,7.01
20190217203310 ,MGB,KG,HH,21.98,5.14,8.32,2.53,11.3
20190217203310 ,ADOA,KS,HG,32.31,6.69,10.92,2.75,4.97
20190217203310 ,DKSA,KS,HG,32.8,6.73,10.86,2.84,4.16
20190217203310 ,MGY2,KS,EL,33.59,6.74,10.96,2.67,4.16
20190217203310 ,BUSA,KS,HG,37.8,7.49,12.3,2.71,5.96
20190217203310 ,DNBA,KS,HG,37.93,7.42,12.21,2.78,2.69
20190217203310 ,CHJ2,KS,HH,43.55,8.33,13.62,2.77,6.34
20190217203310 ,CIGB,KS,HH,76.17,13.12,22.22,2.58,5.7
20190217203310 ,JECB,KS,HH,53.36,9.86,16.4,2.64,4.1
20190217203310 ,ADO2,KS,EL,59.95,10.87,18.14,2.54,32.37
20190217203310 ,CSOA,KS,HG,71.52,12.65,21.35,2.93,3.04
20190217203310 ,BON2,KS,EL,58.81,10.67,17.99,2.5,15.15
20190217203310 ,JSB,KG,HH,71.17,12.84,21.23,2.8,5.02
20190217203310 ,OKCB,KS,HH,69.73,12.31,20.58,2.55,6.28
20190217203310 ,CPR2,KS,EL,68.61,11.99,20.41,2.57,12.07
20190217203310 ,AGSA,KS,HG,68.4,12.38,20.35,2.82,4.19
20190217203310 ,GUWB,KS,HH,62.78,11.16,18.64,2.41,6.1
20190217203310 ,GWL,KS,HG,66.16,12.08,20.07,2.8,4.51
20190217203310 ,SND,KG,HH,60.22,11.13,18.36,2.8,4.43
20190217203310 ,YEYB,KS,HH,62.32,11.32,18.78,2.76,4.15
20190220131447 ,SES2,KS,HH,91.24,16.34,27.34,3.28,5.55
20190220131447 ,PORA,KS,HG,97.33,17.26,29.15,3.19,4.5
20190220131447 ,OYDB,KS,HH,61.14,11.36,18.98,3.09,5.47
20190220131447 ,ECDB,KS,HH,62,11.47,19.04,2.95,8.97
20190220131447 ,ANMA,KS,HG,75.07,13.74,22.71,3.19,2.95
20190220131447 ,TANB,KS,HH,60.49,11.32,18.81,2.84,7.91
20190225003034 ,TOHA,KS,HG,82.82,14.7,24.54,3.15,3.16
20190225003034 ,POHB,KG,EL,82.71,14.54,24.21,3.36,2.99
20190225003034 ,DKSA,KS,HG,80.92,14.35,23.88,3.33,3.17
20190225003034 ,GIGA,KS,HG,79.9,13.33,23.36,3.25,2.23
20190225003034 ,GUWB,KS,HH,76.83,13.4,22.51,3.12,3.57
20190225003034 ,HCH,KG,HH,81.14,14.16,24.25,3.4,2.48
20190225003034 ,JECB,KS,HH,86.63,15.28,25.41,3.25,2.48
20190225003034 ,CHJ2,KS,HH,95.36,16.78,27.81,2.1,12.07
20190225003034 ,POSB,KG,HH,86.96,14.82,25.24,3.1,3.08
20190225003034 ,MGY2,KS,EL,88.12,15.29,25.62,3.25,2.86
20190225003034 ,DKJ,KG,EL,92.17,15.6,26.55,3.18,4.3
20190225003034 ,GGDA,KS,HG,93.72,15.93,27.03,3.4,2.36
20190225003034 ,OKEB,KS,HH,95.06,16.54,27.77,2.8,6.46
20190225003034 ,MGB,KG,HH,74.93,13.23,21.96,2.91,5.03
20190225003034 ,YOCB,KS,HH,88.83,15.11,25.64,3.25,2.54
20190225003034 ,YODB,KS,HH,44.06,7.91,13.06,3.1,2.66
20190225003034 ,CSOA,KS,HG,43.86,7.84,13.09,3.22,2.9
20190225003034 ,ADO2,KS,EL,41.6,7.47,12.47,2.98,10.48
20190225003034 ,BUSA,KS,HG,41.49,7.85,12.85,3.04,5.18
20190225003034 ,ADOA,KS,HG,38.01,7.07,11.6,3.1,3.83
20190225003034 ,ULJ2,KS,HH,36.05,6.65,10.9,2.95,4.43
20190225003034 ,CHYB,KS,HH,24.06,4.87,7.75,3.09,2.77
20190225003034 ,YEYB,KS,HH,19.63,3.91,6.14,3.24,2.87
20190225003034 ,TBA2,KS,EL,41.2,7.85,12.64,3.08,8.82
20190225003034 ,YOJB,KS,HH,48.23,9.02,14.79,2.98,7.97
20190225003034 ,DES,KG,HH,73.91,12.89,21.92,3.25,3.81
20190225003034 ,SND,KG,HH,48.48,9.17,14.93,3.05,4.5
20190225003034 ,SNGB,KS,HH,64.95,11.68,19.39,3.29,2.65
20190225003034 ,CHS,KG,HH,66.31,11.58,19.26,3.06,5.96
20190225003034 ,JSB,KG,HH,68.42,12.35,20.3,2.78,5.13
20190225003034 ,DGLA,KS,HG,68.57,12.43,20.47,3.15,4.5
20190225003034 ,YOW2,KS,EL,69.18,12.42,20.56,2.99,8.47
20190225003034 ,PHA2,KS,EL,71.65,12.53,21.13,3.15,4.14
20190225003034 ,DNBA,KS,HG,69.08,12.3,20.37,3.1,2.7
20190225003034 ,IMWB,KS,HG,59.73,10.76,17.87,3.1,4.01
20190225003034 ,EUSB,KS,HH,56.06,9.94,16.53,3.05,4.4
20190225003034 ,GGGA,KS,HG,56.35,9.95,16.79,3.1,2.72
20190225003034 ,GWL,KS,HG,52.82,9.86,16.12,3.05,3.91
20190227122235 ,BRS,KG,HG,68.28,12.17,20.14,2.35,5.05
20190227122235 ,DACB,KS,HH,58.83,10.55,17.48,2.5,3.6
20190227122235 ,BAR2,KS,HH,74.75,13.21,21.94,2.59,3.91
20190227122235 ,YPD,KG,EL,93.9,16.52,27.58,2.65,6.34
20190227122235 ,BRN,KG,HG,74.64,13.17,21.85,2.5,3.15
20190227122235 ,YPDB,KS,HH,92.53,16.16,27.04,2.8,2.08
20190309060645 ,AGSA,KS,HG,88.04,14.81,24.98,2.79,4.83
20190309060645 ,WJU2,KS,HG,88.98,14.88,25.18,2.59,32.37
20190309060645 ,CHS,KG,HH,78.46,13.48,22.82,2.47,5.66
20190309060645 ,GUWB,KS,HH,72.63,12.41,21.18,2.55,4.5
20190309060645 ,BURB,KS,HH,99.06,16.57,27.88,2.68,5.18
20190309060645 ,OKEB,KS,HG,92.16,15.52,26.03,2.65,4.41
20190309060645 ,CIGB,KS,HH,92.58,15.36,26.47,2.68,3.49
20190309060645 ,CPR2,KS,EL,95.54,15.9,27.37,2.55,9.1
20190309060645 ,YOCB,KS,HH,96.14,16.01,27.82,2.69,3.07
20190309060645 ,DGY2,KS,HH,97.24,16.08,27.31,2.5,5.58
20190309060645 ,CGIA,KS,HG,99.41,16.52,28.2,2.53,6.1
20190309060645 ,DES,KG,HH,91.18,15.5,26.89,2.77,4.13
20190309060645 ,YOW2,KS,EL,47.93,8.16,13.76,2.38,16
20190309060645 ,GWL,KS,HG,44.88,7.83,13.14,2.67,5.84
20190309060645 ,DGLA,KS,HG,42.33,7.52,12.69,2.74,4.5
20190309060645 ,YEYB,KS,HH,39.88,7.23,12.15,2.55,4.74
20190309060645 ,SND,KG,HH,38.97,6.95,11.5,2.56,9.1
20190309060645 ,TBA2,KS,EL,38.31,7.17,11.93,2.6,6.87
20190309060645 ,ADOA,KS,HG,29.32,5.6,9.28,2.56,5.58
20190309060645 ,CHYB,KS,HH,23.66,4.48,7.42,2.74,2.46
20190309060645 ,YOJB,KS,HH,22.26,4.31,7.15,3.03,5.96
20190309060645 ,BUSA,KS,HG,21.21,4.05,6.72,2.47,6.19
20190309060645 ,CHJ2,KS,HH,68.35,11.58,19.46,2.6,10.24
20190309060645 ,SNGB,KS,HH,67.21,11.51,19.25,2.73,2.95
20190309060645 ,ULJ2,KS,HH,62.78,10.93,18.5,2.95,2.58
20190309060645 ,JECB,KS,HH,61.58,10.37,17.51,2.46,7.91
20190309060645 ,CSOA,KS,HG,58.41,10.22,17.39,2.77,2.29
20190309060645 ,JSB,KG,HH,55.92,9.51,15.92,2.45,8.74
20190309060645 ,DNBA,KS,HG,55.67,9.64,16.34,2.64,3.48
20190309060645 ,DKSA,KS,HG,53.89,9.21,15.57,2.75,5.96
20190309060645 ,MGB,KG,HH,51.15,8.81,14.94,2.38,9.31
20190309060645 ,EUSB,KS,HH,52.57,9.28,15.61,2.58,4.45
20190310192700 ,CSDB,KS,HH,91.75,16.18,26.9,2.17,4.06
20190310192700 ,GOS2,KS,EL,27.93,5.4,9.08,1.86,13.89
20190310192700 ,SGP2,KS,HH,27.07,5.44,8.78,2.1,6.87
20190310192700 ,JJU2,KS,HH,17.47,4.13,6.33,2.25,7.19
20190310192700 ,HALB,KS,HH,17.19,3.49,5.46,1.45,18.9
20190310192700 ,JODB,KS,HH,99.49,17.14,28.69,2.13,7.82
20190313032020 ,UDO,KS,HH,15.7,3.16,5.21,2.35,6.3
20190313032020 ,GOS2,KS,HG,77.24,13.22,22.8,2.65,4.17
20190313032020 ,WAN2,KS,EL,88.1,15.35,26.23,2.5,32.37
20190313032020 ,BGD,KG,HH,68.58,12.34,20.83,2.31,9.1
20190313032020 ,CSDB,KS,HH,61.99,11.03,18.72,2.19,7.25
20190313032020 ,GMDB,KS,HH,57.25,10.05,17.04,1.96,16
20190313032020 ,JJU2,KS,HH,43.19,7.97,13.33,2.57,6.17
20190313032020 ,SGP2,KS,HH,58.37,10.2,17.22,2.5,6.61
20190317102800 ,YOJB,KS,HH,83.26,15.17,24.94,2.71,14.38
20190317102800 ,AGSA,KS,HG,84.2,15.31,25.02,2.81,4.46
20190317102800 ,GKP2,KG,HH,83.57,15.18,25.05,2.62,6.41
20190317102800 ,MALA,KS,HG,81.74,14.83,24.48,2.7,5.39
20190317102800 ,KCH2,KS,EL,81.29,14.88,24.38,2.74,13.35
20190317102800 ,ADOA,KS,HG,79.46,14.58,23.77,2.63,5.13
20190317102800 ,DAU,KS,HG,84.78,15.45,25.53,2.68,8.92
20190317102800 ,JASA,KS,HG,82.69,15.1,24.77,2.79,6.12
20190317102800 ,ISGB,KS,HH,92.88,16.64,27.79,2.76,5.79
20190317102800 ,YUGA,KS,HG,86.25,15.87,25.75,2.8,5.25
20190317102800 ,CHO,KS,HG,86.95,15.89,26.29,2.59,7.91
20190317102800 ,HCNA,KS,HG,90.68,16.42,27.01,1.9,16.32
20190317102800 ,HAMB,KS,HH,93.16,16.74,27.46,2.82,4.74
20190317102800 ,JECB,KS,HH,95.97,17.23,28.51,2.76,5.44
20190317102800 ,NPR,KG,HH,96.57,17.3,28.96,2.67,11.49
20190317102800 ,ADO2,KS,EL,97.65,17.4,28.81,2.6,15.91
20190317102800 ,CGYA,KS,HG,98.87,17.75,29.28,2.73,5.03
20190317102800 ,BUYB,KS,HH,86.18,15.6,25.53,2.71,6.24
20190317102800 ,YALB,KS,HH,74.58,13.77,22.49,2.5,9.23
20190317102800 ,EMSB,KS,HH,74.37,13.79,22.37,2.55,9.16
20190317102800 ,DUSB,KS,HH,51.21,9.98,15.86,2.85,4.58
20190317102800 ,TJN,KG,HH,46.71,9.25,14.7,2.77,6.16
20190317102800 ,MGB,KG,HH,46.52,9.14,14.72,2.53,26.78
20190317102800 ,TEJ2,KS,HG,45.99,9.16,14.52,2.88,9.1
20190317102800 ,KMC,KG,EL,41.31,8.37,13.18,2.74,10.48
20190317102800 ,MGY2,KS,EL,40.06,8.14,13.08,2.61,11.46
20190317102800 ,BON2,KS,EL,25.99,5.98,9.15,2.71,12.07
20190317102800 ,CPR2,KS,EL,18.93,4.88,7.31,2.6,10.48
20190317102800 ,OKCB,KS,HH,12.12,3.76,5.42,2.46,5.96
20190317102800 ,DNBA,KS,HG,51.41,10.08,16.22,3.04,2.1
20190317102800 ,CEJA,KS,HG,51.85,10.1,16.23,2.56,8
20190317102800 ,HKU,KG,HH,55.55,10.76,17.3,2.83,5.81
20190317102800 ,DGHA,KS,HG,62.95,11.84,19.23,2.94,3.5
20190317102800 ,KOJ2,KS,EL,67.41,12.62,20.41,2.59,10.13
20190317102800 ,GUWB,KS,HG,68.03,12.7,20.83,2.7,3.7
20190317102800 ,DKSA,KS,HG,68.04,12.76,20.71,2.64,11.62
20190317102800 ,JEO2,KS,HH,69.21,12.85,21.03,2.52,10.33
20190317102800 ,YGAA,KS,HG,70.78,13.25,21.6,2.71,4.74
20190317102800 ,EUSB,KS,HH,74.19,13.65,22.33,2.54,6.87
20190317102800 ,CHJ2,KS,HH,60.72,11.46,18.62,2.51,16.42
20190317102800 ,JNPA,KS,HG,58.45,11.18,17.96,2.44,7.91
20190317102800 ,CIGB,KS,HH,57.65,11,17.78,2.65,5.38
20190317102800 ,BLGA,KS,HG,56.5,10.71,17.44,2.35,13.7
20190318203106 ,GSGA,KS,HG,90.67,16.5,27.65,2.65,3.9
20190318203106 ,DDCA,KS,HG,94.54,17.04,28.48,2.65,3.56
20190318203106 ,DEI2,KS,HH,84.82,15.52,25.85,2.64,7.57
20190318203106 ,GMPB,KS,HH,72.84,13.42,22.35,2.52,4.49
20190318203106 ,YC2B,KS,HH,81.97,14.73,24.27,2.44,5.5
20190318203106 ,MUS2,KS,EL,69.42,12.83,21.22,2.59,11.33
20190318203106 ,KIP,KG,HH,63.62,11.98,19.88,2.69,14.06
20190318203106 ,GH2B,KS,HH,52.63,10.14,16.6,2.5,4.78
20190318203106 ,YPDB,KS,HH,52.37,9.98,16.4,2.6,4.7
20190318203106 ,YPD,KG,EL,47.93,9.3,15.22,2.6,7.91
20190318203106 ,GODA,KS,HG,36.83,7.44,12.03,2.56,4.04
20190320221335 ,YPDB,KS,HH,46.47,8.87,14.53,2.57,6.91
20190320221335 ,YPD,KG,EL,46.57,8.9,14.57,2.57,12.14
20190320221335 ,DACB,KS,HH,53.86,9.53,16,2.67,3.59
20190320221335 ,BAR2,KS,HH,63.84,11.5,19.15,2.83,2.65
20190320221335 ,DEI2,KS,HH,87.52,15.49,26.48,2.68,9.87
20190328072156 ,PYSB,KS,HH,33.23,6.74,10.67,2.37,5.13
20190328072156 ,UDO,KS,HH,14.76,3.88,5.93,2.48,4.06
20190328072156 ,GUJA,KS,HG,21.67,5.08,7.83,2.4,5.18
20190328072156 ,KKDA,KS,HG,94.74,16.71,28.04,2.66,3.92
20190328072156 ,WAN2,KS,HG,89.39,16.13,26.95,2.55,19.62
20190328072156 ,GOS2,KS,EL,77.54,13.68,23.36,2.77,3.26
20190328072156 ,CHDA,KS,HG,74.84,13.59,22.59,2.3,8.4
20190328072156 ,BGD,KG,HH,69.99,13.05,21.54,2.33,9.23
20190328072156 ,CSDB,KS,HG,63.14,11.79,19.48,2.36,7.23
20190328072156 ,GMDB,KS,HH,57.61,10.74,17.78,1.95,13.89
20190328072156 ,JJU2,KS,HH,43.41,8.71,14.01,2.55,5.96
20190328072156 ,YSDA,KS,HG,41.91,8.48,13.71,2.35,6.65
20190328072156 ,JJB,KG,HH,33.9,7.15,11.29,1.9,7.7
20190419021643 ,GWLA,KS,HG,97.5,17.04,28.61,4.14,2.02
20190419021643 ,JSB,KG,HH,98.51,17.16,28.74,4.11,3.04
20190419021643 ,GLCA,KS,HG,90.25,15.66,27.5,4.12,3.77
20190419021643 ,DGY2,KS,HH,79.75,14.42,24.05,4.17,3.4
20190419021643 ,YAYA,KS,HG,87.95,15.31,26.61,3.99,3.21
20190419021643 ,TOHA,KS,HG,56.23,11.02,18.12,4.13,2.49
20190419021643 ,GAGA,KS,HG,89.93,15.75,26.94,4.13,1.55
20190419021643 ,OKEB,KS,HH,57.97,11.21,18.49,4.04,2.79
20190419021643 ,KAWA,KS,HG,61.72,11.82,19.62,4.19,2.82
20190419021643 ,JMJ2,KS,EL,69.68,12.78,21.5,6.49,0.2
20190419021643 ,IMWB,KS,HH,74.06,13.4,22.41,4.17,1.43
20190419021643 ,YAYB,KS,HH,74.12,13.15,23.21,4.08,2.56
20190419021643 ,LMGA,KS,HG,74.26,13.76,22.92,4.19,2.71
20190419021643 ,SNGB,KS,HH,72.19,13.4,22.01,4.18,2.06
20190421204519 ,JUC,KG,HG,92.46,16.04,27.79,4.1,1.07
20190421204519 ,TOHA,KS,HG,94.13,15.88,27.71,3.98,1.47
20190421204519 ,SND,KG,HH,95.49,16.55,28.31,4.04,1.94
20190421204519 ,POHB,KG,EL,96.11,16.9,29.05,3.99,2.28
20190421204519 ,GWLA,KS,HG,96.3,16.72,28.75,4.1,1.32
20190421204519 ,HCH,KG,HH,97.83,16.81,29.35,4,2.13
20190421204519 ,CHS,KG,HH,99.2,17.02,29.22,3.88,2.48
20190421204519 ,ADO2,KS,EL,91.46,15.98,27.25,3.95,3.77
20190421204519 ,DES,KG,HH,90.99,15.82,27.26,3.86,3.1
20190421204519 ,SKBA,KS,HG,67.78,12.18,20.69,3.89,1.71
20190421204519 ,HMGA,KS,HG,90.03,15.55,26.69,3.88,1.2
20190421204519 ,UJNA,KS,HG,38.75,7.66,12.87,3.87,2.08
20190421204519 ,ULJ2,KS,HH,40.37,8,13.31,3.95,2.22
20190421204519 ,YODB,KS,HH,51.31,9.65,16.24,3.95,1.46
20190421204519 ,GGSA,KS,HG,58.62,10.93,18.39,3.86,2.26
20190421204519 ,IMWB,KS,HH,59.32,10.61,18.09,3.83,1.85
20190421204519 ,GAGA,KS,HG,64.43,11.45,19.66,3.83,2
20190421204519 ,YEYB,KS,HH,69.45,12.54,21.25,3.92,2.03
20190421204519 ,GGGA,KS,HG,66.89,11.94,20.32,3.74,2.73
20190421204519 ,JKJA,KS,HG,86.86,15.29,26.15,3.9,2.27
20190421204519 ,YEAB,KS,HH,85.02,15,25.53,4.03,1.76
20190421204519 ,JAEA,KS,HG,73.22,13.11,22.21,4,1.66
20190421204519 ,TBA2,KS,EL,84.41,14.3,24.55,3.96,4.51
20190421204519 ,PHA2,KS,EL,84.01,14.69,25.22,3.89,2.12
20190421204519 ,SNGB,KS,HH,83.91,14.42,24.79,3.98,1.63
20190421204519 ,CSOA,KS,HG,83.26,14.65,24.91,4,1.98
20190421204519 ,CHYB,KS,HH,80.1,14.25,24,4.03,2.27
20190426161006 ,HTDA,KS,HG,99.38,17.16,29.15,2.37,4.41
20190426161006 ,HANB,KS,HH,96.07,16.84,28.38,2.25,5.42
20190426161006 ,GGDB,KS,HH,94.26,16.3,27.47,2.25,9.1
20190426161006 ,HEDA,KS,HG,91.24,16,27.23,2.13,10.48
20190426161006 ,JDO2,KS,EL,79.4,14.18,24.01,2.98,32.37
20190426161006 ,JODB,KS,HH,58.86,11,18.26,1.85,16
20190426161006 ,BGD,KG,HH,60.19,11.33,18.75,2.12,12.07
20190426161006 ,MJDB,KS,HH,74.39,13.26,22.28,2.17,7.01
20190426161006 ,JJU2,KS,HH,59.1,11.25,18.4,2.5,6.81
20190426161006 ,GUJA,KS,HG,67.5,12.44,20.8,2.05,8.11
20190426161006 ,CSDB,KS,HH,86.69,15.44,25.79,2.05,6.43
20190426161006 ,WAN2,KS,EL,88.35,15.88,26.59,2.47,28.12
20190505075704 ,HDB,KG,HH,92.31,15.38,26.38,2.42,4.68
20190505075704 ,GCN,KG,HG,89.63,15.07,25.86,2.77,3.08
20190505075704 ,CGU,KG,HG,85.22,14.36,24.67,2.48,6.48
20190505075704 ,SND,KG,HH,94.76,16.5,27.97,2.54,6.46
20190505075704 ,MKL,KG,HH,95.4,15.88,27.4,2.7,5.33
20190505075704 ,SNGB,KS,HH,97.71,16.82,28.57,2.6,2.91
20190505075704 ,GWLA,KS,HG,98.62,17.02,28.95,2.65,3.96
20190505075704 ,BOG,KG,HG,99.33,16.55,28.39,2.79,2.86
20190505075704 ,YEYB,KS,HH,42.49,8.05,13.66,2.95,2
20190505075704 ,DES,KG,HH,50.19,9.01,15.59,2.65,7.66
20190505075704 ,UJNA,KS,HG,51.38,9.22,15.56,2.5,4.43
20190505075704 ,PGEA,KS,HG,79.82,13.89,23.65,2.64,4.62
20190505075704 ,HCH,KG,HH,57.21,10.04,17.71,2.82,5.61
20190505075704 ,DKJ,KG,EL,77.99,13.28,22.82,2.52,7.88
20190505075704 ,ADOA,KS,HG,75.82,12.56,22.83,2.95,2.19
20190505075704 ,GGDA,KS,HG,72.12,12.34,21.21,2.8,3.44
20190505075704 ,GIGA,KS,HG,62.33,10.78,18.54,2.71,3.39
20190505075704 ,YEAB,KS,HH,60.52,10.82,18.49,2.55,4.74
20190505075704 ,CHS,KG,HH,58.48,10.38,17.73,2.68,6.21
20190505075704 ,POSB,KG,HH,62.5,10.76,18.42,2.24,7.91
20190510070558 ,PGEA,KS,HG,88.07,15.13,25.47,2.73,3.39
20190510070558 ,EUSB,KS,HH,88.79,15.23,25.78,2.48,5.25
20190510070558 ,CGU,KG,HG,89.23,15.32,25.68,2.3,5.9
20190510070558 ,YOCB,KS,HH,90.09,15.2,25.84,2.5,4.28
20190510070558 ,BUSA,KS,HG,99.52,17.05,28.9,2.8,3.42
20190510070558 ,HDB,KG,HH,95.02,15.88,27.04,2.47,3.04
20190510070558 ,MKL,KG,HH,99.33,16.68,28.42,2.75,3.19
20190510070558 ,ADOA,KS,HG,84.67,14.57,24.74,2.77,3.24
20190510070558 ,TBA2,KS,HG,90.09,15.35,26.12,2.74,7.68
20190510070558 ,JAEA,KS,HG,64.67,11.4,19.16,2.32,5.86
20190510070558 ,CHYB,KS,HH,78.19,13.56,22.87,2.3,8.95
20190510070558 ,YODB,KS,HH,23.12,4.67,7.6,2.4,7.91
20190510070558 ,ULJ2,KS,HH,27.88,5.52,9.09,2.47,8.3
20190510070558 ,SKBA,KS,HG,42.68,7.8,13.05,2.5,3.79
20190510070558 ,PHA2,KS,EL,48.4,8.69,14.53,2.35,7.88
20190510070558 ,YEYB,KS,HH,50.91,9.13,15.32,2.64,3.6
20190510070558 ,JKJA,KS,HG,52.89,9.45,15.87,2.59,3.67
20190510070558 ,UJNA,KS,HG,53.04,9.5,16.1,2.33,5.84
20190510070558 ,CSOA,KS,HG,54.18,9.66,16.23,2.32,6.75
20190510070558 ,DKJ,KG,EL,83.72,14.13,24.05,2.49,4.9
20190510070558 ,GGDA,KS,HG,76.77,13.13,22.12,2.65,3.46
20190510070558 ,GAGA,KS,HG,76.62,13.23,22.49,2.35,5.35
20190510070558 ,HAK,KG,HG,72.06,12.33,21.29,2.5,7.05
20190510070558 ,DES,KG,HH,55.46,9.8,16.67,2.5,8.72
20190510070558 ,YEAB,KS,HH,69,12,20.25,2.41,4.52
20190510070558 ,POSB,KG,HH,66.98,11.58,19.35,2.28,6.87
20190510070558 ,ADO2,KS,EL,64.85,11.39,19.24,2.35,32.37
20190510070558 ,GGSA,KS,HG,60.31,10.82,18.06,2.65,4.41
20190513145038 ,CHDA,KS,HG,99.14,17.17,29.17,2.67,7.57
20190513145038 ,MRD,KG,HH,88.71,15.7,26.35,2.65,8.57
20190513145038 ,GOS2,KS,HG,90.47,16,27.38,2.78,6.6
20190513145038 ,GMDB,KS,HH,78.06,13.97,23.44,2.45,9.1
20190513145038 ,YSDA,KS,HG,74.97,13.38,22.59,2.71,7.91
20190513145038 ,SGP2,KS,HH,64.15,11.88,19.75,2.65,7.09
20190513145038 ,JJU2,KS,HH,59.54,11.38,18.77,2.67,8.42
20190513145038 ,HALB,KS,HH,84.26,15.21,25.48,2.5,12.93
20190513145038 ,GUJA,KS,HG,46.01,9,14.7,2.56,7.91
20190513145038 ,PYSB,KS,HH,34.37,7.11,11.38,2.53,5.08
20190513145038 ,JJB,KG,HH,49.89,9.89,16.45,2.8,4.13
20190517020833 ,GMHB,KS,HH,99.44,17.14,29.83,3.24,0.73
20190517020833 ,GH2B,KS,HH,75.31,13.47,22.91,2.75,2.21
20190517020833 ,YC2B,KS,HH,66.68,11.69,20.06,2.99,1.04
20190611141853 ,CLSA,KS,HG,77.85,13.61,22.91,2.86,3.91
20190611141853 ,ADO2,KS,EL,76.21,13.26,22.44,2.63,23.19
20190611141853 ,YGAA,KS,HG,75.88,13.32,22.49,2.8,3.48
20190611141853 ,GUWB,KS,HH,72.03,12.71,21.25,2.76,7.91
20190611141853 ,CSOA,KS,HG,71,12.44,21.08,2.7,3.7
20190611141853 ,GGGA,KS,HG,70.1,12.37,20.77,2.88,2.95
20190611141853 ,BUS2,KS,HH,58.04,10.46,17.51,2.61,10.3
20190611141853 ,JUCA,KS,HG,66.93,11.96,20.04,2.91,2.78
20190611141853 ,GKP2,KG,HH,55.58,10.19,16.83,2.67,5.42
20190611141853 ,SNNA,KS,HG,54.82,10.03,16.61,2.82,5.22
20190611141853 ,BSAA,KS,HG,78.34,13.71,23.2,2.9,3.37
20190611141853 ,CHRB,KS,HH,69.91,12.25,20.71,2.77,5.25
20190611141853 ,DNBA,KS,HG,98.5,16.8,28.62,3.1,2.04
20190611141853 ,GUMA,KS,HG,97.24,16.7,28.46,3.25,2.32
20190611141853 ,YEYB,KS,HH,96.95,16.51,28.62,3.1,1.94
20190611141853 ,EURB,KS,HG,95.62,16.41,27.86,2.8,4.01
20190611141853 ,HCNA,KS,HG,95.38,16.21,27.78,2.88,2.95
20190611141853 ,GDDB,KS,HH,91.84,15.68,26.61,2.8,3.21
20190611141853 ,CIGB,KS,HH,79.97,13.9,23.48,2.95,3.56
20190611141853 ,YALB,KS,HH,90.77,15.48,26.46,2.59,5.09
20190611141853 ,JKJA,KS,HG,54.47,9.89,16.6,2.91,3.91
20190611141853 ,CGWB,KS,HH,86.71,15.02,25.36,3.04,2.56
20190611141853 ,SKBA,KS,HG,85.05,14.7,25,2.8,3.7
20190611141853 ,JNHA,KS,HG,82.68,14.29,24.22,2.95,2.97
20190611141853 ,EUSB,KS,HH,80.71,13.97,23.49,2.83,4.68
20190611141853 ,PKNU,KG,HG,54.21,9.8,16.49,2.65,4.31
20190611141853 ,BBK,KG,EL,31.53,6.43,10.43,3.15,3.39
20190611141853 ,MSNA,KS,HG,30.33,6.28,10.25,3.01,3.39
20190611141853 ,DAG2,KS,HH,28.34,5.98,9.74,2.98,3.76
20190611141853 ,DKJ,KG,EL,24.15,5.21,8.47,2.88,6.63
20190611141853 ,MLGA,KS,HG,53.71,9.84,16.23,2.95,2.84
20190611141853 ,HDB,KG,HH,21.81,4.87,7.75,2.7,5.96
20190611141853 ,YGBA,KS,HG,20.76,4.87,7.88,2.93,3.69
20190611141853 ,GSNA,KS,HG,19.04,4.57,7.27,2.86,3.97
20190611141853 ,SIG,KG,HG,15.83,4.1,6.36,2.85,4.5
20190611141853 ,CGU,KG,HG,13.98,3.86,5.99,2.64,4.43
20190611141853 ,USN2,KS,EL,13.32,3.88,6.05,2.62,9.1
20190611141853 ,BOG,KG,HG,12.02,3.62,5.59,2.8,3.15
20190611141853 ,MKL,KG,HH,11.61,3.55,5.47,2.61,7.13
20190611141853 ,DUC,KG,HG,10.23,3.38,5.22,2.36,6.32
20190611141853 ,POSB,KG,HH,33,6.63,10.72,2.75,4.5
20190611141853 ,GGDA,KS,HG,24,5.22,8.36,2.84,4.85
20190611141853 ,YOCB,KS,HH,33.85,6.78,11.04,2.8,4.36
20190611141853 ,PHA2,KS,EL,51.7,9.6,15.96,2.94,5.38
20190611141853 ,DAGA,KS,HG,51.29,9.49,15.8,2.9,3.91
20190611141853 ,MIYA,KS,HG,51.15,9.48,15.81,3.1,2.31
20190611141853 ,HMGA,KS,HG,49.86,9.29,15.43,2.95,3.23
20190611141853 ,CGDA,KS,HG,49.27,9.25,15.4,3.02,2.57
20190611141853 ,CHS,KG,HH,48.66,8.95,14.89,2.74,6.56
20190611141853 ,DES,KG,HH,45.53,8.64,14.38,2.92,4.59
20190611141853 ,MAK,KG,EL,44.71,8.37,13.92,2.71,7.23
20190611141853 ,POHB,KG,EL,39.5,7.92,13.26,3.25,3.06
20190611141853 ,HAK,KG,HG,35.23,7.06,11.36,3.35,1.87
20190611141853 ,YSB,KG,HH,35.31,6.96,11.44,2.95,2.87
20190611141853 ,GIGA,KS,HG,35.71,6.97,11.39,2.95,2.96
20190611141853 ,UNCA,KS,HG,34.04,6.74,11.02,2.93,3.28
20190611141853 ,HCH,KG,HH,38.26,7.63,12.73,2.98,3.76
20190611141853 ,CGD,KG,EL,37.1,7.29,11.92,2.82,6.77
20190615130711 ,GLSA,KS,HG,92.56,16.8,28.07,3.25,1.87
20190615130711 ,NAJA,KS,HG,87.5,15.97,26.32,2.84,5.71
20190615130711 ,CGYA,KS,HG,88.24,16.11,26.63,3.25,1.57
20190615130711 ,JEO2,KS,HH,88.57,16.14,26.72,2.83,11.96
20190615130711 ,MUN,KG,EL,89.85,16.2,26.82,2.88,5.09
20190615130711 ,MALA,KS,HG,90.01,16.42,27.26,2.85,4.76
20190615130711 ,ANMA,KS,HG,92.52,16.84,27.74,3.1,1.84
20190615130711 ,SIJA,KS,HG,93.26,16.78,27.84,2.8,3.85
20190615130711 ,IMSB,KS,HH,85.08,15.57,25.83,3.1,3.33
20190615130711 ,GKSA,KS,HG,95.38,17.21,28.68,3.03,3.75
20190615130711 ,HWSB,KG,HH,95.51,17.25,28.62,2.8,5.16
20190615130711 ,HSB,KG,HG,97.29,17.55,29.23,3.1,2.32
20190615130711 ,BLGA,KS,HG,98.05,17.56,29.78,2.75,5.18
20190615130711 ,MOPB,KS,HH,99.61,17.75,29.69,3.1,2.6
20190615130711 ,NAWB,KS,HH,99.77,17.92,29.86,3.04,5.9
20190615130711 ,NOSA,KS,HG,94.54,17.04,28.51,3.1,3.23
20190615130711 ,GOCB,KS,HH,46.71,9.64,15.37,2.52,8.18
20190615130711 ,JEU2,KS,EL,57.81,11.33,18.47,2.92,10.39
20190615130711 ,SMWA,KS,HG,28.65,6.91,10.85,2.95,2.38
20190615130711 ,PUAA,KS,HG,33.87,7.72,12.17,3,3.18
20190615130711 ,NACA,KS,HG,35.32,7.83,12.44,2.96,4.19
20190615130711 ,NPR,KG,HH,59.54,11.37,19.02,2.66,7.57
20190615130711 ,AMD,KS,HH,51.45,10.11,16.5,2.7,18.42
20190615130711 ,TAIA,KS,HG,53.13,10.61,17.28,2.98,4.16
20190615130711 ,CJDB,KS,HH,54.6,10.7,17.37,2.9,2.56
20190615130711 ,ECDB,KS,HH,57.72,11,17.87,2.45,9.1
20190615130711 ,YEGA,KS,HG,49.51,10.02,16.07,2.56,7.36
20190615130711 ,JAGA,KS,HG,60.39,11.69,19.12,2.82,5.35
20190615130711 ,SECA,KS,HG,60.41,11.66,19.07,2.77,5.25
20190615130711 ,KWJ2,KS,HG,84.31,15.35,25.45,2.9,5.96
20190615130711 ,BUYB,KS,HH,80.95,14.8,24.36,2.95,2.82
20190615130711 ,SUCA,KS,HG,80.49,14.89,24.5,3.1,3.18
20190615130711 ,IKSA,KS,HG,74.95,13.87,23.14,2.83,5.96
20190615130711 ,IJDB,KS,HH,73.18,13.53,22.44,2.9,3.24
20190615130711 ,KWJU,KS,HH,84.31,15.34,25.44,2.46,14.76
20190615130711 ,PORA,KS,HG,71.47,13.4,22.21,2.77,4.86
20190615130711 ,CHOA,KS,HG,70.59,13.36,21.93,2.92,4.13
20190615130711 ,MANA,KS,HG,69.4,13.04,21.37,2.79,5.35
20190615130711 ,HMPA,KS,HG,68.03,12.92,21.16,2.58,7.91
20190615130711 ,OYDB,KS,HH,63.87,12.08,19.9,2.33,9.5
20190615130711 ,ISGB,KS,HH,61.64,11.83,19.52,2.7,4.21
20190623094115 ,ULJ2,KS,HH,89.79,16.1,26.59,2.89,4.5
20190623094115 ,LIWA,KS,HG,87.16,15.83,26.09,2.79,6.81
20190623094115 ,KMC,KG,EL,89.35,15.99,26.68,2.93,7.88
20190623094115 ,JKJA,KS,HG,88.19,15.91,26.48,2.87,5.33
20190623094115 ,WJU2,KS,EL,85.9,15.52,25.56,2.79,26.39
20190623094115 ,CEJA,KS,HG,87.42,15.94,26.2,2.88,6.87
20190623094115 ,HONA,KS,HG,79.79,14.59,23.85,2.71,9.1
20190623094115 ,GAGA,KS,HG,84.11,15.28,25.05,2.8,5.38
20190623094115 ,CHS,KG,HH,83.58,15.01,24.98,2.86,5.3
20190623094115 ,EMSB,KS,HH,77.53,14.25,23.3,3.16,5.18
20190623094115 ,JNPA,KS,HG,77.29,14.19,23.31,3.11,4.9
20190623094115 ,SNNA,KS,HG,76.62,13.98,23.21,2.65,5.68
20190623094115 ,PYCB,KS,HH,76.96,13.85,22.9,2.75,6.63
20190623094115 ,PYCA,KS,HG,97.33,17.18,28.84,2.77,9.29
20190623094115 ,TEJ2,KS,HG,99.98,17.89,29.58,2.9,9.1
20190623094115 ,GIGA,KS,HG,99.34,17.44,29.48,3.1,1.87
20190623094115 ,YAGA,KS,HG,99.04,17.68,29.09,2.71,5.49
20190623094115 ,LMGA,KS,HG,98.21,17.54,28.98,2.95,3.4
20190623094115 ,JSB,KG,HH,74.27,13.65,22.22,3.04,4.47
20190623094115 ,JGNA,KS,HG,96.57,17.2,28.61,2.92,5.6
20190623094115 ,UJNA,KS,HG,96.13,17.2,28.46,2.8,2.49
20190623094115 ,GGGA,KS,HG,95.53,17.06,28.34,2.97,2.23
20190623094115 ,GKP2,KG,HH,91,16.23,26.96,2.94,2.47
20190623094115 ,SNGB,KS,HH,95.02,17.08,27.9,2.97,3.18
20190623094115 ,HKU,KG,HH,94.82,17.06,28.15,2.85,6
20190623094115 ,SLSA,KS,HG,93.98,16.92,27.95,2.98,4.31
20190623094115 ,YGAA,KS,HG,93.48,16.54,27.86,3.1,2.94
20190623094115 ,YOCB,KS,HH,93.37,16.61,27.77,2.9,3.3
20190623094115 ,DAGA,KS,HG,93.15,16.71,27.64,2.92,3.96
20190623094115 ,YODB,KS,HH,91.64,16.49,27.21,2.8,3.02
20190623094115 ,CIGB,KS,HH,72.87,13.06,21.95,2.62,6.63
20190623094115 ,CHYB,KS,HH,54.04,10.28,16.55,2.61,5.63
20190623094115 ,GUMA,KS,HG,52.61,10.1,16.52,3.1,3.54
20190623094115 ,HWSA,KS,HG,50.99,9.95,16.14,2.75,8.3
20190623094115 ,CHJ2,KS,HH,44.96,8.91,14.2,2.67,19.4
20190623094115 ,YEAB,KS,HH,43.94,8.63,13.9,2.73,4.5
20190623094115 ,BUSA,KS,HG,40.39,8.05,12.84,2.53,7.27
20190623094115 ,SAJB,KS,HH,39.9,7.89,12.79,2.61,5.96
20190623094115 ,DNYA,KS,HG,34.84,7.26,11.47,2.95,4.33
20190623094115 ,YCHB,KS,HH,12.74,4.03,5.88,2.77,4.67
20190623094115 ,DGLA,KS,HG,19.49,5,7.59,2.85,7.49
20190623094115 ,MGB,KG,HH,20.87,5.08,7.75,2.65,11.9
20190623094115 ,YOJB,KS,HH,24.46,5.64,8.61,2.65,8.11
20190623094115 ,PGEA,KS,HG,28.08,6.22,9.59,2.7,7.11
20190623094115 ,ADOA,KS,HG,30.76,6.73,10.58,2.74,4.92
20190623094115 ,MGY2,KS,EL,33.02,7.02,11.02,2.74,7.91
20190623094115 ,DNBA,KS,HG,34.74,7.37,11.69,2.8,3.79
20190623094115 ,GICA,KS,HG,73.79,13.56,22.26,2.64,8.3
20190623094115 ,JAEA,KS,HG,54.18,10.37,16.77,2.76,4.08
20190623094115 ,YOW2,KS,EL,55.58,10.45,17.08,2.67,18.63
20190623094115 ,DKSA,KS,HG,34.98,7.29,11.43,2.95,5.58
20190623094115 ,GGSA,KS,HG,72.52,13.25,21.64,2.65,5.25
20190623094115 ,SKBA,KS,HG,72.01,13.3,21.84,2.95,4.1
20190623094115 ,AGSA,KS,HG,70.47,13.06,21.25,2.92,5.76
20190623094115 ,GWLA,KS,HG,69.97,12.99,21.11,2.91,4.86
20190623094115 ,CSOA,KS,HG,69.87,13.04,21.4,2.93,3.44
20190623094115 ,OKCB,KS,HH,67.81,12.74,20.79,2.89,10.48
20190623094115 ,JCUA,KS,HG,66.9,12.28,20.32,2.8,5.28
20190623094115 ,SNDA,KS,HG,66.31,12.3,19.97,2.65,4.59
20190623094115 ,TBA2,KS,EL,66.23,12.86,20.75,2.86,9.37
20190623094115 ,CPR2,KS,EL,65.96,12.15,20.24,2.6,16
20190623094115 ,BON2,KS,EL,57.82,11.09,17.92,2.76,24.42
20190623094115 ,SND,KG,HH,62.92,11.88,19.11,2.74,6.71
20190623094115 ,CGAA,KS,HG,61.95,11.73,18.93,2.96,7.23
20190623094115 ,YEYB,KS,HH,61.86,11.66,18.97,2.9,5.18
20190623094115 ,GUWB,KS,HH,59.62,11.33,18.46,2.66,14.72
20190623094115 ,ADO2,KS,EL,58.12,11.12,18.06,2.6,32.37
20190623094115 ,BKWA,KS,HG,65.81,12.26,19.98,2.83,5.27
20190623094115 ,JECB,KS,HH,56.42,10.71,17.31,2.76,3.91
20190702115151 ,SKBA,KS,HG,85.28,14.96,25.31,3.1,2.18
20190702115151 ,CGD,KG,EL,82.96,14.73,24.82,2.94,6.41
20190702115151 ,CSOA,KS,HG,78.97,14.05,23.58,2.9,3.24
20190702115151 ,MAK,KG,EL,74.03,13.34,22.29,2.91,5.9
20190702115151 ,YODB,KS,HH,77.4,13.63,22.95,2.95,2.33
20190702115151 ,MSNA,KS,HG,74.72,13.55,22.72,3.1,3.79
20190702115151 ,PKNU,KG,HG,77.57,13.76,23.25,2.79,3.06
20190702115151 ,BUS2,KS,HH,88.03,15.41,25.89,2.85,5.36
20190702115151 ,YEYB,KS,HH,99.31,17.11,29.1,3.07,2.4
20190702115151 ,ADO2,KS,EL,89.64,15.63,26.61,2.98,8.72
20190702115151 ,SNNA,KS,HG,90.85,16.09,27.28,2.92,3.75
20190702115151 ,DAGA,KS,HG,94.19,16.65,28.09,2.8,4.17
20190702115151 ,ULJ2,KS,HH,95.18,16.28,27.89,3.1,2.76
20190702115151 ,CGDA,KS,HG,95.82,16.81,28.59,3.01,2.68
20190702115151 ,MIYA,KS,HG,96.35,16.99,28.6,2.05,12.82
20190702115151 ,GKP2,KG,HH,98.34,17.32,29.07,2.83,2.87
20190702115151 ,DAG2,KS,HH,73.4,13.28,22.39,2.8,5.68
20190702115151 ,MLGA,KS,HG,89.59,15.72,26.44,2.8,4.88
20190702115151 ,MKL,KG,HH,44.81,8.89,14.69,2.74,5.93
20190702115151 ,BBK,KG,EL,41.71,8.22,13.65,2.86,4.68
20190702115151 ,GGDA,KS,HG,41.42,8.31,13.89,2.49,8.21
20190702115151 ,CGU,KG,HG,39.82,8.13,13.43,2.53,5.02
20190702115151 ,POSB,KG,HH,39.06,7.93,13.05,2.47,5.93
20190702115151 ,HCH,KG,HH,42.35,8.7,14.58,3.07,4.32
20190702115151 ,SIG,KG,HG,36.52,7.6,12.55,2.61,4.86
20190702115151 ,JUC,KG,HG,35.68,7.63,12.75,3.37,1.55
20190702115151 ,HDB,KG,HH,32.49,6.9,11.35,2.8,2.48
20190702115151 ,YGBA,KS,HG,30.66,6.81,11.22,2.93,2.18
20190702115151 ,HMGA,KS,HG,26.41,5.93,9.6,2.73,3.39
20190702115151 ,HAK,KG,HG,20.29,5.37,8.7,2.82,5.52
20190702115151 ,POHB,KG,EL,38.78,8.21,13.72,3.16,3.53
20190702115151 ,PHA2,KS,EL,46.18,9.07,15.07,3,4.5
20190702115151 ,CHS,KG,HH,64.49,11.85,19.84,2.77,4.75
20190702115151 ,GSNA,KS,HG,63.65,11.78,19.64,2.82,4.88
20190702115151 ,UNCA,KS,HG,61.95,11.4,19.04,2.89,3.91
20190702115151 ,GGGA,KS,HG,60.88,11,18.59,2.7,4.66
20190702115151 ,JKJA,KS,HG,59.54,10.99,18.61,3,3.29
20190702115151 ,USN2,KS,EL,55.8,10.58,17.61,2.68,15.15
20190702115151 ,DKJ,KG,EL,53.91,10.32,17.19,2.74,4.32
20190702115151 ,GIGA,KS,HG,49.97,9.58,15.95,2.79,3.79
20190702115151 ,DUC,KG,HG,49.86,9.61,15.93,2.05,16.9
20190702115151 ,DES,KG,HH,46.76,9.2,15.41,2.98,6.02
20190702115151 ,YSB,KG,HH,72.36,13.09,21.88,3.16,2.62
20190708050444 ,YAYA,KS,HG,88.41,15.73,26.52,2.45,6.87
20190708050444 ,DGY2,KS,HH,80.88,14.42,24.51,2.64,5.98
20190708050444 ,OKEB,KS,HG,59.27,10.94,18.4,2.35,7.4
20190708050444 ,JMJ2,KS,EL,70.56,12.92,21.73,3.71,3.64
20190708050444 ,SNGB,KS,HH,73.59,13.26,22.05,2.75,4.5
20190708050444 ,YAYB,KS,HH,74.75,13.53,22.92,2.59,4.45
20190708050444 ,LMGA,KS,HG,75.61,13.44,22.76,2.74,4.5
20190708050444 ,GAGA,KS,HG,91.28,15.54,26.62,2.5,4.7
20190708050444 ,GWLA,KS,HG,98.9,17.23,29.29,2.8,2.63
20190719153840 ,KOJ2,KS,EL,85.93,14.94,24.88,2.1,12.07
20190719153840 ,NOSA,KS,HG,86.31,15,25.11,2.5,3.79
20190719153840 ,HWSA,KS,HG,20.02,4.36,6.96,2.28,9.1
20190719153840 ,YOCB,KS,HH,88.19,15.15,25.65,2.5,5.08
20190719153840 ,AGSA,KS,HG,88.52,15.23,26.16,2.35,5.95
20190719153840 ,JEO2,KS,HH,83.75,14.6,24.37,2.41,5.96
20190719153840 ,EMSB,KS,HH,82.87,14.34,24.22,2.24,9.1
20190719153840 ,YEAB,KS,HH,81.74,13.77,23.26,1.94,12.07
20190719153840 ,JNUA,KS,HG,88.93,15.54,25.7,2.5,3.6
20190719153840 ,KCH2,KS,EL,81.38,14.23,23.99,2.37,9.18
20190719153840 ,DNYA,KS,HG,77.68,13.05,22.54,2.5,6.05
20190719153840 ,BUSA,KS,HG,89.38,15.09,25.58,2.46,5.9
20190719153840 ,CHS,KG,HH,92.63,15.61,26.62,2.45,5.6
20190719153840 ,CGDA,KS,HG,91.74,15.71,26.65,2.35,4.85
20190719153840 ,SAJB,KS,HH,14.93,3.44,5.5,1.96,9.1
20190719153840 ,CPR2,KS,EL,18.46,4.2,6.74,2.2,7.17
20190719153840 ,JAEA,KS,HG,97.27,16.33,27.78,2.19,8.59
20190719153840 ,DAG2,KS,HH,96.96,16.56,28.17,2.5,5.71
20190719153840 ,HAMB,KS,HH,96.24,16.59,27.88,2.29,4.25
20190719153840 ,BKWA,KS,HG,93.9,15.94,26.96,2.23,6.73
20190719153840 ,JECB,KS,HH,93.16,15.8,26.67,2.26,6.87
20190719153840 ,MALA,KS,HG,93.14,16.18,27.07,2.5,4.15
20190719153840 ,CEA2,KS,EL,92.27,15.9,26.52,2.3,12.07
20190719153840 ,JASA,KS,HG,90.68,15.93,26.61,2.5,5.11
20190719153840 ,PGEA,KS,HG,73.07,12.45,20.98,2.17,13.5
20190719153840 ,CSOA,KS,HG,91.02,15.43,26.1,2.5,3.9
20190719153840 ,YOJB,KS,HH,72.41,12.34,20.86,2.24,12.07
20190719153840 ,GUWB,KS,HH,49.95,8.88,14.92,2.07,19.18
20190719153840 ,HONA,KS,HG,47.79,8.76,14.43,2.33,6.6
20190719153840 ,YCHB,KS,HH,46.66,8.23,13.67,2.24,7.44
20190719153840 ,LIWA,KS,HG,44.01,8.14,13.54,2.05,6.37
20190719153840 ,CIGB,KS,HH,43.25,7.94,13.11,2.43,2.95
20190719153840 ,KMC,KG,EL,41.51,7.72,12.91,2.43,5.9
20190719153840 ,JGNA,KS,HG,51.5,9.33,15.7,2.2,7.88
20190719153840 ,YDGA,KS,HG,38.14,7.26,11.95,2.26,6.07
20190719153840 ,MGY2,KS,EL,37.34,6.84,11.43,2.04,14.1
20190719153840 ,BON2,KS,EL,36.4,6.95,11.22,2.33,32.37
20190719153840 ,DNBA,KS,HG,33.51,6.31,10.41,2.47,3.82
20190719153840 ,GICA,KS,HG,29.57,5.82,9.61,2.2,5.28
20190719153840 ,DAGA,KS,HG,72.57,12.65,21.29,2.65,3.56
20190719153840 ,GUMA,KS,HG,23.85,4.88,7.94,2.12,6.87
20190719153840 ,MGB,KG,HH,37.82,6.8,11.4,2.17,24.42
20190719153840 ,CGAA,KS,HG,53.42,9.62,15.76,2.5,5.91
20190719153840 ,OKCB,KS,HH,27.61,5.6,9.13,2.39,9.26
20190719153840 ,DGLA,KS,HG,54.8,9.65,16.33,2.57,5.96
20190719153840 ,WICA,KS,HG,71.72,12.62,21.24,2.35,4.03
20190719153840 ,JNPA,KS,HG,70.14,12.25,20.45,2.19,8.67
20190719153840 ,GKP2,KG,HH,68.74,12.04,20.28,1.9,14.85
20190719153840 ,YALB,KS,HH,68.32,12.05,20.24,2.24,5.45
20190719153840 ,SNNA,KS,HG,65.47,11.44,19.16,2.46,4.95
20190719153840 ,TJN,KG,HH,65.27,11.64,19.23,2.26,7.95
20190719153840 ,DGHA,KS,HG,72.22,12.8,21.31,2.5,3.58
20190719153840 ,TEJ2,KS,HG,64.56,11.49,19.11,2.44,7.91
20190719153840 ,CHJ2,KS,HH,61.8,10.84,17.74,2.04,18.9
20190719153840 ,KMSB,KS,HH,60.12,10.72,17.85,2.03,6.73
20190719153840 ,YGAA,KS,HG,59.68,10.66,17.84,2.05,6.43
20190719153840 ,DUSB,KS,HH,56.58,10.29,17.03,2.35,3.5
20190719153840 ,EUSB,KS,HH,55.63,9.73,16.26,2.09,6.87
20190719153840 ,DKSA,KS,HG,64.79,11.2,18.88,2.33,9.4
20190721020418 ,DAGA,KS,HG,85.57,14.81,25.14,3.53,2.9
20190721020418 ,KOJ2,KS,EL,86.25,15.04,24.91,3.71,4.88
20190721020418 ,JAEA,KS,HG,86.87,15.03,25.24,3.65,2.15
20190721020418 ,YALB,KS,HH,86.66,15.02,25.36,3.66,2.64
20190721020418 ,CEA2,KS,EL,84.02,14.66,24.4,3.81,4.59
20190721020418 ,BLGA,KS,HG,82.6,14.41,24.37,3.53,3.85
20190721020418 ,YOW2,KS,EL,82.63,14.42,24.32,3.6,6.87
20190721020418 ,GKP2,KG,HH,82.15,14.26,24.2,3.61,2.22
20190721020418 ,ADO2,KS,EL,77.36,13.6,22.74,3.65,5.9
20190721020418 ,YGAA,KS,HG,76.3,13.37,22.61,3.75,1.68
20190721020418 ,BKWA,KS,HG,75.47,13.14,22.02,3.76,2.56
20190721020418 ,BURB,KS,HH,87.61,15.19,25.27,3.69,2.18
20190721020418 ,JNUA,KS,HG,83.82,14.59,24.29,3.85,3.44
20190721020418 ,JCUA,KS,HG,87.92,15.19,25.66,3.74,2.33
20190721020418 ,DGHA,KS,HG,88.35,15.39,25.83,3.75,2.56
20190721020418 ,SNNA,KS,HG,74.87,13.02,22.09,3.56,3.23
20190721020418 ,SKBA,KS,HG,97.21,16.69,28.38,3.86,1.61
20190721020418 ,YOCB,KS,HH,96.54,16.63,28.16,3.79,1.84
20190721020418 ,YIN,KG,EL,96.33,16.82,27.95,3.76,3.18
20190721020418 ,SND,KG,HH,96.25,16.71,27.97,3.72,2.86
20190721020418 ,JEO2,KS,HH,96.22,16.65,27.93,3.86,2.96
20190721020418 ,SLSA,KS,HG,88,15.33,25.31,3.59,2.74
20190721020418 ,SNDA,KS,HG,95.9,16.56,27.93,3.38,2.35
20190721020418 ,NOSA,KS,HG,91.07,15.87,26.3,3.8,3.63
20190721020418 ,YEYB,KS,HH,90.08,15.62,26.19,3.72,2.18
20190721020418 ,WICA,KS,HG,89.99,15.66,26.42,3.87,2.31
20190721020418 ,BOGA,KS,HG,89.87,15.73,26.01,3.73,3.34
20190721020418 ,CSOA,KS,HG,89.78,15.6,26.21,3.74,2.37
20190721020418 ,CHYB,KS,HH,88.44,15.19,25.77,3.7,2.54
20190721020418 ,CHS,KG,HH,96.02,16.45,27.84,3.74,3.31
20190721020418 ,JECB,KS,HH,74.35,13.02,21.8,3.94,1.68
20190721020418 ,CEJA,KS,HG,61.85,11.08,18.32,3.89,2.98
20190721020418 ,DUSB,KS,HH,74.04,13.16,21.75,3.86,2.28
20190721020418 ,ADOA,KS,HG,55.32,10.06,16.58,3.69,2.12
20190721020418 ,YDGA,KS,HG,53.84,9.76,16.23,3.84,2.64
20190721020418 ,LIWA,KS,HG,52.77,9.6,15.92,3.58,3
20190721020418 ,HONA,KS,HG,48.12,8.86,14.44,3.84,3.09
20190721020418 ,GICA,KS,HG,47.68,8.67,14.54,3.79,2.09
20190721020418 ,DKSA,KS,HG,46.16,8.46,13.97,3.77,3.35
20190721020418 ,CHJ2,KS,HH,44.03,8.18,12.93,3.69,3.85
20190721020418 ,CGAA,KS,HG,41.78,7.79,12.6,3.83,3.36
20190721020418 ,DGLA,KS,HG,37.05,7.09,11.69,3.82,2.28
20190721020418 ,GUMA,KS,HG,35.47,6.75,11.26,3.7,1.9
20190721020418 ,YCHB,KS,HH,34.58,6.61,10.79,3.7,1.71
20190721020418 ,SAJB,KS,HH,15.21,3.68,5.79,3.81,1.91
20190721020418 ,HWSA,KS,HG,18.37,4.12,6.64,3.8,2.32
20190721020418 ,MGY2,KS,EL,20.09,4.35,6.95,3.79,2.93
20190721020418 ,MGB,KG,HH,21.15,4.5,7.23,3.73,3.03
20190721020418 ,BON2,KS,EL,29.32,5.81,9.41,3.8,7.91
20190721020418 ,DNBA,KS,HG,33.38,6.52,10.66,3.61,2.06
20190721020418 ,OKCB,KS,HH,33.82,6.62,10.79,3.74,4.11
20190721020418 ,EUSB,KS,HH,56.05,10.11,16.78,3.53,3.65
20190721020418 ,YOJB,KS,HH,56.48,10.18,16.85,3.67,3.24
20190721020418 ,BUSA,KS,HG,73.75,12.86,21.6,3.71,2.54
20190721020418 ,YEAB,KS,HH,73.38,12.85,21.47,3.67,2.04
20190721020418 ,KMSB,KS,HH,71.4,12.62,21.03,3.75,2.38
20190721020418 ,AGSA,KS,HG,71.35,12.58,20.89,3.9,1.71
20190721020418 ,JGNA,KS,HG,70.18,12.32,20.85,3.85,3.08
20190721020418 ,EMSB,KS,HH,68.36,12.11,20.02,3.77,2.95
20190721020418 ,TJN,KG,HH,68.13,12.12,19.95,3.82,3.94
20190721020418 ,HKU,KG,HH,68.09,12.16,20.12,3.97,3.85
20190721020418 ,TEJ2,KS,HG,67.6,12.01,19.89,3.86,4.62
20190721020418 ,PGEA,KS,HG,60.92,10.83,18.07,3.5,3.71
20190721020418 ,KMC,KG,EL,59.79,10.67,17.86,3.94,2.95
20190721020418 ,DNYA,KS,HG,59.58,10.65,17.97,3.89,2.95
20190721020418 ,JNPA,KS,HG,59.08,10.58,17.44,3.81,2.93
20190721020418 ,CIGB,KS,HH,57.84,10.35,17.36,3.64,1.93
20190721020418 ,GUWB,KS,HH,57.51,10.38,17.38,3.45,6.32
20190721020418 ,CPR2,KS,EL,34.51,6.66,10.93,3.63,4.42
20190721161545 ,CJDB,KS,HH,96.27,16.65,28.27,2.92,2.27
20190721161545 ,OYDB,KS,HH,65.76,11.65,19.72,2.35,6.93
20190721161545 ,ECDB,KS,HH,51.28,9.27,15.65,2.53,6.07
20190721161545 ,WID,KG,EL,71.76,12.52,21.22,2.46,9.73
20190721161545 ,SMKB,KS,HH,91.8,15.79,27.5,2.61,6.63
20190721161545 ,NACA,KS,HG,94.74,16.42,28.12,2.8,4.15
20190721161545 ,SMWA,KS,HG,96.11,16.54,28.02,2.77,4.2
20190724164609 ,UJNA,KS,HG,55.74,11.06,17.63,2.82,4.82
20190724164609 ,IMWB,KS,HH,46.95,9.52,14.94,2.67,4.33
20190724164609 ,JAEA,KS,HG,97.64,17.79,29.1,2.95,4.38
20190724164609 ,CHYB,KS,HH,94.29,17.16,28.04,3.08,2.9
20190724164609 ,SNGB,KS,HH,67.54,12.76,21.45,2.73,5
20190724164609 ,ULJ2,KS,HH,82.14,15.36,25.07,3.22,1.85
20190724164609 ,OKEB,KS,HH,82.37,15.19,24.94,3.07,2.54
20190724164609 ,GGSA,KS,HG,77.14,14.49,24.22,2.95,4.03
20190724164609 ,LMGA,KS,HG,88.4,16.15,26.64,3.25,2.44
20190724164609 ,GWLA,KS,HG,92.03,16.88,28.34,3.4,1.38
20190724164609 ,TBA2,KS,EL,86.57,15.48,25.24,2.97,8.28
20190729204515 ,KCH2,KS,EL,77.09,13.63,22.8,2.39,10.48
20190729204515 ,BLLA,KS,HG,78.5,14.13,23.31,2.58,5.06
20190729204515 ,BUS2,KS,HH,79.66,13.52,23.63,2.45,5.18
20190729204515 ,YALB,KS,HH,81.95,14.48,24.14,2.33,3.75
20190729204515 ,CGD,KG,EL,83.92,15.01,24.91,2.2,7.84
20190729204515 ,SCHA,KS,HG,85.58,15.21,25.56,2.35,8.82
20190729204515 ,WICA,KS,HG,93.45,16.5,27.41,2.5,3.81
20190729204515 ,YSB,KG,HH,88.55,15.77,26.16,2.65,3.46
20190729204515 ,MAK,KG,EL,90.37,15.93,26.65,2.35,7.17
20190729204515 ,NLDA,KS,HG,92.75,16.45,27.26,2.5,4.26
20190729204515 ,NAWB,KS,HH,95.15,16.43,27.77,2.16,18.42
20190729204515 ,HAMB,KS,HH,76.6,13.52,22.49,2.24,4.33
20190729204515 ,GACA,KS,HG,16.1,3.5,5.13,2.19,9.5
20190729204515 ,JLSA,KS,HG,72.11,12.89,21.41,2.2,8.87
20190729204515 ,GMNA,KS,HG,38.38,7.44,11.86,2.24,5.68
20190729204515 ,EURB,KS,HH,37.07,7.21,11.48,2.34,3.87
20190729204515 ,KJM,KG,EL,34.27,6.75,10.67,2.14,21.21
20190729204515 ,CGWB,KS,HH,32.79,6.49,10.3,2.24,6.77
20190729204515 ,JINA,KS,HG,31.51,6.39,9.97,2.44,3.69
20190729204515 ,GSU,KG,HH,26.84,5.62,8.72,2.5,3.15
20190729204515 ,YGJA,KS,HG,19.74,4.16,6.31,2.61,3.69
20190729204515 ,HAIA,KS,HG,15.29,3.27,4.74,2.35,7.57
20190729204515 ,YKDB,KS,HH,43.14,8.11,13.1,2.35,3.92
20190729204515 ,NAHA,KS,HG,41,7.96,12.64,2.18,9.08
20190729204515 ,BSAA,KS,HG,71.73,13.16,21.39,2.35,4.1
20190729204515 ,JRB,KG,HH,65.09,11.67,19.42,2.22,5.81
20190729204515 ,HCNA,KS,HG,64.59,11.77,19.44,2.63,2.23
20190729204515 ,JNHA,KS,HG,44.35,8.55,13.74,2.5,3.21
20190729204515 ,GWYB,KS,HH,56.81,10.64,16.98,1.72,21.21
20190729204515 ,JNYA,KS,HG,50.27,9.51,15.4,2.2,7.62
20190729204515 ,GDDB,KS,HH,49.08,9.38,15.21,2.35,4.49
20190729204515 ,MMD,KS,HG,47.54,9.12,14.75,2.31,5.96
20190729204515 ,JUCA,KS,HG,56.02,10.45,17,2.2,4.56
20190810134557 ,GOS2,KS,EL,85.61,15.37,26.15,2.65,4.9
20190810134557 ,NLDA,KS,HG,98.05,17.41,29.17,2.65,4.31
20190810134557 ,JDO2,KS,EL,95.05,17.12,28.68,3.46,9.7
20190810134557 ,HANB,KS,HH,92.29,16.64,27.69,2.59,4.47
20190810134557 ,KKDA,KS,HG,77.89,14.34,23.74,2.55,5.96
20190810134557 ,YSDA,KS,HG,25,6.18,9.65,2.39,5.84
20190810134557 ,GUJA,KS,HG,31.56,6.67,10.65,2.2,9.98
20190810134557 ,JJB,KG,HH,45.22,9.06,14.62,2.95,2.36
20190810134557 ,CSDB,KS,HG,45.63,9.41,15.17,2.85,4.11
20190810134557 ,GMDB,KS,HH,45.8,9.21,14.85,2.48,4.08
20190810134557 ,WAN2,KS,HG,71.92,13.59,22.34,2.86,10.73
20190810134557 ,PYSB,KS,HH,49.28,9.55,15.57,2.35,4.88
20190810134557 ,JJU2,KS,HH,53.06,10.32,16.91,2.8,3.54
20190810134557 ,BGD,KG,HH,54.5,10.89,17.61,2.4,7.11
20190810134557 ,CHDA,KS,HG,59.95,11.5,18.81,2.22,10.27
20190811091950 ,BRN,KG,HG,10.01,1.99,3.29,2.6,3.39
20190811091950 ,BAR2,KS,HH,12.46,2.5,4.09,2.55,5.18
20190811091950 ,BRS,KG,HG,12.73,2.56,4.09,2.55,5.18
20190811091950 ,DACB,KS,HH,19.53,3.64,5.79,2.47,3.69
20190823105048 ,DACB,KS,HH,17.46,3.7,5.93,3.06,2.36
20190823105048 ,BRN,KG,HG,11.17,2.04,3.32,3.29,2.71
20190823105048 ,BRS,KG,HG,11.07,2.6,4.12,3.18,3.39
20190823105048 ,BAR2,KS,HH,10.4,2.56,4.13,3.11,3.66
20190828052229 ,DKJ,KG,EL,88,15.81,26.72,2.72,4.5
20190828052229 ,MKL,KG,HH,89.93,16.08,27.18,2.71,4.23
20190828052229 ,BBK,KG,EL,90.3,15.93,27.26,2.76,3.91
20190828052229 ,GCN,KG,HG,92.22,16.56,27.85,2.95,1.79
20190828052229 ,DUC,KG,HG,93.71,16.9,28.09,1.9,10.27
20190828052229 ,YEYB,KS,HH,93.6,16.46,28.08,3,1.94
20190828052229 ,BOG,KG,HG,94.45,16.89,28.29,2.8,2.63
20190828052229 ,ADO2,KS,EL,97.69,17.15,29.11,2.74,6.6
20190828052229 ,CSOA,KS,HG,85.23,15.2,25.77,2.85,2.33
20190828052229 ,JEJB,KS,HH,84.86,15.15,25.85,2.71,2.74
20190828052229 ,CHS,KG,HH,83.76,15.11,25.58,2.8,3.72
20190828052229 ,HCH,KG,HH,66.63,12.75,21.67,2.79,4.46
20190828052229 ,YODB,KS,HH,63.73,11.85,19.88,2.76,6.37
20190828052229 ,POHB,KG,EL,62.58,12.19,20.42,2.95,4.81
20190828052229 ,HAK,KG,HG,58.27,11.37,19.15,2.84,5.18
20190828052229 ,GGGA,KS,HG,58.16,11.08,18.41,2.65,4.23
20190828052229 ,HMGA,KS,HG,44.97,9.28,15.36,2.65,3.25
20190828052229 ,JKJA,KS,HG,72.15,13.29,22.85,2.65,4.26
20190828052229 ,POSB,KG,HH,67.94,12.8,21.34,2.35,6.34
20190828052229 ,SKBA,KS,HG,81.43,14.54,24.54,2.76,3.65
20190828052229 ,SIG,KG,HG,81.38,14.91,24.98,1.75,10.88
20190828052229 ,HDB,KG,HH,79.42,14.2,24.25,2.8,1.86
20190828052229 ,CGU,KG,HG,82.03,14.89,25.1,2.48,6.37
20190828052229 ,GGDA,KS,HG,76.05,13.98,23.55,2.6,5.06
20190828052229 ,GIGA,KS,HG,76.03,13.84,23.37,1.75,16.8
20190828052229 ,YGBA,KS,HG,75.45,14.04,23.63,2.95,1.76
20190828052229 ,ULJ2,KS,HH,75.07,13.69,22.83,2.92,2.86
20190907143806 ,DES,KG,HH,77.82,13.6,23.35,2.35,9.23
20190907143806 ,JNYA,KS,HG,78.54,13.63,22.97,2.18,7.42
20190907143806 ,PHA2,KS,EL,81.18,14.13,23.98,1.86,18.42
20190907143806 ,CGWB,KS,HH,94.96,16.37,27.6,2.35,7.57
20190907143806 ,CHS,KG,HH,88.43,15.26,25.97,2.29,5.96
20190907143806 ,JKJA,KS,HG,90.06,15.85,26.61,2.55,3.16
20190907143806 ,CLSA,KS,HG,96.69,16.66,28.19,2.56,4.52
20190907143806 ,CHRB,KS,HH,97.07,16.47,28.23,2.27,6.87
20190907143806 ,SNNA,KS,HG,98.6,16.97,29.23,2.04,8.59
20190907143806 ,JUCA,KS,HG,70.59,12.24,20.87,2.39,4.33
20190907143806 ,HCH,KG,HH,70.52,12.54,21.64,2.5,4.43
20190907143806 ,MKL,KG,HH,39.85,7.44,12.61,1.93,18.53
20190907143806 ,YGBA,KS,HG,38.96,7.3,12.52,2.62,2.36
20190907143806 ,MAK,KG,EL,36.5,6.79,11.52,2.06,15.32
20190907143806 ,PKNU,KG,HG,35.1,6.47,11.08,2.35,2.99
20190907143806 ,UNCA,KS,HG,29.07,5.55,9.42,2.02,6.87
20190907143806 ,BBK,KG,EL,17.67,3.7,6.26,2.4,6.39
20190907143806 ,HDB,KG,HH,32.12,6.14,10.38,2.14,5.15
20190907143806 ,YSB,KG,HG,42.95,7.88,13.36,2.11,5.96
20190907143806 ,SIG,KG,HG,38.99,7.29,12.47,2.19,5.81
20190907143806 ,DUC,KG,HG,45.28,8.22,14.1,1.45,20.31
20190907143806 ,DKJ,KG,EL,65.6,11.53,19.68,2.1,12.07
20190907143806 ,POSB,KG,HH,64.73,11.44,19.47,1.75,15.86
20190907143806 ,GGDA,KS,HG,59.09,10.52,18.03,2.35,3.33
20190907143806 ,CGD,KG,EL,65.27,11.59,19.65,2.01,16
20190907143806 ,MSNA,KS,HG,55.42,10,16.94,2.05,9.75
20190907143806 ,USN2,KS,EL,46.21,8.45,14.5,1.95,16.37
20190907143806 ,CGU,KG,HG,46.01,8.45,14.31,2.03,7.79
20190907143806 ,BUS2,KS,HH,47.63,8.46,14.36,2.11,10.54
20190907143806 ,GCN,KG,HG,53.24,9.55,16.35,2.05,6.73
20190910195207 ,HOCA,KS,HG,85.93,15.6,25.44,2.65,3.68
20190910195207 ,SNU,KG,HH,76.94,14.25,23.21,2.63,4.38
20190910195207 ,YGGA,KS,HG,79.22,14.39,23.65,2.5,4.13
20190910195207 ,YAPA,KS,HG,80.19,14.68,23.9,2.61,4.1
20190910195207 ,YKB,KG,HH,80.21,14.51,23.54,2.4,5.96
20190910195207 ,INCA,KS,HG,83.81,15.34,25.12,2.65,3.58
20190910195207 ,CGUB,KS,HH,84.49,15.35,24.95,2.65,3.08
20190910195207 ,IJA2,KS,EL,91.57,16.61,27.02,2.34,14.34
20190910195207 ,SHHB,KS,HH,93.68,16.97,27.78,2.5,3.25
20190910195207 ,NCNA,KS,HG,95.06,17.28,28.28,2.67,4.51
20190910195207 ,SWO2,KS,EL,95.26,17.3,28.54,2.7,6.14
20190910195207 ,YINB,KS,HH,96.62,17.52,28.97,2.5,4.99
20190910195207 ,ICN2,KS,EL,98.01,17.69,29.26,2.31,12.07
20190910195207 ,SGNA,KS,HG,76.84,14.21,23.03,2.59,4.5
20190910195207 ,CHC2,KS,HG,75.4,13.84,22.54,2.5,3.6
20190910195207 ,UJBA,KS,HG,42.84,8.5,13.5,2.32,5.25
20190910195207 ,MUS2,KS,EL,40.6,8.27,12.99,2.26,9.21
20190910195207 ,CHNB,KG,HH,18.51,4.35,6.52,2.6,9.1
20190910195207 ,YOGA,KS,HG,19.59,4.36,6.58,2.6,4.72
20190910195207 ,GGTA,KS,HG,44.61,8.79,13.92,2.42,4.6
20190910195207 ,YC2B,KS,HH,20.19,4.49,6.73,2.33,3.63
20190910195207 ,GMHB,KS,HH,33.43,6.64,10.52,2.22,4.99
20190910195207 ,SGMA,KS,HG,39.07,7.79,12.4,2.35,4.17
20190910195207 ,CWO2,KS,EL,39.4,7.71,12.29,2.3,12.07
20190910195207 ,PCH,KG,EL,21.54,4.69,7.2,2.37,7.4
20190910195207 ,GAPB,KS,HH,48.71,9.36,15.11,2.46,12.07
20190910195207 ,HWDB,KS,HH,60.32,11.4,18.3,2.06,10.33
20190910195207 ,HWCA,KS,HG,61.3,11.41,18.5,2.5,5.44
20190910195207 ,SODA,KS,HG,63.9,12.04,19.37,2.35,4.31
20190910195207 ,MOGA,KS,HG,65.53,12.16,19.76,2.46,5.28
20190910195207 ,GMPB,KS,HH,66.06,12.32,20.06,1.42,30.92
20190910195207 ,GSGA,KS,HG,68.47,12.78,20.76,2.46,4.5
20190910195207 ,GH2B,KS,HH,74.17,13.5,22.35,2.49,3.76
20190910195207 ,JURA,KS,HG,58.06,11.07,17.8,2.33,4.83
20190910195207 ,HWCB,KS,HH,52.84,10,16.12,2.22,27.56
20190910195207 ,SEO2,KS,HH,72.91,13.53,21.98,2.32,8.95
20190919091905 ,HTDA,KS,HG,87.56,15.83,26.77,2.87,6.17
20190919091905 ,MJDB,KS,HH,76.71,14.21,23.9,2.85,5.18
20190919091905 ,GGDB,KS,HH,47.44,9.39,15.42,2.65,6.19
20190921061116 ,YGGA,KS,HG,95.94,17.26,29.11,3.73,1.4
20190921061116 ,GAPB,KS,HG,96.51,17.49,29.26,3.79,1.63
20190921061116 ,SGMA,KS,HG,94.56,17.08,29.21,3.69,1.7
20190921061116 ,HWCA,KS,HG,86.03,15.66,26.35,3.59,2.95
20190921061116 ,MUS2,KS,EL,94.53,16.91,28.63,3.71,5.74
20190921061116 ,YKB,KG,HH,87.54,15.72,26.5,3.55,2
20190921061116 ,PCH,KG,EL,79.32,14.33,24.42,3.56,2.67
20190921061116 ,YC2B,KS,HH,73.81,13.49,22.5,3.72,1.57
20190921061116 ,CWO2,KS,EL,72.65,13.52,22.59,3.36,5.9
20190921061116 ,HWCB,KS,HH,67.01,12.49,21.03,3.35,12.07
20190921061116 ,GMHB,KS,HH,52.47,10.14,16.87,3.4,2.05
20190921061116 ,CHNB,KG,HH,45.9,8.86,14.82,3.28,8.14
20190921061116 ,YOGA,KS,HG,65.37,12.24,20.81,3.56,2.24
20190922020727 ,MJDB,KS,HH,30.65,6.17,10.11,3.22,3.54
20190922020727 ,BGDB,KS,HH,99.72,17.12,29.12,3.55,2.57
20190922020727 ,GGDB,KS,HH,15.89,4.03,6.46,3.05,6.19
20190922020727 ,HTDA,KS,HG,30.32,6.35,10.38,3.35,3.19
20190922020727 ,HUK2,KS,EL,65.05,11.77,19.75,3.26,5.84
20190922020727 ,JODB,KS,HG,83.73,14.41,24.46,3.25,3.42
20190922020727 ,HEDA,KS,HG,95.13,16.32,27.91,3.49,5.18
20190922020727 ,HGDB,KS,HH,61.59,11.37,18.79,3.4,2.28
20190925175731 ,CGD,KG,EL,70.22,12.08,20.2,2.8,5.11
20190925175731 ,UNCA,KS,HG,70.05,12.01,20.33,2.5,5.74
20190925175731 ,GKP2,KG,HH,69.61,12.05,20.31,2.76,3.24
20190925175731 ,DAGA,KS,HG,66.17,11.51,19.39,2.65,4.85
20190925175731 ,EUSB,KS,HH,65.55,11.38,19.3,2.65,2.84
20190925175731 ,YSB,KG,HH,73.28,12.61,21.34,2.63,4.46
20190925175731 ,YEYB,KS,HH,64.01,11.11,18.86,2.49,3.67
20190925175731 ,GUWB,KS,HH,67.87,11.71,19.94,2.65,3.29
20190925175731 ,MIYA,KS,HG,85.5,14.87,24.84,2.35,6.73
20190925175731 ,CGDA,KS,HG,76.78,13.28,22.4,2.65,4.31
20190925175731 ,SUBA,KS,HG,78.12,13.39,22.63,2.5,4.06
20190925175731 ,ADOA,KS,HG,78.48,13.57,23.01,2.65,4.33
20190925175731 ,MAK,KG,EL,81.96,13.95,23.67,2.4,11.1
20190925175731 ,JAEA,KS,HG,85.07,14.55,24.72,2.55,2.62
20190925175731 ,CIGB,KS,HH,86.23,14.75,25.02,2.8,2.96
20190925175731 ,DNBA,KS,HG,88.21,15.13,25.66,2.8,2.73
20190925175731 ,PKNU,KG,HG,90.33,15.34,26.32,2.35,5.08
20190925175731 ,YGAA,KS,HG,91.41,15.68,26.47,2.61,4.5
20190925175731 ,GGSA,KS,HG,94.97,16.26,27.52,2.63,3.83
20190925175731 ,BUS2,KS,HG,95.93,16.2,27.63,2.5,7.13
20190925175731 ,YEAB,KS,HH,75.46,12.82,21.98,2.52,4.01
20190925175731 ,GSNA,KS,HG,47.85,8.43,14.13,2.8,3.56
20190925175731 ,DAG2,KS,HH,53.85,9.48,15.96,2.79,5.91
20190925175731 ,CGU,KG,HG,32.11,5.82,9.74,2.53,4.02
20190925175731 ,DKJ,KG,EL,27.38,5.04,8.39,2.76,5.15
20190925175731 ,CHS,KG,HH,26.01,4.82,7.99,2.55,5.49
20190925175731 ,HAK,KG,HG,25.93,4.64,7.89,2.86,4.5
20190925175731 ,HMGA,KS,HG,23.59,4.18,7.03,2.65,5.19
20190925175731 ,JKJA,KS,HG,22.17,4.12,6.93,2.68,3.55
20190925175731 ,GGGA,KS,HG,32.44,5.68,9.56,2.51,2.94
20190925175731 ,GGDA,KS,HG,19.75,3.6,5.95,2.8,3.76
20190925175731 ,PHA2,KS,EL,15.62,2.73,4.5,2.78,4.92
20190925175731 ,GIGA,KS,HG,15.61,2.88,4.75,2.95,2.36
20190925175731 ,JUC,KG,HG,12.56,2,3.35,3.4,1.9
20190925175731 ,POSB,KG,HG,12.4,2.1,3.38,2.86,3.39
20190925175731 ,HCH,KG,HH,10.32,1.69,2.84,3.13,4.88
20190925175731 ,SNNA,KS,HG,56.81,9.92,16.74,2.53,6.99
20190925175731 ,POHB,KG,EL,10.31,1.52,2.57,3.31,3.57
20190925175731 ,SIG,KG,HG,36.8,6.55,11.29,2.62,3.06
20190925175731 ,JEJB,KS,HH,52.12,9.06,15.42,2.62,3.75
20190925175731 ,SKBA,KS,HG,50.72,8.92,15.1,2.56,3.43
20190925175731 ,YODB,KS,HH,50.7,8.8,15,2.75,2.56
20190925175731 ,ADO2,KS,EL,50.51,8.88,15.03,2.56,10.79
20190925175731 ,USN2,KS,EL,47.94,8.49,14.31,2.66,8.72
20190925175731 ,BOG,KG,HG,45.64,8.02,13.64,2.78,2.32
20190925175731 ,DUC,KG,HG,41.99,7.43,12.49,2.79,3.27
20190925175731 ,MKL,KG,HH,41.96,7.43,12.61,2.62,5.95
20190925175731 ,HDB,KG,HH,41.6,7.25,12.29,2.64,2.8
20190925175731 ,CSOA,KS,HG,40.93,7.21,12.29,2.38,5.58
20190925175731 ,YOCB,KS,HH,37.72,6.77,11.4,2.73,3.39
20191003185723 ,HAK,KG,HG,77.8,13.48,22.82,2.95,3.25
20191003185723 ,CIGB,KS,HH,77.28,13.04,22.15,2.64,4.15
20191003185723 ,KJM,KG,EL,75.77,12.68,21.51,2.49,12.6
20191003185723 ,POSB,KG,HH,74.63,12.81,21.73,2.67,3.92
20191003185723 ,YALB,KS,HH,67.58,11.45,19.53,2.6,4.15
20191003185723 ,HACA,KS,HG,69.84,11.98,20.36,2.44,6.87
20191003185723 ,KUJA,KS,HG,69.31,11.7,19.92,2.5,3.29
20191003185723 ,HCNA,KS,HG,64.26,11.03,18.76,2.5,5.02
20191003185723 ,SNNA,KS,HG,66.53,11.47,19.33,2.8,6.08
20191003185723 ,GGDA,KS,HG,64.8,11.14,18.86,2.9,2.95
20191003185723 ,GACA,KS,HG,64.75,11.01,18.65,2.77,5.41
20191003185723 ,GSU,KG,HH,78.32,13.48,22.61,2.77,5.06
20191003185723 ,GIGA,KS,HG,73.88,12.59,21.5,2.8,3.11
20191003185723 ,DES,KG,HH,86.05,14.77,25.28,2.84,5.96
20191003185723 ,POHB,KG,EL,81.47,14.25,24.5,2.95,5.35
20191003185723 ,YGAA,KS,HG,62.54,10.7,18.19,3.08,1.83
20191003185723 ,GUMA,KS,HG,99.74,16.71,28.54,2.77,3.65
20191003185723 ,MMD,KS,HH,95.22,16,27.12,2.79,12.46
20191003185723 ,PHA2,KS,EL,93.08,15.95,27.14,3.01,4.19
20191003185723 ,SACA,KS,HG,89.85,14.95,25.71,2.52,5.61
20191003185723 ,KCH2,KS,EL,87.41,14.67,25.18,2.45,24.42
20191003185723 ,JGNA,KS,HG,86.72,14.6,25.09,2.91,3.86
20191003185723 ,HAIA,KS,HG,84.8,14.3,24.18,2.77,5.86
20191003185723 ,GUWB,KS,HH,83.14,14.26,24.03,2.83,3.18
20191003185723 ,JINA,KS,HG,82.51,14.04,23.85,3.1,2.6
20191003185723 ,CHS,KG,HH,82.16,13.84,23.68,2.68,5.74
20191003185723 ,HCH,KG,HH,79.32,13.75,23.85,2.93,3.96
20191003185723 ,YGJA,KS,HG,60.68,10.4,17.68,2.58,5.18
20191003185723 ,BOG,KG,HG,41.79,7.4,12.38,2.71,4.5
20191003185723 ,CLSA,KS,HG,36.96,6.55,10.92,2.71,5.18
20191003185723 ,CHRB,KS,HH,36.79,6.44,10.87,2.48,6.89
20191003185723 ,GSNA,KS,HG,36.13,6.39,10.61,2.8,4.7
20191003185723 ,UNCA,KS,HG,35.87,6.36,10.52,2.65,4.88
20191003185723 ,BUS2,KS,HH,35.07,6.23,9.96,2.91,4.67
20191003185723 ,DAG2,KS,HH,34.76,6.2,10.39,2.85,5.18
20191003185723 ,MAK,KG,EL,32.68,5.78,9.58,2.66,7.19
20191003185723 ,CGDA,KS,HG,29.2,5.35,8.93,2.95,3.85
20191003185723 ,JUCA,KS,HG,27.34,4.9,8.08,2.76,3.52
20191003185723 ,JNYA,KS,HG,26.5,4.79,7.85,2.67,4.51
20191003185723 ,MLGA,KS,HG,23.76,4.25,6.94,2.89,5.7
20191003185723 ,YSB,KG,HH,22.33,4.02,6.5,2.97,3.38
20191003185723 ,MSNA,KS,HG,18.57,3.41,5.49,2.99,2.95
20191003185723 ,CGD,KG,EL,17.94,3.44,5.53,2.86,5.18
20191003185723 ,JNHA,KS,HG,42.07,7.4,12.36,2.79,4.06
20191003185723 ,PKNU,KG,HG,42.91,7.53,12.53,2.76,3.32
20191003185723 ,USN2,KS,EL,36.52,6.52,10.75,2.81,8.57
20191003185723 ,DUC,KG,HG,42.97,7.54,12.61,2.85,4.5
20191003185723 ,DKJ,KG,EL,58.36,10.08,17.11,2.83,5.27
20191003185723 ,HDB,KG,HH,57.81,10.08,16.96,2.93,2.83
20191003185723 ,YOCB,KS,HH,57.74,9.86,16.95,2.95,2.73
20191003185723 ,MIYA,KS,HG,14.69,2.76,4.45,2.95,3.04
20191003185723 ,EURB,KS,HH,55.34,9.58,16.06,2.7,4.5
20191003185723 ,SIG,KG,HG,54.68,9.57,16.2,2.95,3.19
20191003185723 ,CGU,KG,HG,54.59,9.54,16.04,2.65,3.66
20191003185723 ,JEJB,KS,HH,56.75,9.92,16.69,2.97,3.19
20191003185723 ,GDDB,KS,HH,53.94,9.36,15.63,2.68,3.72
20191003185723 ,BBK,KG,EL,54.53,9.54,16.2,2.92,4.42
20191003185723 ,MKL,KG,HH,46.22,8.15,13.67,2.79,4.97
20191003185723 ,GCN,KG,HG,46.99,8.2,13.83,2.65,4.49
20191003185723 ,DAGA,KS,HG,50.1,8.79,14.81,2.95,3.99
20191003185723 ,GKP2,KG,HH,52.95,9.22,15.52,2.76,4.06
20191003185723 ,BSAA,KS,HG,49.88,8.79,14.72,2.95,2.81
20191013105244 ,DKJ,KG,EL,81.57,14.17,24.26,2.02,8.4
20191013105244 ,EUSB,KS,HH,88.88,15.53,26.49,2.2,4.03
20191013105244 ,HDB,KG,HG,92.02,15.73,26.87,2.2,4.23
20191013105244 ,GCN,KG,HG,92.17,15.82,27,2.05,6.65
20191013105244 ,CHYB,KS,HH,80.78,14.11,23.98,2.09,5.61
20191013105244 ,YODB,KS,HH,23.75,5.39,8.92,2.06,9.81
20191013105244 ,ULJ2,KS,HH,30.52,6.25,10.37,2.02,7.46
20191013105244 ,GGGA,KS,HG,31.32,6.5,10.79,1.75,10.57
20191013105244 ,SKBA,KS,HG,43.36,8.37,14.15,2.05,4.15
20191013105244 ,JKJA,KS,HG,51.41,9.68,16.49,2.46,2.49
20191013105244 ,YEYB,KS,HH,52.36,9.85,16.46,2.18,4.03
20191013105244 ,DES,KG,HH,53.28,9.8,16.89,2.05,8.16
20191013105244 ,CSOA,KS,HG,53.95,10.13,17.08,2.05,7.05
20191013105244 ,YEAB,KS,HH,70.49,12.66,21.32,2.05,5.32
20191013105244 ,CHS,KG,HH,64.36,11.64,19.81,2.17,5.09
20191013105244 ,JAEA,KS,HG,66.91,12,20.33,2.17,4.72
20191013105244 ,ADO2,KS,EL,64.97,11.82,20.06,2.35,12.38
20191027063726 ,SIG,KG,HG,86.2,15.31,25.68,3.25,2.51
20191027063726 ,DUSB,KS,HH,84.87,15,25,3.48,2.5
20191027063726 ,CGU,KG,HG,84.59,14.99,24.97,3.4,2.4
20191027063726 ,NAHA,KS,HG,84.11,15.02,25.02,3.4,3.4
20191027063726 ,GICA,KS,HG,82.79,14.69,24.3,3.16,4.16
20191027063726 ,DKJ,KG,EL,82.38,14.65,24.31,3.4,3.42
20191027063726 ,YOCB,KS,HH,76.16,13.6,22.64,3.46,2.79
20191027063726 ,JRB,KG,HH,80.83,14.19,23.68,3.04,6.41
20191027063726 ,MKL,KG,HH,77.6,13.83,23.01,3.18,3.86
20191027063726 ,JLSA,KS,HG,77.38,13.49,22.67,3.13,5.33
20191027063726 ,HADA,KS,HG,75.69,13.33,22.42,2.93,8.82
20191027063726 ,GCN,KG,HG,74.62,13.37,22.06,3.32,3.28
20191027063726 ,KMC,KG,EL,81.18,14.57,23.96,3.38,4.49
20191027063726 ,GUWB,KS,HH,86.66,15.16,25.28,3.4,1.93
20191027063726 ,GUMA,KS,HG,93.8,16.26,27.43,3.3,3.19
20191027063726 ,SNNA,KS,HG,74.47,13.22,21.81,3.4,2.84
20191027063726 ,NAWB,KS,HG,99.84,17.19,29.05,3.54,1.91
20191027063726 ,YDGA,KS,HG,98.96,17.41,28.79,3.48,2.83
20191027063726 ,GIGA,KS,HG,97.79,17.06,28.51,3.55,1.78
20191027063726 ,GRE,KG,EL,97.04,16.54,28.29,3.19,5.86
20191027063726 ,DGHA,KS,HG,96.2,16.84,28.08,3.35,2.66
20191027063726 ,JASA,KS,HG,92.65,16.28,27.17,3.25,4.23
20191027063726 ,YGBA,KS,HG,92.34,16.3,27.5,3.66,1.1
20191027063726 ,GGDA,KS,HG,91.97,16.11,26.89,3.4,2.05
20191027063726 ,JEJB,KS,HH,90.42,15.99,26.69,3.35,2.22
20191027063726 ,YKDB,KS,HH,90.14,15.88,26.52,3.24,3.54
20191027063726 ,GWYB,KS,HH,89.85,15.7,26.27,3.25,4.81
20191027063726 ,BAU,KS,EL,88.71,15.49,26,3.2,12.07
20191027063726 ,BBK,KG,EL,88.41,15.63,26.23,3.55,1.88
20191027063726 ,BOG,KG,HG,73.26,13.15,21.79,3.37,2.19
20191027063726 ,GMNA,KS,HG,72.68,12.95,21.58,3.49,2.86
20191027063726 ,JINA,KS,HG,50.18,9.49,15.58,3.48,2.14
20191027063726 ,MLGA,KS,HG,48.4,9.24,14.97,3.16,3.91
20191027063726 ,MSNA,KS,HG,47.57,9.05,14.6,3.51,2.78
20191027063726 ,GSU,KG,HH,46.74,8.97,14.61,3.3,2.62
20191027063726 ,YALB,KS,HH,45.46,8.7,14.09,3.35,3.69
20191027063726 ,YGJA,KS,HG,43.57,8.46,13.6,3.28,2.76
20191027063726 ,JNHA,KS,HG,42.04,8.3,13.27,3.25,3.65
20191027063726 ,CGD,KG,EL,39.99,7.84,12.61,3.32,4.14
20191027063726 ,GACA,KS,HG,38.19,7.62,12.14,3.23,3.73
20191027063726 ,JUCA,KS,HG,37.3,7.51,11.99,3.13,6
20191027063726 ,HACA,KS,HG,36.65,7.29,11.8,3.22,3.13
20191027063726 ,HCNA,KS,HG,35.21,7,11.25,3.32,3.03
20191027063726 ,DUC,KG,HG,73.09,13.07,21.61,3.28,2.98
20191027063726 ,CGWB,KS,HH,29.37,6.28,9.74,3.32,3.39
20191027063726 ,JNYA,KS,HG,26.99,5.87,9.11,3.08,4.72
20191027063726 ,MIYA,KS,HG,26.75,5.71,8.92,3.54,2.18
20191027063726 ,EURB,KS,HH,23.03,5.17,7.88,3.11,5.25
20191027063726 ,CHRB,KS,HH,17.06,4.16,6.14,3.43,3.1
20191027063726 ,CLSA,KS,HG,11.29,3.38,4.81,3.18,3.73
20191027063726 ,YGAA,KS,HG,51.43,9.64,15.66,3.3,2.96
20191027063726 ,CGDA,KS,HG,33.97,6.85,10.99,3.41,2.4
20191027063726 ,DAGA,KS,HG,54.99,10.11,16.59,3.37,2.81
20191027063726 ,YSB,KG,HH,54.88,10.28,16.68,3.27,3.25
20191027063726 ,WICA,KS,HG,72.56,13.04,21.61,3.24,4.31
20191027063726 ,PKNU,KG,HG,71.96,12.99,21.78,3.4,1.81
20191027063726 ,CIGB,KS,HH,71.28,12.6,21.01,3.05,3.91
20191027063726 ,UNCA,KS,HG,69.1,12.6,20.74,3.25,2.73
20191027063726 ,USN2,KS,EL,66.7,12.07,20.03,3.27,3.9
20191027063726 ,BSAA,KS,HG,66.21,12.28,20.29,3.2,2.88
20191027063726 ,JGNA,KS,HG,66.07,12.02,19.77,3.44,3.85
20191027063726 ,MAK,KG,EL,63.55,11.66,19.26,3.22,4.67
20191027063726 ,HAMB,KS,HH,69.26,12.31,20.58,3.11,3.61
20191027063726 ,BUS2,KS,HH,60.2,11.25,18.36,3.24,5.11
20191027063726 ,DAG2,KS,HH,55.16,10.22,16.81,3.4,3.63
20191027063726 ,GSNA,KS,HG,61.78,11.3,18.45,3.34,3.15
20191027063726 ,GKP2,KG,HH,55.27,10.14,16.67,3.3,2.95
20191027063726 ,GDDB,KS,HH,56.38,10.65,17.29,3.4,2.05
20191027063726 ,KCH2,KS,EL,57.42,10.49,17.48,3.15,8.57
20191027063726 ,HAIA,KS,HG,59.17,10.97,17.91,3.4,3.34
20191027063726 ,KUJA,KS,HG,59.65,11.02,18.21,2.95,3.18
20191027063726 ,SACA,KS,HG,56.39,10.29,17.2,3.09,4.31
20191029170141 ,GGGA,KS,HG,78.88,13.95,23.3,2.8,1.81
20191029170141 ,GICA,KS,HG,81.29,14.1,23.54,2.62,3.99
20191029170141 ,PYCB,KS,HH,80.37,14.12,23.79,2.32,13.58
20191029170141 ,CGAA,KS,HG,79.67,14.1,23.25,2.7,3.83
20191029170141 ,BKWA,KS,HG,78.16,13.96,23.11,2.65,3.66
20191029170141 ,CIGB,KS,HH,74.61,13.05,21.62,2.65,3.27
20191029170141 ,YOCB,KS,HH,84.39,14.97,24.93,2.47,3.9
20191029170141 ,CPR2,KS,EL,77.24,13.56,22.64,2.31,10.13
20191029170141 ,KMC,KG,EL,98.15,16.85,28.32,2.65,6.77
20191029170141 ,JCUA,KS,HG,73.38,13.07,21.87,2.41,4.85
20191029170141 ,BURB,KS,HH,98.66,17.35,28.88,2.3,5.18
20191029170141 ,JNPA,KS,HG,95.01,16.69,27.81,2.8,3.04
20191029170141 ,YGAA,KS,HG,94.86,16.5,27.71,2.8,2.28
20191029170141 ,EMSB,KS,HH,94.36,16.64,27.67,2.79,2.8
20191029170141 ,LMGA,KS,HG,93.41,16.53,27.42,2.59,3.91
20191029170141 ,HCH,KG,HH,91.84,16.49,27.82,2.95,2.26
20191029170141 ,IMWB,KS,HH,90.46,16.08,26.58,2.5,3.83
20191029170141 ,GKP2,KG,HH,88.17,15.52,25.75,2.59,3.39
20191029170141 ,SNGB,KS,HH,85.83,15.27,25.1,2.34,4.08
20191029170141 ,ULJ2,KS,HH,72.09,12.93,21.39,2.76,3.91
20191029170141 ,AGSA,KS,HG,85.43,15.16,25.15,2.65,3.52
20191029170141 ,JSB,KG,HH,71.47,12.93,21.1,2.81,2.94
20191029170141 ,ADO2,KS,EL,43.64,8.15,13.33,2.59,7.82
20191029170141 ,DNYA,KS,HG,42.18,7.92,12.9,2.63,3.19
20191029170141 ,CHYB,KS,HH,41.19,7.68,12.4,2.74,2.47
20191029170141 ,JAEA,KS,HG,37.83,7.24,11.76,2.78,2.46
20191029170141 ,DNBA,KS,HG,37.36,7.11,11.32,2.85,2.27
20191029170141 ,ADOA,KS,HG,17.55,3.49,5.42,2.83,3.1
20191029170141 ,YCHB,KS,HH,19.48,3.79,5.8,2.73,3.39
20191029170141 ,YOJB,KS,HH,24.97,4.89,7.72,2.88,1.68
20191029170141 ,YEAB,KS,HH,26.81,5.24,8.34,2.74,3.39
20191029170141 ,DGLA,KS,HG,34.21,6.63,10.64,2.9,3.08
20191029170141 ,BUSA,KS,HG,34.97,6.65,10.71,2.83,3.25
20191029170141 ,MGB,KG,HH,36.99,6.91,11.16,2.73,5.18
20191029170141 ,YEYB,KS,HH,44.32,8.29,13.56,2.76,2.95
20191029170141 ,DKSA,KS,HG,49.39,9.13,14.86,2.78,2.75
20191029170141 ,GUMA,KS,HG,57.99,10.37,17.25,2.8,2.57
20191029170141 ,YOW2,KS,EL,58.14,10.45,17.37,2.7,5.18
20191029170141 ,CHJ2,KS,HH,61.43,11.16,18.16,2.4,12.42
20191029170141 ,GWLA,KS,HG,63.56,11.58,19.08,2.65,2.69
20191029170141 ,SNDA,KS,HG,65.33,11.79,19.31,2.2,4.93
20191029170141 ,JECB,KS,HH,65.59,11.78,19.55,2.47,3.86
20191029170141 ,MGY2,KS,EL,50.19,9.12,14.9,2.94,1.88
20191029170141 ,CHS,KG,HH,70.73,12.72,21.04,2.62,4.25
20191029170141 ,GGSA,KS,HG,57.07,10.37,17.09,2.81,2.06
20191029170141 ,PGEA,KS,HG,15,2.97,4.47,2.83,3.19
20191029170141 ,SND,KG,HH,56.21,10.4,16.89,2.83,2.71
20191029170141 ,SKBA,KS,HG,54.81,9.98,16.5,2.65,3.6
20191029170141 ,SAJB,KS,HH,51.52,9.31,15.32,2.77,1.97
20191031072934 ,GGTA,KS,HG,91.71,15.9,26.63,2.5,3.9
20191031072934 ,HSB,KG,HH,90.2,15.72,26.46,2.47,4.7
20191031072934 ,DEI2,KS,HH,10.16,1.46,2.1,2.53,9.64
20191031072934 ,NJDA,KS,HG,36.22,6.73,11.14,2.07,5.22
20191031072934 ,YPDB,KS,HH,54.96,9.78,16.23,2.35,3.99
20191031072934 ,YPD,KG,EL,60.09,10.69,17.74,2.44,5.18
20191031072934 ,GH2B,KS,HH,60.65,10.69,17.8,2.25,3.51
20191031072934 ,HAWB,KS,HG,62.26,11.04,18.4,2.05,7.4
20191031072934 ,GMPB,KS,HG,67.79,11.92,20.06,1.75,17.54
20191031072934 ,GBI2,KS,HH,84.59,14.92,25,2.44,6.87
20191031072934 ,WNBA,KS,HG,49.05,8.87,14.93,2.2,5.58
20191109141414 ,BAR2,KS,HH,41.27,7.94,12.65,2.86,2.33
20191109141414 ,BRN,KG,HG,40.26,7.48,12.53,2.95,1.28
20191109141414 ,BRS,KG,HG,34.65,6.61,10.61,2.97,1.66
20191109141414 ,DACB,KS,HH,26.02,4.99,8.05,2.71,3.19
20191120210807 ,HTDA,KS,HG,89.23,16.54,26.92,2.49,5.66
20191120210807 ,HUK2,KS,EL,69.11,13.19,21.59,2.47,8.45
20191120210807 ,HGDB,KS,HH,54.02,10.66,17.11,2.2,6.69
20191121105550 ,GMDB,KS,HH,78.37,14.26,23.63,2.68,7.57
20191121105550 ,YNDB,KS,HH,72.62,13.82,22.46,2.79,5.91
20191121105550 ,YKDB,KS,HH,90.06,16.58,27.43,2.65,4.88
20191121105550 ,CHDA,KS,HG,90.33,16.25,26.82,2.6,7.91
20191121105550 ,NLDA,KS,HG,97.31,17.5,29,2.8,4.75
20191129030443 ,GWLA,KS,HG,95.5,16.72,28.58,2.8,2.19
20191129030443 ,GGSA,KS,HG,57.75,10.87,18.21,2.43,5.9
20191129030443 ,ULJ2,KS,HH,39.59,7.85,13.11,2.48,5.11
20191129030443 ,YODB,KS,HH,50.7,9.52,16.08,2.38,7.49
20191129030443 ,SND,KG,HH,94.66,16.62,28.33,2.79,2.39
20191129030443 ,UJNA,KS,HG,37.96,7.54,12.72,2.35,4.82
20191129030443 ,PGEA,KS,HG,99.15,17.32,29.52,2.5,5.47
20191129030443 ,CHS,KG,HH,98.63,17.06,29.02,2.2,8.92
20191129030443 ,DES,KG,HH,90.56,15.79,27.06,2.3,9.1
20191129030443 ,YEYB,KS,HH,68.63,12.39,21.04,2.35,6.16
20191129030443 ,JAEA,KS,HG,72.34,12.98,22.13,2.63,2.86
20191129030443 ,CHYB,KS,HH,79.22,14.13,23.9,2.63,4.35
20191129030443 ,CSOA,KS,HG,82.57,14.52,24.73,2.64,3.11
20191129030443 ,SNGB,KS,HH,83.24,14.4,24.7,2.48,3.5
20191129030443 ,ADO2,KS,EL,90.72,15.85,27.06,2.22,19.4
20191129030443 ,SKBA,KS,HG,67.05,12.06,20.56,2.35,4.62
20191129030443 ,TBA2,KS,EL,83.57,14.24,24.42,2.71,6.87
20191129030443 ,PHA2,KS,EL,83.6,14.59,25.04,2.46,4.92
20191129030443 ,YEAB,KS,HH,84.17,14.92,25.36,2.65,2.96
20191129030443 ,JKJA,KS,HG,86.32,14.78,25.89,2.5,4.28
20191204081920 ,HGDB,KS,HH,97.28,17.09,29.41,2.95,1.96
20191204081920 ,HTDA,KS,HG,75.16,13.48,23.35,2.78,3.8
20191204081920 ,GGDB,KS,HH,42.51,7.71,13.5,2.6,4.78
20191204081920 ,MJDB,KS,HH,77.59,13.49,23.52,2.5,5.47
20191212112955 ,WAN2,KS,EL,96.49,17.11,28.96,2.93,19.12
20191212112955 ,CHDA,KS,HG,82.66,14.81,24.88,2.39,10.48
20191212112955 ,BGD,KG,HH,75.87,14.02,23.37,2.43,13.89
20191212112955 ,GMDB,KS,HH,65.02,12.05,20.14,2.18,18.58
20191212112955 ,HALB,KS,HH,63.11,11.99,19.61,1.9,15.23
20191212112955 ,JJU2,KS,HH,38.54,8.26,13.31,2.65,7.21
20191212112955 ,CSDB,KS,HH,70.72,13.07,21.71,2.44,10.48
20191212112955 ,YSDA,KS,HG,49.45,9.83,16.17,2.41,9.21
20191212112955 ,PYSB,KS,HH,25.82,6.11,9.7,2.16,10.48
20191212112955 ,GUJA,KS,HG,18.66,5.37,8.39,2.35,6.16
20191212112955 ,GOS2,KS,EL,72.63,13.18,22.07,2.69,5.18
20191212112955 ,JJB,KG,HH,28.64,6.79,10.75,2.8,3.29
20191215051540 ,KIP,KG,HH,76.75,13.97,22.84,2.55,12.86
20191215051540 ,GBI2,KS,HH,84.17,15.92,25.72,2.48,23.19
20191215051540 ,ASNA,KS,HG,80.22,14.51,24.19,2.65,3.87
20191215051540 ,HSB,KG,HH,77.68,14.16,23.43,2.48,6.08
20191215051540 ,SNU,KG,HH,73.53,13.45,21.97,1.75,12.6
20191215051540 ,SEO2,KS,HH,72.74,13.22,21.7,2.35,4.93
20191215051540 ,HAWB,KS,HH,50.93,9.57,15.49,2.64,2.43
20191215051540 ,NJDA,KS,HG,23.89,5.06,7.87,2.28,3.91
20191215051540 ,WNBA,KS,HG,38.78,7.81,12.57,2.52,5.16
20191215051540 ,SES2,KS,HH,47.15,9.2,14.92,2.39,16
20191215051540 ,DGJA,KS,HG,47.47,9.18,14.91,2.4,4.23
20191215051540 ,SHHB,KS,HH,48.81,9.23,14.96,1.6,19.34
20191215051540 ,INCA,KS,HG,51.25,9.62,15.62,1.6,28.2
20191215051540 ,TANB,KS,HH,55.47,10.55,17.4,2.6,5.57
20191215051540 ,GH2B,KS,HH,64.77,11.85,19.31,2.6,2.38
20191215051540 ,GMPB,KS,HH,67.74,12.37,20.08,2.2,5.91
20191215051540 ,YPDB,KS,HH,67.9,12.61,20.56,2.46,3.39
20191215051540 ,YSAB,KS,HH,71.17,13.12,21.62,2.5,3.68
20191215051540 ,DEI2,KS,HH,17.81,3.98,6.01,2.55,7.91
20191217070030 ,DEI2,KS,HH,84.82,14.83,25.15,2.55,5.96
20191217070030 ,GH2B,KS,HH,52.63,9.44,15.9,2.35,4.64
20191217070030 ,GGTA,KS,HG,84.11,14.7,24.66,2.5,3.83
20191217070030 ,GODA,KS,HG,36.83,6.75,11.38,2.35,3.81
20191217070030 ,YPD,KG,EL,47.93,8.62,14.57,2.54,7.91
20191217070030 ,YPDB,KS,HH,52.37,9.26,15.71,2.5,5.22
20191217070030 ,KIP,KG,HH,63.62,11.27,19.09,2.64,7.57
20191217070030 ,MUS2,KS,EL,69.42,12.15,20.54,2.5,8.97
20191217070030 ,GMPB,KS,HH,72.84,12.72,21.64,2.5,3.06
20191217070030 ,YC2B,KS,HH,81.97,13.87,23.59,2.35,4.7
20191223211916 ,GOS2,KS,EL,89.42,15.31,26.05,2.95,2.92
20191223211916 ,GMDB,KS,HH,84.73,14.44,24.67,2.45,9.1
20191223211916 ,HALB,KS,HH,84.09,14.5,24.8,2.62,3.86
20191223211916 ,YSDA,KS,HG,81.02,13.85,23.65,2.63,8.02
20191223211916 ,JJU2,KS,HH,60.01,10.89,18.29,2.8,4.72
20191223211916 ,JJB,KG,HH,50.91,9.5,16.04,2.95,3.33
20191223211916 ,UDO,KS,HH,33.67,6.71,11.14,2.65,3.87
20191223211916 ,MRD,KG,HH,86.13,14.66,24.86,2.65,4.81
20191228234326 ,CSDB,KS,HH,98.02,17.59,29.28,2.95,3.44
20191228234326 ,JJB,KG,HH,49.54,10.13,16.37,2.65,4.96
20191228234326 ,MRD,KG,HH,87.21,15.76,26.45,2.55,9.53
20191228234326 ,UDO,KS,HH,30.4,7.03,11.11,2.65,4.96
20191228234326 ,PYSB,KS,HH,33.58,7.28,11.38,2.61,3.82
20191228234326 ,GUJA,KS,HG,46.36,9.49,15.38,2.65,5.58
20191228234326 ,JJU2,KS,HH,59.01,11.65,18.94,2.71,6.87
20191228234326 ,YSDA,KS,HG,76.79,14.16,23.6,2.59,8.45
20191228234326 ,GMDB,KS,HH,80.37,14.79,24.57,2.32,12
20191228234326 ,HALB,KS,HH,83.53,15.43,25.54,2.35,15.23
20191229153208 ,CHS,KG,HH,71.68,12.61,21.26,3.29,6.43
20191229153208 ,DES,KG,HH,75.62,13.49,22.72,5.06,0.26
20191229153208 ,GUWB,KS,HH,74.98,13.18,22.27,3.36,2.8
20191229153208 ,HACA,KS,HG,74.9,13.01,22.26,3.16,5.55
20191229153208 ,GACA,KS,HG,73.88,12.75,21.68,3.15,6.21
20191229153208 ,JUC,KG,HG,75.83,13.35,22.89,3.66,2.47
20191229153208 ,YGJA,KS,HG,70.87,12.39,21,3.43,3.74
20191229153208 ,POHB,KG,EL,71.26,12.77,21.87,3.69,3.72
20191229153208 ,KUJA,KS,HG,79.84,13.63,23.2,3.16,4.11
20191229153208 ,HCH,KG,HH,69,12.37,21.07,3.7,2.79
20191229153208 ,HAK,KG,HG,68.77,12.15,20.75,3.7,1.87
20191229153208 ,YALB,KS,HH,67.4,11.9,20.17,3.46,2.95
20191229153208 ,CIGB,KS,HH,71.65,12.5,21.26,3.4,2.76
20191229153208 ,JKJA,KS,HG,81.47,14.09,24.08,3.64,3.11
20191229153208 ,KJM,KG,EL,86.31,14.5,24.84,3.19,9.1
20191229153208 ,KMC,KG,EL,98.85,16.89,28.98,3.4,6.16
20191229153208 ,ADO2,KS,EL,95.18,16.24,27.72,3.36,11.86
20191229153208 ,SACA,KS,HG,94.6,15.86,27.63,3.38,3.22
20191229153208 ,HAIA,KS,HG,94.38,15.95,27.28,3.43,4.41
20191229153208 ,CSOA,KS,HG,93.9,15.96,27.34,3.47,3.07
20191229153208 ,GUMA,KS,HG,93.46,15.89,27.45,3.4,2.44
20191229153208 ,PHA2,KS,EL,82.7,14.36,24.46,3.58,3.76
20191229153208 ,GICA,KS,HG,92.86,15.91,27.1,3.33,3.88
20191229153208 ,JINA,KS,HG,90.19,15.36,26.33,3.25,3.9
20191229153208 ,KCH2,KS,EL,89.69,15.29,26.42,3.38,8.4
20191229153208 ,GSU,KG,HH,86.31,14.79,25.44,3.32,3.91
20191229153208 ,JGNA,KS,HG,85.2,14.73,25.16,3.58,4.66
20191229153208 ,HMGA,KS,HG,83.72,14.43,24.62,3.42,2.6
20191229153208 ,EUSB,KS,HH,90.92,15.44,26.96,3.23,4.54
20191229153208 ,POSB,KG,HH,64.45,11.44,19.29,3.23,4.86
20191229153208 ,MAK,KG,EL,34.61,6.68,10.99,3.2,8.4
20191229153208 ,GDDB,KS,HH,64.05,11.23,18.99,3.33,3.91
20191229153208 ,CHRB,KS,HH,39.67,7.59,12.72,3.22,4.4
20191229153208 ,MKL,KG,HH,37.7,7.25,12.05,3.4,4.62
20191229153208 ,JUCA,KS,HG,37.23,7.18,11.92,3.4,4.21
20191229153208 ,GCN,KG,HG,37.02,7.18,11.91,3.37,4.15
20191229153208 ,JNYA,KS,HG,36.4,7.13,11.35,3.26,10.27
20191229153208 ,UNCA,KS,HG,33.9,6.61,10.8,3.14,6.28
20191229153208 ,DUC,KG,HG,33.81,6.65,10.98,3.46,2.56
20191229153208 ,BOG,KG,HG,33.44,6.6,10.9,3.53,2.18
20191229153208 ,BUS2,KS,HH,40.82,7.68,12.69,3.33,4.47
20191229153208 ,MLGA,KS,HG,30.64,6.16,10.09,3.46,4.85
20191229153208 ,MSNA,KS,HG,11.56,3.73,5.93,3.08,4.13
20191229153208 ,CGD,KG,EL,12.18,3.89,6.22,3.05,6.6
20191229153208 ,MIYA,KS,HG,18.89,4.69,7.64,3.28,4.55
20191229153208 ,YSB,KG,HH,21.68,4.84,7.81,3.22,6.45
20191229153208 ,DAG2,KS,HH,25.2,5.52,9.09,3.52,4.62
20191229153208 ,CGDA,KS,HG,25.74,5.62,9.28,3.19,3.75
20191229153208 ,GSNA,KS,HG,26.11,5.59,9.19,3.3,5.96
20191229153208 ,USN2,KS,EL,27.54,5.81,9.4,3.27,6.02
20191229153208 ,UNI,KG,HG,27.75,5.75,9.39,3.47,3.39
20191229153208 ,DAGA,KS,HG,43.04,8.21,13.69,3.45,3.05
20191229153208 ,CGU,KG,HG,45.27,8.47,13.94,3.36,3.69
20191229153208 ,CLSA,KS,HG,44.25,8.29,13.82,3.21,5.6
20191229153208 ,GIGA,KS,HG,63.41,11.25,18.97,3.4,3.27
20191229153208 ,EURB,KS,HG,62.28,11.1,18.63,3.04,9.1
20191229153208 ,BSAA,KS,HG,57.91,10.17,17.35,3.25,3.25
20191229153208 ,SNNA,KS,HG,57.88,10.43,17.49,3.2,5.6
20191229153208 ,GGDA,KS,HG,54.68,9.85,16.53,3.49,2.95
20191229153208 ,CGWB,KS,HG,53.42,9.71,16.36,3.52,3.75
20191229153208 ,JNHA,KS,HG,52.4,9.51,15.96,3.49,4.15
20191229153208 ,YGBA,KS,HG,52.17,9.55,16.24,3.6,2.06
20191229153208 ,JEJB,KS,HH,50.76,9.27,15.49,3.47,3
20191229153208 ,YGAA,KS,HG,59.13,10.63,17.97,3.53,2.04
20191229153208 ,HDB,KG,HH,50.19,9.13,15.28,3.35,2.95
20191229153208 ,SIG,KG,HG,46.14,8.59,14.39,3.41,3.04
20191229153208 ,PKNU,KG,HG,45.87,8.37,13.97,3.33,3.34
20191229153208 ,YOCB,KS,HH,47.57,8.76,14.82,3.34,3.63
20191229153208 ,GKP2,KG,HH,46.37,8.71,14.56,3.4,3.21
20191229153208 ,BBK,KG,EL,49.62,9.07,15.23,3.41,3.34
20191229153208 ,DKJ,KG,EL,47.94,8.84,14.94,3.42,5.55
20191229164402 ,DES,KG,HH,75.62,13.65,22.9,2.72,5.24
20191229164402 ,GUWB,KS,HH,74.98,13.37,22.5,2.2,6.97
20191229164402 ,HACA,KS,HG,74.9,13.24,22.39,2.33,6.37
20191229164402 ,GACA,KS,HG,73.88,12.93,21.91,2.3,11.26
20191229164402 ,CHS,KG,HH,71.68,12.78,21.4,2.48,8.4
20191229164402 ,HCH,KG,HH,69,12.61,21.25,2.5,7.97
20191229164402 ,POHB,KG,EL,71.26,13.16,22.06,2.65,6.65
20191229164402 ,YGJA,KS,HG,70.87,12.54,21.17,2.64,4.99
20191229164402 ,YALB,KS,HH,67.4,12.06,20.33,2.4,8.18
20191229164402 ,CIGB,KS,HH,71.65,12.7,21.43,2.25,6
20191229164402 ,GICA,KS,HG,92.86,16.1,27.29,2.3,6.87
20191229164402 ,PHA2,KS,EL,82.7,14.63,24.61,2.78,4.64
20191229164402 ,POSB,KG,HH,64.45,11.6,19.4,2.16,13.89
20191229164402 ,KMC,KG,EL,98.85,17.1,29.16,2.5,8.3
20191229164402 ,ADO2,KS,EL,95.18,16.49,27.87,2.49,29.87
20191229164402 ,SACA,KS,HG,94.6,16.04,27.71,2.31,5.96
20191229164402 ,EUSB,KS,HG,90.92,15.77,26.87,2.49,5.38
20191229164402 ,JINA,KS,HG,90.19,15.64,26.52,2.39,5.96
20191229164402 ,KCH2,KS,EL,89.69,15.5,26.61,2.52,14.06
20191229164402 ,KJM,KG,EL,86.31,14.72,24.95,2.26,29.95
20191229164402 ,GSU,KG,HH,86.31,15.08,25.61,2.29,6.48
20191229164402 ,JGNA,KS,HG,85.2,14.95,25.33,2.91,4.42
20191229164402 ,HMGA,KS,HG,83.72,14.91,24.74,2.35,4.54
20191229164402 ,JKJA,KS,HG,81.47,14.35,24.28,2.86,2.96
20191229164402 ,SNNA,KS,HG,57.88,10.63,17.94,2.35,8.45
20191229164402 ,GIGA,KS,HG,63.41,11.47,19.11,2.48,4.83
20191229164402 ,MKL,KG,HH,37.7,7.39,12.16,2.43,7.55
20191229164402 ,JUCA,KS,HG,37.23,7.36,12.02,2.37,11.49
20191229164402 ,GCN,KG,HG,37.02,7.36,12.04,2.49,7.53
20191229164402 ,JNYA,KS,HG,36.4,7.3,11.92,2.35,16.23
20191229164402 ,MAK,KG,EL,34.61,6.83,11.09,2.24,19.29
20191229164402 ,UNCA,KS,HG,33.9,6.76,10.91,2.2,9.4
20191229164402 ,DUC,KG,HG,33.81,6.8,11.11,2.44,5.06
20191229164402 ,BOG,KG,HG,33.44,6.75,11.08,2.5,4.03
20191229164402 ,MLGA,KS,HG,30.64,6.31,10.2,2.6,8.64
20191229164402 ,UNI,KG,HG,27.75,5.88,9.5,2.4,7.03
20191229164402 ,GDDB,KS,HH,64.05,11.39,19.09,2.5,5.32
20191229164402 ,GSNA,KS,HG,26.11,5.77,9.32,2.47,8.4
20191229164402 ,CGDA,KS,HG,25.74,5.79,9.48,2.3,5.96
20191229164402 ,DAG2,KS,HH,25.2,5.71,9.27,2.51,8.72
20191229164402 ,YSB,KG,HH,21.68,4.98,7.93,2.31,9.1
20191229164402 ,MIYA,KS,HG,18.89,4.88,7.81,2.31,7.51
20191229164402 ,CGD,KG,EL,12.18,4.09,6.37,2.17,13.89
20191229164402 ,MSNA,KS,HG,11.56,3.88,6.06,2,16
20191229164402 ,CHRB,KS,HH,39.67,7.78,12.87,2.24,12.07
20191229164402 ,USN2,KS,EL,27.54,5.97,9.61,2.24,21.21
20191229164402 ,BUS2,KS,HH,40.82,7.82,12.82,2.41,10.48
20191229164402 ,EURB,KS,HG,62.28,11.3,18.75,2.16,9.95
20191229164402 ,YGAA,KS,HG,59.13,10.84,18.14,2.39,4.76
20191229164402 ,BSAA,KS,HG,57.91,10.42,17.42,2.34,4.59
20191229164402 ,GGDA,KS,HG,54.68,10,16.67,2.5,5.05
20191229164402 ,CGWB,KS,HG,53.42,9.9,16.5,2.62,5.44
20191229164402 ,JNHA,KS,HG,52.4,9.69,16.07,2.79,4.13
20191229164402 ,YGBA,KS,HG,52.17,9.71,16.36,2.88,1.68
20191229164402 ,JEJB,KS,HH,50.76,9.42,15.61,2.46,5.18
20191229164402 ,HDB,KG,HH,50.19,9.27,15.42,2.4,4.82
20191229164402 ,BBK,KG,EL,49.62,9.22,15.33,2.6,4.13
20191229164402 ,DAGA,KS,HG,43.04,8.41,13.87,2.65,3.19
20191229164402 ,CLSA,KS,HG,44.25,8.49,14.02,2.24,8.52
20191229164402 ,CGU,KG,HG,45.27,8.64,14.08,2.31,8.79
20191229164402 ,SIG,KG,HG,46.14,8.74,14.54,2.5,4.75
20191229164402 ,PKNU,KG,HG,45.87,8.51,14.09,2.23,7.49
20191229164402 ,GKP2,KG,HH,46.37,8.92,14.71,2.36,5.78
20191229164402 ,YOCB,KS,HH,47.57,8.94,14.96,2.31,10.42
20191229164402 ,DKJ,KG,EL,47.94,9.02,15.08,2.46,7.68
20200107210300 ,KMSB,KS,HH,84.45,15.44,25.33,1.75,8.82
20200107210300 ,CGWB,KS,HH,84.48,15.05,24.99,2.05,5.16
20200107210300 ,MGB,KG,HH,82.98,14.89,24.71,2.2,3.36
20200107210300 ,MKL,KG,HH,81.18,14.6,24.19,2.2,3.6
20200107210300 ,YCHB,KS,HH,79.84,14.36,23.85,1.9,4.01
20200107210300 ,MGY2,KS,HG,87.95,15.88,26.4,1.9,7.36
20200107210300 ,JEO2,KS,HH,98.68,17.7,29.35,1.95,9.1
20200107210300 ,GACA,KS,HG,89.17,15.53,26.38,1.75,8.25
20200107210300 ,BON2,KS,EL,88.61,16.14,26.54,2.06,9.81
20200107210300 ,JLSA,KS,HG,90.85,15.87,26.6,2.2,7.01
20200107210300 ,HAMB,KS,HH,73.18,13.35,21.77,1.9,7.66
20200107210300 ,DAG2,KS,HH,50.28,9.71,15.89,1.99,7.68
20200107210300 ,HCNA,KS,HG,43.87,8.57,13.88,1.45,14.18
20200107210300 ,KMC,KG,HG,41.34,8.49,13.56,1.84,10.13
20200107210300 ,CGDA,KS,HG,39.27,7.98,12.81,2.2,3.46
20200107210300 ,CIGB,KS,HH,17.54,4.8,7.26,1.89,5.53
20200107210300 ,GKP2,KG,HH,22.87,5.54,8.51,1.58,22.92
20200107210300 ,DAGA,KS,HG,26.8,6.09,9.49,2.2,3.06
20200107210300 ,YALB,KS,HH,28.15,6.27,9.78,1.94,6.17
20200107210300 ,JGNA,KS,HG,31.79,6.94,10.92,2.09,7.03
20200107210300 ,GICA,KS,HG,33.04,7.18,11.24,2.05,4.36
20200107210300 ,KCH2,KS,EL,54.02,10.31,16.76,2.02,23.06
20200107210300 ,CGD,KG,EL,54.99,10.09,16.82,1.95,8.33
20200107210300 ,DKJ,KG,EL,66.66,12.4,20.26,1.63,12.93
20200107210300 ,EURB,KS,HH,66.56,12.05,19.99,1.15,30.13
20200107210300 ,OKCB,KS,HH,72.28,13.48,21.98,2.18,4.17
20200107210300 ,SAJB,KS,HH,59.61,11.25,18.44,1,32.37
20200107210300 ,DUSB,KS,HH,55.72,10.74,17.45,1.9,4.7
20200115134611 ,HWSA,KS,HG,81,14.42,23.93,2.2,10.51
20200115134611 ,CHC2,KS,HH,85.79,15.12,24.91,2.27,10.54
20200115134611 ,OKEB,KS,HG,83.99,14.87,24.88,2.2,8.02
20200115134611 ,NCNA,KS,HG,81.31,14.36,23.87,2.35,5.25
20200115134611 ,BOGA,KS,HG,86.69,15.25,25.42,2.34,6.16
20200115134611 ,ICN2,KS,EL,80.7,14.21,23.61,2.33,29.53
20200115134611 ,GGSA,KS,HG,79.89,14.36,23.71,2.47,5.15
20200115134611 ,SAJB,KS,HH,79.44,14,23.37,2.24,7.95
20200115134611 ,GAGA,KS,HG,78.85,14.15,23.22,2.29,8.54
20200115134611 ,BON2,KS,EL,76.89,13.76,22.84,2.5,18.16
20200115134611 ,YEYB,KS,HH,89.77,15.86,26.4,2.38,8.04
20200115134611 ,NAMB,KS,HH,74.54,13.18,21.98,2.32,8.59
20200115134611 ,MOGA,KS,HG,90.87,15.9,26.21,2.5,5.38
20200115134611 ,GLCA,KS,HG,91.1,16.02,26.64,2.6,5.96
20200115134611 ,IJA2,KS,EL,99.06,17.31,29,2.37,21.52
20200115134611 ,CEA2,KS,EL,97.83,17.03,28.44,2.23,14.8
20200115134611 ,HONA,KS,HG,97.79,17.04,28.45,2.59,5.83
20200115134611 ,ADO2,KS,EL,97.77,17.03,28.49,2.37,32.37
20200115134611 ,GUMA,KS,HG,97.65,16.93,28.49,2.63,3.13
20200115134611 ,YINB,KS,HH,96.62,16.96,28.25,2.73,2.8
20200115134611 ,OKCB,KS,HH,96.16,16.86,28.18,2.48,5.38
20200115134611 ,JMJ2,KS,EL,95.57,16.68,28.07,3.16,12.07
20200115134611 ,IMWB,KS,HH,95.03,16.88,27.85,2.34,6.12
20200115134611 ,IJAA,KS,HG,93.35,16.36,27.29,2.5,5.68
20200115134611 ,EUSB,KS,HH,91.42,16.12,26.81,2.31,6.52
20200115134611 ,SUBA,KS,HG,91.1,16.11,26.78,2.55,4.93
20200115134611 ,HOCA,KS,HG,73.96,13.15,21.68,2.41,5.42
20200115134611 ,YIN,KG,EL,79.87,14.12,23.42,2.35,7.79
20200115134611 ,GWLA,KS,HG,49.75,9.25,15.26,2.37,5.28
20200115134611 ,SND,KG,HH,46.54,8.78,14.17,2.36,11.62
20200115134611 ,AGSA,KS,HG,44.04,8.12,13.21,2.39,6.1
20200115134611 ,CRB,KG,HG,43.9,8.14,13.13,2.25,8.04
20200115134611 ,JSB,KG,HH,43.14,7.86,13.15,2.29,6.67
20200115134611 ,YSUM,KG,HG,40.56,7.59,12.2,2.5,4.33
20200115134611 ,BUSA,KS,HG,37.42,7.25,11.64,2.45,5.96
20200115134611 ,DGLA,KS,HG,36.87,7.09,11.42,2.5,5.41
20200115134611 ,BURB,KS,HH,50.93,9.31,15.1,2.44,3.8
20200115134611 ,YOJB,KS,HH,34.71,6.78,10.79,2.21,9.13
20200115134611 ,SNDA,KS,HG,33.46,6.35,10.5,2.5,7.49
20200115134611 ,PYCB,KS,HH,32.68,6.17,10.18,2.45,11.66
20200115134611 ,BKWA,KS,HG,29.39,5.72,9.08,2.36,7.32
20200115134611 ,DKSA,KS,HG,28.04,5.55,8.8,2.42,10.48
20200115134611 ,JCUA,KS,HG,20.97,4.28,6.76,2.49,6.23
20200115134611 ,YEAB,KS,HH,73.6,13.17,21.85,2.38,5.52
20200115134611 ,DNYA,KS,HG,17.85,3.8,6.07,2.53,6.39
20200115134611 ,YOW2,KS,EL,19.55,4.14,6.46,2.49,16.32
20200115134611 ,MGB,KG,HH,53.51,9.76,16.09,2.46,6.83
20200115134611 ,DGY2,KS,HG,73.53,13.18,21.89,2.44,7.82
20200115134611 ,JAEA,KS,HG,71.92,13,21.49,2.35,6.54
20200115134611 ,ADOA,KS,HG,70.72,12.7,21.04,2.35,6.05
20200115134611 ,SLSA,KS,HG,69.25,12.33,20.36,2.47,5.32
20200115134611 ,SESA,KS,HG,69.21,12.36,20.43,2.5,5.02
20200115134611 ,CGAA,KS,HG,68.01,12.16,20.09,2.5,6.73
20200115134611 ,LMGA,KS,HG,66.96,12.15,19.6,2.17,9.34
20200115134611 ,EMSB,KS,HH,61.99,11.09,18.29,2.22,8.02
20200115134611 ,CGUB,KS,HH,72,12.9,21.21,2.3,5.73
20200115134611 ,CHYB,KS,HH,59.39,10.93,17.74,2.22,12.17
20200115134611 ,CGIA,KS,HG,54.72,9.95,16.31,2.26,7.19
20200115134611 ,MGY2,KS,EL,55.5,10.08,16.54,2.35,13.62
20200115134611 ,TBA2,KS,EL,56.48,10.99,17.85,2.46,12.07
20200115134611 ,PGEA,KS,HG,54.1,9.96,16.33,2.35,9.13
20200115134611 ,YCHB,KS,HH,56.58,10.34,17.03,2.09,10.48
20200115134611 ,HESA,KS,HG,57.09,10.34,16.88,2.18,7.59
20200115134611 ,YAGA,KS,HG,58.51,10.61,17.29,2.45,5.96
20200129155252 ,DUSB,KS,HH,83.86,14.66,24.58,3.3,4
20200129155252 ,YEYB,KS,HH,87.27,15.28,25.88,3.4,2.45
20200129155252 ,SNDA,KS,HG,86.33,15.21,25.68,3.23,6.89
20200129155252 ,BOGA,KS,HG,85.34,14.9,24.86,3.15,5.45
20200129155252 ,YGAA,KS,HG,85.28,14.9,25.37,3.1,4.15
20200129155252 ,KOJ2,KS,EL,88.9,15.26,25.6,3.12,5.71
20200129155252 ,CHYB,KS,HH,81.7,14.44,24.41,2.98,6.32
20200129155252 ,JNUA,KS,HG,83.59,14.41,24.26,3.21,6.83
20200129155252 ,CEA2,KS,EL,81.91,14.26,23.87,3.16,9.31
20200129155252 ,JAEA,KS,HG,81.81,14.46,24.43,3.13,3.74
20200129155252 ,SLSA,KS,HG,81.38,14.26,23.75,3.05,6.87
20200129155252 ,SNNA,KS,HG,80.66,14.12,24.12,3.14,4.46
20200129155252 ,JGNA,KS,HG,80.18,14,23.68,3.13,7.4
20200129155252 ,BLGA,KS,HG,89.31,15.3,25.83,3.07,8.07
20200129155252 ,YSUM,KG,HG,79.87,14.05,23.5,3.05,5.09
20200129155252 ,GWLA,KS,HG,94.28,16.64,28,3.4,3.46
20200129155252 ,CSOA,KS,HG,89.92,15.73,26.71,3.26,4.36
20200129155252 ,KMSB,KS,HH,79.19,13.76,23.22,3.13,5.81
20200129155252 ,PTKA,KS,HG,99.31,17.11,28.73,3.35,3.91
20200129155252 ,CHS,KG,HH,98.51,16.92,28.9,3.3,5.18
20200129155252 ,DGHA,KS,HG,97.73,16.77,28.34,3.29,6.17
20200129155252 ,YALB,KS,HH,96.41,16.6,28.25,3.25,4.22
20200129155252 ,NOSA,KS,HG,95.8,16.38,27.69,3.04,5.18
20200129155252 ,SKBA,KS,HG,95.65,16.5,28.16,3.4,3.01
20200129155252 ,GKP2,KG,HH,89.65,15.55,26.4,3.1,3.6
20200129155252 ,JSB,KG,HH,95.51,16.69,28.16,3.23,4.36
20200129155252 ,DAGA,KS,HG,92.85,16.06,27.23,3.49,2.56
20200129155252 ,TBA2,KS,EL,92.55,16.77,28.29,3.14,8.57
20200129155252 ,PYCB,KS,HG,91.3,15.76,27.07,3.2,6.48
20200129155252 ,WJU2,KS,EL,91.02,15.86,26.96,3.22,12.89
20200129155252 ,CRB,KG,HG,90.47,15.72,26.49,3.19,4.5
20200129155252 ,YIN,KG,EL,90.27,15.79,26.31,3.1,7.62
20200129155252 ,SND,KG,HH,87.68,15.62,26.09,3.2,5.96
20200129155252 ,GICA,KS,HG,57.35,10.42,17.49,3.01,6.87
20200129155252 ,JNPA,KS,HG,55.75,10.13,16.74,3.35,5.12
20200129155252 ,PGEA,KS,HG,55.27,10.34,17.17,2.97,6.5
20200129155252 ,ADOA,KS,HG,52.99,10.07,16.66,3.21,3.32
20200129155252 ,HONA,KS,HG,51.99,9.51,15.75,3.1,6.54
20200129155252 ,DNYA,KS,HG,49.91,9.49,15.79,3.22,5.53
20200129155252 ,YOJB,KS,HH,48.32,9.3,15.4,3.2,5.18
20200129155252 ,CPR2,KS,EL,44.19,8.47,13.94,3.11,11.76
20200129155252 ,GUMA,KS,HG,43.45,8.37,14.07,2.98,4.85
20200129155252 ,CGAA,KS,HG,38.84,7.57,12.39,3.25,6.65
20200129155252 ,DNBA,KS,HG,36.79,7.56,12.41,3.22,2.7
20200129155252 ,MGB,KG,HH,14.24,4.5,7.09,2.77,10.3
20200129155252 ,SAJB,KS,HH,22.8,5.42,8.78,3.1,3.9
20200129155252 ,HWSA,KS,HG,24.91,5.64,9.14,3.04,8.59
20200129155252 ,DGLA,KS,HG,27.87,6.32,10.22,3.23,3.9
20200129155252 ,YCHB,KS,HH,30.31,6.58,10.72,3.14,3.59
20200129155252 ,BON2,KS,EL,30.85,6.45,10.42,3.08,13.93
20200129155252 ,DKSA,KS,HG,36.37,7.38,12.07,3.15,7.91
20200129155252 ,BURB,KS,HH,79.16,13.94,23.33,2.88,5.96
20200129155252 ,EUSB,KS,HH,57.98,10.76,17.95,3.19,4.5
20200129155252 ,CEJA,KS,HG,61.84,11.06,18.37,3.13,6.95
20200129155252 ,JCUA,KS,HG,77.85,13.77,23.28,3.22,5.57
20200129155252 ,LIWA,KS,HG,60,10.81,17.97,3.01,7.91
20200129155252 ,ADO2,KS,EL,77.48,13.81,23.24,3,24.42
20200129155252 ,YOW2,KS,HG,72.85,13.05,22.05,3.11,7.17
20200129155252 ,TJN,KG,HH,72.44,12.67,21.31,2.93,10.76
20200129155252 ,TEJ2,KS,HG,72.01,12.62,21.38,2.96,18.69
20200129155252 ,YEAB,KS,HH,69.8,12.56,21.07,3.35,2.56
20200129155252 ,KMC,KG,EL,69.79,12.35,20.75,3.13,10.48
20200129155252 ,HKU,KG,HH,68.75,12.14,20.3,3.25,5.47
20200129155252 ,CIGB,KS,HH,66.16,11.82,19.85,2.8,8.57
20200129155252 ,EMSB,KS,HH,62.26,11.2,18.51,3.1,7.66
20200129155252 ,GUWB,KS,HH,62.89,11.37,19.02,2.91,4.78
20200129155252 ,YDGA,KS,HG,63.27,11.34,18.96,3.23,4.89
20200129155252 ,AGSA,KS,HG,63.04,11.34,19.29,3.1,4.83
20200129155252 ,MGY2,KS,EL,13.35,4.33,6.74,2.85,9.42
20200129155252 ,BUSA,KS,HG,65.55,11.93,20.02,3.1,5.41
20200129155252 ,BKWA,KS,HG,66,11.86,19.81,3.04,5.18
20200209054126 ,CLSA,KS,HG,67.3,11.63,19.69,2.67,4.99
20200209054126 ,GGGA,KS,HG,74.13,12.59,21.3,2.65,4.56
20200209054126 ,YALB,KS,HH,76.47,13,22.16,2.46,7.34
20200209054126 ,CSOA,KS,HG,69.46,11.83,19.96,2.75,3.91
20200209054126 ,CIGB,KS,HH,66.53,11.42,19.26,2.4,12.07
20200209054126 ,GUWB,KS,HH,61.14,10.72,17.74,2.44,7.91
20200209054126 ,JUCA,KS,HG,62.17,10.83,18.26,2.64,6.08
20200209054126 ,JNYA,KS,HG,61.91,10.77,18.19,2.65,7.01
20200209054126 ,YGAA,KS,HG,61.56,10.79,18.26,2.8,2.27
20200209054126 ,HMGA,KS,HG,59.99,10.4,17.56,2.65,4.06
20200209054126 ,JNHA,KS,HG,77.82,13.36,22.63,2.8,4.93
20200209054126 ,PKNU,KG,HG,58.73,10.15,17.12,2.8,2.73
20200209054126 ,BSAA,KS,HG,78.83,13.47,22.9,2.43,7.55
20200209054126 ,YODB,KS,HH,91.86,15.57,26.24,2.47,10.94
20200209054126 ,CGWB,KS,HH,79.05,13.62,22.89,2.7,5.27
20200209054126 ,CHRB,KS,HH,57.31,9.78,16.84,2.2,15.59
20200209054126 ,GACA,KS,HG,98.55,16.54,28.24,2.5,7.25
20200209054126 ,YGJA,KS,HG,96.68,16.27,27.9,2.61,6.19
20200209054126 ,YEYB,KS,HH,95.55,16.05,27.28,2.7,4.52
20200209054126 ,HACA,KS,HG,93.48,15.89,27.25,2.48,6.63
20200209054126 ,GICA,KS,HG,91.18,15.5,26.38,2.79,5.35
20200209054126 ,JGNA,KS,HG,90.02,15.35,26.08,2.69,6.87
20200209054126 ,GDDB,KS,HH,88.74,15.03,25.46,2.8,3.92
20200209054126 ,DNBA,KS,HG,88.19,15.07,25.33,2.68,4.21
20200209054126 ,SKBA,KS,HG,85.02,14.28,24.36,2.8,4.38
20200209054126 ,GUMA,KS,HG,84.89,14.49,24.68,2.65,6.65
20200209054126 ,EURB,KS,HH,84.21,14.41,24.19,2.6,4.72
20200209054126 ,HCNA,KS,HG,81.73,14.02,23.71,2.65,3.6
20200209054126 ,EUSB,KS,HH,72.69,12.57,20.93,2.68,6.87
20200209054126 ,PHA2,KS,EL,56.98,9.96,16.63,2.6,10.48
20200209054126 ,YSB,KG,HH,35.23,6.31,10.43,2.62,6.37
20200209054126 ,GGDA,KS,HG,30.06,5.29,8.71,2.65,4.41
20200209054126 ,UNI,KG,HG,27.75,5.04,8.32,2.8,6.19
20200209054126 ,DKJ,KG,EL,23.14,4.19,6.91,2.85,4.5
20200209054126 ,CGD,KG,EL,26.85,4.97,8.18,2.66,5.98
20200209054126 ,YOCB,KS,HH,26.05,4.81,7.94,2.8,4.88
20200209054126 ,CGU,KG,HG,24.5,4.39,7.2,2.65,3.83
20200209054126 ,MSNA,KS,HG,23.53,4.43,7.27,2.59,7.46
20200209054126 ,GCN,KG,HG,14.82,2.68,4.25,2.42,6.87
20200209054126 ,DAG2,KS,HH,15.64,3.15,5.14,2.77,5.53
20200209054126 ,DUC,KG,HG,16.79,3.03,4.83,2.83,6.39
20200209054126 ,BOG,KG,HG,20.33,3.7,5.94,2.88,4.5
20200209054126 ,MKL,KG,HH,22.21,3.93,6.39,2.92,6.02
20200209054126 ,GSNA,KS,HG,10.24,2.04,3.13,2.79,5.91
20200209054126 ,HDB,KG,HH,35.3,6.17,10.19,2.67,5.13
20200209054126 ,DAGA,KS,HG,37.52,6.82,11.43,2.8,3.54
20200209054126 ,JKJA,KS,HG,55.88,9.63,16.16,2.68,6.14
20200209054126 ,MLGA,KS,HG,51.95,9.09,15.2,2.65,7.13
20200209054126 ,DES,KG,HH,49.9,8.84,14.84,2.69,10.48
20200209054126 ,MAK,KG,EL,47.73,8.36,14,2.47,15.37
20200209054126 ,HAK,KG,HG,47.19,8.3,13.93,2.92,2.99
20200209054126 ,CHS,KG,HH,46.99,8.22,13.69,2.53,10.48
20200209054126 ,SNNA,KS,HG,43.53,7.73,12.88,2.72,6.87
20200209054126 ,CGDA,KS,HG,36.06,6.64,11.07,2.66,4.93
20200209054126 ,GIGA,KS,HG,37.87,6.64,11.02,2.7,4.28
20200209054126 ,POSB,KG,HH,39.39,6.97,11.52,2.5,6.65
20200209054126 ,UNCA,KS,HG,39.65,7,11.65,2.62,5.6
20200209054126 ,HCH,KG,HH,43.53,7.84,13.22,2.65,7.13
20200209054126 ,JEJB,KS,HH,41.19,7.26,12.06,2.76,4.5
20200209054126 ,MIYA,KS,HG,41.51,7.48,12.51,2.79,4.59
20200209054126 ,GKP2,KG,HH,41.75,7.5,12.53,2.53,8.82
20200209054126 ,BBK,KG,EL,43.52,7.64,12.8,2.95,4.51
20200216110335 ,HAK,KG,HG,96.8,16.54,29.14,3.25,2.2
20200216110335 ,GGGA,KS,HG,99.9,16.94,28.9,2.8,3.68
20200216110335 ,HMGA,KS,HG,86.13,15.03,25.99,2.95,2.31
20200229130219 ,KIP,KG,HH,88.67,15.73,26.31,3.12,14.8
20200229130219 ,GH2B,KS,HH,87.53,15.51,26.15,2.94,4.31
20200229130219 ,CHNB,KG,HH,86.13,14.9,25.54,2.9,9.78
20200229130219 ,MUS2,KS,EL,83.01,14.76,25.04,3.01,13.89
20200229130219 ,YC2B,KS,HH,81.56,14.25,23.93,2.97,4.28
20200229130219 ,GODA,KS,HG,75.85,13.52,23.34,2.9,4.86
20200229130219 ,YPD,KG,EL,98.29,17.01,29.04,2.82,11.04
20200229130350 ,YC2B,KS,HH,80.93,14.29,23.89,2.8,2.6
20200229130350 ,GODA,KS,HG,74.76,13.54,23.32,2.75,3.39
20200229130350 ,MUS2,KS,EL,82.16,14.77,25.12,2.79,8.54
20200229130350 ,CHNB,KG,HH,85.87,14.9,25.44,2.7,12.07
20200229130350 ,GH2B,KS,HH,86.47,15.51,26.07,2.75,2.93
20200229130350 ,KIP,KG,HH,87.7,15.72,26.34,2.86,10.48
20200229130350 ,YPD,KG,EL,97.29,17.14,29,2.6,10.18
20200309161633 ,BGDB,KS,HH,83.42,15.17,25.09,2.05,7.34
20200309161633 ,SMKB,KS,HH,96.69,17.35,28.81,2.05,6.58
20200309161633 ,MANA,KS,HG,78.53,14.55,23.92,2.2,7.09
20200309161633 ,ECDB,KS,HH,85.71,16.05,25.8,2.05,6.93
20200309161633 ,AJD,KG,EL,93.97,16.92,28.13,2.18,20.85
20200309161633 ,HGDB,KS,HH,87.59,15.64,25.5,2.35,4.28
20200309161633 ,HUK2,KS,EL,84.52,15.07,24.96,2.24,9.1
20200320070245 ,KJM,KG,EL,82.41,14.54,24.21,2.9,18.42
20200320070245 ,YDGA,KS,HG,80.97,14.41,23.86,2.95,4.31
20200320070245 ,DAGA,KS,HG,80.2,14.05,23.52,3.1,5.02
20200320070245 ,CIGB,KS,HH,80.18,14.09,23.54,3.12,4.74
20200320070245 ,SUCA,KS,HG,79.83,14.06,23.66,2.91,3.88
20200320070245 ,KUJA,KS,HG,78.33,13.91,23.11,2.68,7.44
20200320070245 ,GKP2,KG,HH,78.13,13.77,23.04,3,3.74
20200320070245 ,YESA,KS,HG,76.88,13.81,22.79,3.01,6.03
20200320070245 ,GICA,KS,HG,77.79,13.8,23.01,2.91,5.93
20200320070245 ,BLLA,KS,HG,77.3,13.86,23.26,3.2,5.66
20200320070245 ,CGD,KG,EL,80.01,14.06,23.84,2.79,11.46
20200320070245 ,MSNA,KS,HG,88.99,15.54,26.09,3.06,5.7
20200320070245 ,KWJ2,KS,HH,96.68,16.85,28.56,2.7,12.07
20200320070245 ,YKDB,KS,HH,89.05,15.54,26.05,2.8,10.51
20200320070245 ,GSNA,KS,HG,99.97,17.29,29.29,2.92,6.3
20200320070245 ,JEU2,KS,EL,99.27,17.44,29.21,3.15,7.19
20200320070245 ,YSB,KG,HG,98.06,17.07,28.52,3.16,4.07
20200320070245 ,MMD,KS,HH,97.67,17.22,28.74,3.28,13.31
20200320070245 ,GUMA,KS,HG,97.6,16.88,28.4,3.22,3.44
20200320070245 ,SNNA,KS,HG,97.42,16.76,28.22,2.97,8.16
20200320070245 ,CHOA,KS,HG,95.63,17.01,28.12,3.1,3.04
20200320070245 ,CPR2,KS,EL,92.81,16.29,27.25,2.95,6.77
20200320070245 ,DAG2,KS,HH,91.26,15.86,26.94,2.92,9.84
20200320070245 ,MNDB,KS,HH,91.05,15.85,26.9,2.8,6.81
20200320070245 ,MLGA,KS,HG,90.68,15.97,26.5,2.95,8.3
20200320070245 ,JEO2,KS,HH,89.51,15.96,26.29,3.02,6.14
20200320070245 ,JUCA,KS,HG,76.83,13.72,22.65,2.99,9.64
20200320070245 ,MIYA,KS,HG,68.36,12.31,20.38,3.04,3.88
20200320070245 ,SCHA,KS,HG,72.05,12.77,21.42,3.01,5.96
20200320070245 ,WICA,KS,HG,43.48,8.16,13.3,3.08,2.83
20200320070245 ,YALB,KS,HH,42.21,7.86,12.86,2.95,4.67
20200320070245 ,GACA,KS,HG,42.09,8.02,12.9,2.98,7.32
20200320070245 ,HADA,KS,HG,41.94,7.82,12.82,2.95,7.75
20200320070245 ,JRB,KG,HH,40.2,7.67,12.32,2.78,7.46
20200320070245 ,HACA,KS,HG,13.28,3.03,4.38,3.26,4.31
20200320070245 ,SACA,KS,HG,15.75,3.55,5.38,2.93,4.7
20200320070245 ,HCNA,KS,HG,26.24,5.28,8.3,2.95,4.64
20200320070245 ,KCH2,KS,EL,28.04,5.58,8.94,2.93,9.95
20200320070245 ,EURB,KS,HG,28.29,5.74,8.95,3.03,6.87
20200320070245 ,HAMB,KS,HH,29.31,5.82,9.26,3,2.96
20200320070245 ,GSU,KG,HH,29.37,5.9,9.29,3.1,3.6
20200320070245 ,JLSA,KS,HG,34.57,6.6,10.78,3.15,2.56
20200320070245 ,JNHA,KS,HG,75.03,13.38,22.32,3,7.91
20200320070245 ,CHRB,KS,HH,46.48,8.7,14.17,2.95,4.81
20200320070245 ,GMNA,KS,HG,47.41,8.73,14.29,2.98,5.88
20200320070245 ,CLSA,KS,HG,44.92,8.51,13.65,3.01,6.1
20200320070245 ,IMSB,KS,HH,70.92,12.94,21.12,2.99,4.55
20200320070245 ,CGDA,KS,HG,67.85,12.15,20.27,2.92,5
20200320070245 ,WDL,KG,HG,67.15,11.94,20.05,2.85,5.96
20200320070245 ,KMC,KG,EL,66.91,12.15,20.12,2.82,10.57
20200320070245 ,JNYA,KS,HG,66.18,11.96,19.66,2.98,9.1
20200320070245 ,DGHA,KS,HG,64.2,11.65,19.15,3.15,3.41
20200320070245 ,BAU,KS,EL,50.3,9.3,15.22,2.92,28.12
20200320070245 ,DUSB,KS,HG,60.75,11.08,18.28,2.83,4.82
20200320070245 ,YGAA,KS,HG,61.48,10.23,18.32,3.03,4.25
20200320070245 ,GWYB,KS,HH,58.31,10.61,17.36,2.77,8.21
20200320070245 ,JASA,KS,HG,54.31,10.08,16.42,2.9,5.41
20200320070245 ,YGJA,KS,HG,59.77,10.83,17.86,3,6.99
20200320070245 ,JGNA,KS,HG,54.89,10.06,16.6,3.07,5.6
20200320070245 ,GRE,KG,EL,54.37,9.73,16.42,2.87,6.87
20200320070245 ,NAWB,KS,HH,56.73,10.32,17.16,2.7,4.5
20200320070245 ,CGWB,KS,HH,57.55,10.47,17.16,2.95,7.05
20200417223628 ,SNU,KG,HH,74.28,12.84,21.35,2.64,3.83
20200417223628 ,SGNA,KS,HG,93.94,16,26.92,2.8,3.13
20200417223628 ,SES2,KS,HH,92.59,15.96,26.57,2.78,8.69
20200417223628 ,YC2B,KS,HH,86.57,14.88,25.11,2.46,5.93
20200417223628 ,WNBA,KS,HG,85.16,14.85,24.76,2.95,2.7
20200417223628 ,HAWB,KS,HH,79.26,13.64,22.81,2.57,4.55
20200417223628 ,JURA,KS,HG,84.3,14.6,24.22,2.82,2.99
20200417223628 ,GGTA,KS,HG,70.87,12.29,20.5,2.43,7.46
20200417223628 ,SODA,KS,HG,72.77,12.9,21.19,2.65,4.38
20200417223628 ,GODA,KS,HG,28.63,5.6,9.04,2.54,5.84
20200417223628 ,GH2B,KS,HH,32.13,6.06,9.81,2.64,2.96
20200417223628 ,DEI2,KS,HH,37.47,6.96,11.35,2.42,28.12
20200417223628 ,YJD3,KS,HG,38.6,7,11.58,2.5,9.18
20200417223628 ,YPD,KG,EL,41.2,7.74,12.86,2.84,10.48
20200417223628 ,INCA,KS,HG,45.38,8.08,13.34,2.6,5.66
20200417223628 ,GMPB,KS,HH,48.82,8.67,14.29,2.46,4.37
20200417223628 ,KIP,KG,HH,49.36,8.88,14.75,2.55,18.53
20200417223628 ,YPDB,KS,HH,39.37,7.4,12.08,2.5,14.34
20200417223628 ,SHHB,KS,HH,56.98,9.96,16.73,2.94,2.24
20200417223628 ,SEO3,KS,HH,70.06,12.24,20.16,2.77,3.22
20200417223628 ,NJDA,KS,HG,64.66,11.36,18.93,2.34,6.34
20200417223628 ,GSGA,KS,HG,63.11,10.86,18.23,2.7,3.72
20200417223628 ,YSUK,KG,HG,52.94,9.38,15.81,3.1,1.99
20200423170722 ,HGDB,KS,HH,73.4,12.86,21.91,2.8,2.38
20200423170722 ,AMD,KS,HH,45.94,8.53,14.47,2.81,5.91
20200423170722 ,IJDB,KS,HH,53.53,9.92,16.48,2.8,2.28
20200423170722 ,HUK2,KS,EL,69.21,12.28,20.51,2.65,4.54
20200423170722 ,GOCB,KS,HH,96.97,17.06,28.95,2.8,2.39
20200427020710 ,JAGA,KS,HG,84.8,14.53,24.26,3.09,4.72
20200427020710 ,EURB,KS,HH,87.47,14.96,25.15,3.03,4.5
20200427020710 ,BON2,KS,EL,87.03,14.83,24.98,2.9,12.07
20200427020710 ,NACA,KS,HG,87,14.78,25.07,3.09,4.67
20200427020710 ,SCHA,KS,HG,88.34,15.1,26.21,3.1,4.46
20200427020710 ,GUMA,KS,HG,84.4,14.3,24.05,3.04,3.26
20200427020710 ,BUYB,KS,HH,76.59,12.98,21.91,3.01,4.66
20200427020710 ,KOJ2,KS,EL,82.72,14.12,23.56,3.02,5.18
20200427020710 ,CIGB,KS,HH,81.93,13.92,23.32,2.89,4.4
20200427020710 ,HWSA,KS,HG,80.95,13.76,23.12,3.08,3.06
20200427020710 ,SECA,KS,HG,80.42,13.69,23.01,3.02,6.87
20200427020710 ,SAJB,KS,HH,88.56,15,25.39,3.18,2.22
20200427020710 ,GSU,KG,HH,89.08,14.99,25.36,3.22,3.34
20200427020710 ,IBA,KG,HG,73.64,12.74,21.18,3.12,6.54
20200427020710 ,CJDB,KS,HH,99.9,16.88,28.76,2.97,5.28
20200427020710 ,MNDB,KS,HH,98.88,16.84,28.45,3.01,5.61
20200427020710 ,GOCB,KS,HH,98.66,16.78,28.33,3.14,4.16
20200427020710 ,YUGA,KS,HG,97.99,16.67,27.92,3.05,5.73
20200427020710 ,CGYA,KS,HG,97.26,16.52,27.83,3.08,4.7
20200427020710 ,GWYB,KS,HH,96.72,16.4,27.71,2.92,5.5
20200427020710 ,SMWA,KS,HG,94.13,16.09,27.03,2.93,5.32
20200427020710 ,HKU,KG,HH,91.73,15.64,26.58,3.07,3.52
20200427020710 ,CHRB,KS,HH,91.3,15.51,26.21,3.04,4.27
20200427020710 ,SMKB,KS,HH,89.51,15.35,25.7,3.05,5.18
20200427020710 ,GMNA,KS,HG,97,15.98,27.44,2.98,6.07
20200427020710 ,GKSA,KS,HG,69.71,11.98,20.25,3.19,3.91
20200427020710 ,GRE,KG,EL,61.37,10.59,17.78,3.04,6.87
20200427020710 ,JRB,KG,HH,67,11.45,19.19,2.98,5.49
20200427020710 ,NAWB,KS,HH,44.86,7.86,12.98,2.95,3.63
20200427020710 ,BLGA,KS,HG,43.99,7.62,12.66,3.1,4.36
20200427020710 ,KMC,KG,EL,43.81,7.59,12.63,3.07,4.78
20200427020710 ,KCH2,KS,EL,42,7.43,12.31,3.04,9.67
20200427020710 ,YDGA,KS,HG,41.5,7.2,11.83,3.12,4.16
20200427020710 ,CHOA,KS,HG,38.89,6.85,11.33,2.92,4.97
20200427020710 ,HAMB,KS,HH,38.8,6.87,11.36,3,3.39
20200427020710 ,JGNA,KS,HG,48.63,8.42,14.12,2.98,4.16
20200427020710 ,IMSB,KS,HH,31.97,5.68,9.3,3.04,5.96
20200427020710 ,JEO2,KS,HH,28.16,4.94,8.08,3.19,4.5
20200427020710 ,WICA,KS,HG,27.6,4.89,7.99,2.93,4.32
20200427020710 ,HACA,KS,HG,67.98,11.68,19.63,3.1,3.79
20200427020710 ,MALA,KS,HG,20.23,3.58,5.79,3.12,4.28
20200427020710 ,JASA,KS,HG,18.77,3.41,5.59,3.25,3.99
20200427020710 ,DGHA,KS,HG,11.36,1.62,2.48,3.15,6.14
20200427020710 ,KMSB,KS,HH,35.64,6.19,10.21,3,5.18
20200427020710 ,LIWA,KS,HG,51.29,8.83,14.7,2.99,3.47
20200427020710 ,DUSB,KS,HH,26.3,4.57,7.52,3.14,2.95
20200427020710 ,IKSA,KS,HG,52.07,9.06,15.03,3.05,4.4
20200427020710 ,TJN,KG,HH,66.56,11.49,19.13,3,4.5
20200427020710 ,NPR,KG,HH,66.11,11.41,19.22,2.98,8.87
20200427020710 ,OKCB,KS,HH,65.87,11.26,18.99,3.11,5.84
20200427020710 ,TEJ2,KS,HG,65.83,11.33,18.88,3.01,6.39
20200427020710 ,NOSA,KS,HG,65.56,11.25,18.83,3.1,3.81
20200427020710 ,JEU2,KS,EL,64.92,11.27,18.74,3.04,12.07
20200427020710 ,HCNA,KS,HG,64.31,11.14,18.69,3.25,2.87
20200427020710 ,ISGB,KS,HH,53.32,9.21,15.43,3.01,4.5
20200427020710 ,TAIA,KS,HG,57.48,9.98,16.52,2.9,5
20200427020710 ,SUCA,KS,HG,59.97,10.37,17.18,3.16,3.91
20200427020710 ,GICA,KS,HG,61.11,10.44,17.45,3.08,3.54
20200427020710 ,SACA,KS,HG,54.25,9.36,15.75,3.05,3.73
20200427020710 ,YALB,KS,HH,61.34,10.56,17.68,2.93,5.28
20200427020710 ,CPR2,KS,EL,62.2,10.65,17.93,3.08,5.02
20200428030653 ,NAWB,KS,HH,82.63,14.33,23.79,2.44,6.52
20200428030653 ,HSB,KG,HH,83.97,14.85,24.77,2.63,4.64
20200428030653 ,ASNA,KS,HG,83.61,14.81,24.58,2.75,3.56
20200428030653 ,YALB,KS,HH,84.52,14.5,24.39,2.74,5.96
20200428030653 ,PUAA,KS,HG,80.76,14.12,23.5,2.74,5.73
20200428030653 ,CJDB,KS,HH,81.75,14.31,23.92,2.62,4.5
20200428030653 ,PORA,KS,HG,81.37,14.26,23.99,2.77,4.06
20200428030653 ,MGY2,KS,EL,79.4,13.85,23.29,2.68,5.84
20200428030653 ,GUMA,KS,HG,78.46,13.66,23,2.8,3.94
20200428030653 ,YSAB,KS,HH,85.48,15.18,25.01,2.65,3.46
20200428030653 ,HAMB,KS,HH,78.04,13.62,22.47,2.84,3.91
20200428030653 ,HGSA,KS,HG,87.09,15.44,25.73,2.8,3.85
20200428030653 ,SACA,KS,HG,92.82,15.93,26.63,2.68,7.62
20200428030653 ,CIGB,KS,HH,87.27,15.14,25.13,2.8,3.29
20200428030653 ,PTKA,KS,HG,97.07,17.18,28.45,2.5,5.13
20200428030653 ,BOGA,KS,HG,95.63,16.79,27.9,2.75,3.91
20200428030653 ,SMKB,KS,HH,95.13,16.52,27.53,3,4.23
20200428030653 ,IBA,KG,HG,94.62,16.41,27.53,3.01,4.5
20200428030653 ,HCNA,KS,HG,94.46,16.36,27.27,2.93,3.73
20200428030653 ,DNBA,KS,HG,93.82,16.22,27.48,2.65,3.68
20200428030653 ,CHJ3,KS,HH,93.5,16.28,27.07,2.75,5.96
20200428030653 ,EMSB,KS,HH,92.49,16.16,26.96,2.9,2.95
20200428030653 ,JLSA,KS,HG,91.74,15.71,26.35,2.57,7.95
20200428030653 ,SUCA,KS,HG,91.69,15.84,26.56,2.7,7.03
20200428030653 ,YGAA,KS,HG,91.52,15.88,26.5,3.04,2.14
20200428030653 ,MGB,KG,HH,88.85,15.32,25.72,2.79,4.56
20200428030653 ,JEU2,KS,EL,87.27,15.17,25.27,2.8,13.7
20200428030653 ,CEA2,KS,EL,75.84,13.48,22.38,2.63,8.11
20200428030653 ,WICA,KS,HG,59.06,10.51,17.23,2.88,4.5
20200428030653 ,KCH2,KS,EL,75.62,13.25,22,2.71,16
20200428030653 ,BUYB,KS,HH,48.51,8.84,14.63,2.65,4.49
20200428030653 ,MALA,KS,HG,47.75,8.64,14.18,2.75,4.72
20200428030653 ,CHOA,KS,HG,46.38,8.45,13.86,2.83,4.46
20200428030653 ,KOJ2,KS,EL,44.11,8.21,13.35,2.65,4.31
20200428030653 ,DUSB,KS,HH,43.88,8.02,13.03,2.71,6.95
20200428030653 ,OKCB,KS,HH,39.97,7.4,12.17,2.92,4.1
20200428030653 ,DGHA,KS,HG,39.51,7.28,11.91,2.82,4.43
20200428030653 ,IKSA,KS,HG,36.38,6.82,11.01,2.65,4.7
20200428030653 ,BLGA,KS,HG,15.35,3.3,5.1,2.95,3.66
20200428030653 ,LIWA,KS,HG,21.65,4.32,6.88,2.79,4.75
20200428030653 ,TEJ2,KS,HG,26.11,5.22,8.47,2.77,8.07
20200428030653 ,TJN,KG,HH,26.79,5.38,8.66,2.8,4.9
20200428030653 ,JEO2,KS,HH,29.33,5.65,9.12,2.77,7.68
20200428030653 ,NOSA,KS,HG,32.08,6.2,10.08,2.71,4.5
20200428030653 ,YDGA,KS,HG,35.09,6.55,10.58,2.64,7.17
20200428030653 ,HONA,KS,HG,35.83,6.69,10.85,3.07,2.07
20200428030653 ,KMSB,KS,HH,12.56,2.75,4.11,2.49,6.12
20200428030653 ,ISGB,KS,HH,49.13,8.92,14.56,2.79,4.06
20200428030653 ,TAIA,KS,HG,72.91,12.76,21.35,2.72,5.96
20200428030653 ,SAJB,KS,HH,71.61,12.52,20.89,2.9,2.47
20200428030653 ,CPR2,KS,EL,50.22,9.09,14.85,2.6,9.1
20200428030653 ,CGAA,KS,HG,67,11.87,19.73,2.86,3.91
20200428030653 ,CGYA,KS,HG,66.16,11.81,19.73,2.56,5.96
20200428030653 ,JGNA,KS,HG,64.85,11.5,18.97,2.97,4.31
20200428030653 ,JNUA,KS,HG,63.19,11.37,18.89,2.52,5.88
20200428030653 ,GICA,KS,HG,61.9,10.95,18.04,2.64,6.23
20200428030653 ,SECA,KS,HG,61.88,11.09,18.31,2.63,5.6
20200428030653 ,JASA,KS,HG,57.28,10.26,16.97,2.93,3.34
20200428030653 ,YUGA,KS,HG,61.33,11.13,18.29,2.63,5.35
20200428030653 ,KMC,KG,EL,51.31,9.2,15.11,2.77,6.93
20200428030653 ,HKU,KG,HH,51.32,9.47,15.67,2.79,3.73
20200428030653 ,CEJA,KS,HG,54.19,9.3,16.31,2.5,5.84
20200428030653 ,BON2,KS,EL,55.2,9.99,16.49,2.9,6.41
20200428030653 ,HWSA,KS,HG,56.63,10.12,16.78,2.79,4.36
20200428030653 ,NPR,KG,HH,53.25,9.68,15.88,2.54,8.72
20200428035201 ,KWJ2,KS,HH,77.43,14.19,23.52,2.31,15.54
20200428035201 ,JAGA,KS,HG,82.44,14.94,24.96,2.5,5.11
20200428035201 ,KWJU,KS,HH,77.43,14.2,23.54,1.99,28.12
20200428035201 ,GOCB,KS,HH,78.91,14.41,23.94,2.46,5.06
20200428035201 ,KH2B,KS,HH,80.14,14.7,24.44,2.67,9.48
20200428035201 ,AMD,KS,HH,84.01,15.13,25.26,2.17,32.37
20200428035201 ,SMWA,KS,HG,97.45,17.39,28.93,2.8,3.21
20200428035201 ,CHDA,KS,HG,90.87,16.12,27.19,2.5,7.34
20200428035201 ,SCHA,KS,HG,96.9,17.35,29.19,2.4,6.87
20200428035201 ,IBA,KG,HG,97.7,17.37,29.13,2.55,6.87
20200428035201 ,GKSA,KS,HG,98.23,17.57,29.22,2.49,4.89
20200428035201 ,NLDA,KS,HG,98.52,17.43,29.55,2.85,3.39
20200428035201 ,HUK2,KS,EL,88.56,15.66,26.21,2.5,6.43
20200428035201 ,MNDB,KS,HH,77.31,14.22,23.49,2.45,6.75
20200428035201 ,BLLA,KS,HG,99.61,17.76,29.72,2.8,4.31
20200428035201 ,BOSB,KS,HH,75.1,13.91,22.96,2.42,7.91
20200428035201 ,WAN2,KS,HG,40.94,8.68,14.32,2.59,21.21
20200428035201 ,HEDA,KS,HG,36.17,7.8,12.51,2.53,6.77
20200428035201 ,SIJA,KS,HG,32.37,7.4,11.78,2.5,3.83
20200428035201 ,AJD,KG,EL,29.71,6.88,10.82,2.5,14.34
20200428035201 ,MUN,KG,EL,29.24,7.01,11.07,2.03,15.63
20200428035201 ,JDO2,KS,EL,24.35,6.3,9.82,3.25,18.58
20200428035201 ,BGDB,KS,HH,45.34,9.08,14.71,2.52,4.63
20200428035201 ,JAHA,KS,HG,47.86,9.93,15.85,2.65,3.99
20200428035201 ,MANA,KS,HG,50.51,9.98,16.26,2.35,7.88
20200428035201 ,YOA,KS,EL,33.75,7.68,12.23,2.4,24.42
20200428035201 ,NAJA,KS,HG,56.57,10.97,17.91,2.33,10.27
20200428035201 ,JODB,KS,HH,52.22,10.12,16.54,2.33,6.08
20200428035201 ,YEGA,KS,HG,70.2,13.12,21.59,2.55,4.55
20200428035201 ,CSDB,KS,HH,70.11,12.85,21.43,2.45,7.64
20200428035201 ,KKDA,KS,HG,69.91,13.11,21.58,2.49,7.17
20200428035201 ,IJDB,KS,HH,59.22,11.3,18.42,2.52,5.71
20200428035201 ,BGD,KG,HH,58.3,11.08,18.23,2.62,7.42
20200428035201 ,HWSB,KG,HH,57.79,11.25,18.31,2.46,7.55
20200428035201 ,CGPA,KS,HG,57.58,11.18,18.26,2.63,4.49
20200428035201 ,HMPA,KS,HG,57.54,11.15,18.29,2.38,6.03
20200429221313 ,JAGA,KS,HG,82.85,14.78,24.79,2.74,4.27
20200429221313 ,KH2B,KS,HH,81.05,14.51,24.23,2.92,5.32
20200429221313 ,MNDB,KS,HH,78.12,13.99,23.32,2.64,6.05
20200429221313 ,KWJU,KS,HH,78.06,14.02,23.33,2.21,13.86
20200429221313 ,GOCB,KS,HH,79.12,14.23,23.78,2.75,3.73
20200429221313 ,AMD,KS,HH,83.63,14.94,25.01,2.49,16.51
20200429221313 ,YSDA,KS,HG,89.3,15.56,26.36,2.65,4.49
20200429221313 ,CHDA,KS,HG,91.65,15.9,27.01,2.89,3.39
20200429221313 ,SMWA,KS,HG,97.58,17.05,28.74,2.91,3.3
20200429221313 ,SCHA,KS,HG,97.73,17.16,28.97,2.78,3.94
20200429221313 ,IBA,KG,HG,98.07,17.16,28.95,2.74,5.96
20200429221313 ,NLDA,KS,HG,99.42,17.31,29.26,3.1,2.15
20200429221313 ,MJDB,KS,HH,99.71,17.29,29.38,2.65,5.22
20200429221313 ,KWJ2,KS,HH,78.06,14.01,23.3,2.55,9.1
20200429221313 ,HUK2,KS,EL,87.65,15.53,26.03,2.85,5.21
20200429221313 ,GKSA,KS,HG,98.92,17.36,29.11,2.8,3.46
20200429221313 ,WAN2,KS,HG,41.55,8.46,14.13,2.79,15.5
20200429221313 ,HEDA,KS,HG,35.3,7.63,12.33,2.7,7.91
20200429221313 ,YOA,KS,EL,34.57,7.5,12.04,2.64,9.73
20200429221313 ,SIJA,KS,HG,32.84,7.22,11.59,2.78,3.28
20200429221313 ,MUN,KG,EL,29.31,6.81,10.88,2.39,9.53
20200429221313 ,BOSB,KS,HH,76,13.73,22.78,2.65,4.72
20200429221313 ,JDO2,KS,EL,24.07,6.1,9.64,3.5,13.89
20200429221313 ,HANB,KS,HH,21.88,5.73,8.99,2.46,5.18
20200429221313 ,MOPB,KS,HH,20.15,5.57,8.73,2.07,9.53
20200429221313 ,BGDB,KS,HH,44.48,8.94,14.53,2.76,4.5
20200429221313 ,AJD,KG,EL,28.9,6.7,10.64,2.67,24.42
20200429221313 ,MANA,KS,HG,50.31,9.8,16.09,2.61,6.08
20200429221313 ,JAHA,KS,HG,48.75,9.57,15.7,2.76,4.1
20200429221313 ,KKDA,KS,HG,70.77,12.9,21.4,2.68,5.02
20200429221313 ,CSDB,KS,HH,70.7,12.66,21.23,2.74,4.5
20200429221313 ,IJDB,KS,HH,58.74,11.11,18.23,2.78,4.25
20200429221313 ,BGD,KG,HH,58.52,10.9,18.03,2.7,7.91
20200429221313 ,YEGA,KS,HG,70.28,12.93,21.4,2.77,4.22
20200429221313 ,HWSB,KG,HH,58.5,11.07,18.11,2.75,4.5
20200429221313 ,CGPA,KS,HG,58.4,11,18.07,2.92,3.02
20200429221313 ,HMPA,KS,HG,57.85,10.96,18.13,2.63,5.11
20200429221313 ,NAJA,KS,HG,57.19,10.78,17.73,2.43,10.01
20200429221313 ,JODB,KS,HH,51.63,9.95,16.38,2.53,6.99
20200501175702 ,JAGA,KS,HG,82.85,14.93,24.97,2.58,5.12
20200501175702 ,KH2B,KS,HH,81.05,14.65,24.4,2.73,5.79
20200501175702 ,GOCB,KS,HH,79.12,14.38,23.93,2.51,4.82
20200501175702 ,MNDB,KS,HH,78.12,14.19,23.48,2.43,6.63
20200501175702 ,AMD,KS,HH,83.63,15.1,25.24,2.21,32.37
20200501175702 ,HUK2,KS,EL,87.65,15.66,26.19,2.67,5.74
20200501175702 ,YSDA,KS,HG,89.3,15.79,26.55,2.48,5.08
20200501175702 ,CHDA,KS,HG,91.65,16.24,27.21,2.5,5.02
20200501175702 ,SMWA,KS,HG,97.58,17.24,28.89,2.72,3.91
20200501175702 ,SCHA,KS,HG,97.73,17.32,29.17,2.61,4.13
20200501175702 ,IBA,KG,HG,98.07,17.32,29.12,2.62,6.23
20200501175702 ,GKSA,KS,HG,98.92,17.53,29.4,2.45,5.9
20200501175702 ,NLDA,KS,HG,99.42,17.57,29.49,2.84,3.1
20200501175702 ,MJDB,KS,HH,99.71,17.44,29.57,2.32,12.75
20200501175702 ,KWJU,KS,HH,78.06,14.18,23.53,2.04,28.2
20200501175702 ,BGD,KG,HH,58.52,11.08,18.18,2.67,6.58
20200501175702 ,KWJ2,KS,HH,78.06,14.17,23.5,2.38,13.46
20200501175702 ,JDO2,KS,EL,24.07,6.25,9.79,3.35,18.42
20200501175702 ,AJD,KG,EL,28.9,6.85,10.79,2.5,24.21
20200501175702 ,MANA,KS,HG,50.31,9.96,16.25,2.45,8.54
20200501175702 ,SIJA,KS,HG,32.84,7.37,11.76,2.5,4.78
20200501175702 ,YOA,KS,EL,34.57,7.65,12.19,2.46,13.89
20200501175702 ,HEDA,KS,HG,35.3,7.78,12.49,2.52,11.43
20200501175702 ,WAN2,KS,HG,41.55,8.63,14.04,2.63,17.09
20200501175702 ,BGDB,KS,HG,44.48,9.06,14.64,2.49,10.1
20200501175702 ,MUN,KG,EL,29.31,6.94,11.03,2.16,13.89
20200501175702 ,NAJA,KS,HG,57.19,10.94,17.89,2.25,10.66
20200501175702 ,JODB,KS,HH,51.63,10.11,16.53,2.31,13.04
20200501175702 ,BOSB,KS,HH,76,13.89,22.92,2.5,4.13
20200501175702 ,KKDA,KS,HG,70.77,13.06,21.58,2.45,5.83
20200501175702 ,YEGA,KS,HG,70.28,13.09,21.55,2.49,6.52
20200501175702 ,IJDB,KS,HH,58.74,11.29,18.39,2.61,5.47
20200501175702 ,HANB,KS,HG,21.88,5.89,9.22,2.29,5.66
20200501175702 ,HWSB,KG,HH,58.5,11.23,18.27,2.47,6.6
20200501175702 ,CGPA,KS,HG,58.4,11.17,18.25,2.65,3.92
20200501175702 ,HMPA,KS,HG,57.85,11.12,18.28,2.4,7.91
20200503130714 ,AMD,KS,HH,83.63,14.78,24.87,2.89,11.66
20200503130714 ,MNDB,KS,HH,78.12,13.81,23.12,3.1,4.21
20200503130714 ,GOCB,KS,HH,79.12,14.04,23.57,3.35,2.31
20200503130714 ,JAGA,KS,HG,82.85,14.61,24.64,3.25,2.47
20200503130714 ,HUK2,KS,EL,87.65,15.32,25.87,3.4,3.85
20200503130714 ,YSDA,KS,HG,89.3,15.4,26.23,3.1,3.79
20200503130714 ,CHDA,KS,HG,91.65,15.72,26.82,3.4,2.26
20200503130714 ,SMWA,KS,HG,97.58,16.9,28.57,3.4,2.45
20200503130714 ,SCHA,KS,HG,97.73,16.96,28.79,3.25,2.84
20200503130714 ,IBA,KG,HG,98.07,16.97,28.79,3.18,4.5
20200503130714 ,GKSA,KS,HG,98.92,17.12,28.91,3.06,4.5
20200503130714 ,MJDB,KS,HH,99.71,17.11,29.22,3.1,4.46
20200503130714 ,KWJU,KS,HH,78.06,13.85,23.18,2.6,9.1
20200503130714 ,KWJ2,KS,HH,78.06,13.83,23.15,3,5.33
20200503130714 ,KH2B,KS,HH,81.05,14.35,24.09,3.48,2.56
20200503130714 ,KKDA,KS,HG,70.77,12.66,21.28,3.23,3.04
20200503130714 ,SIJA,KS,HG,32.84,7.05,11.42,3.25,2.49
20200503130714 ,HEDA,KS,HG,35.3,7.46,12.17,3.21,6.05
20200503130714 ,MOPB,KS,HH,20.15,5.42,8.56,2.5,7.49
20200503130714 ,HANB,KS,HH,21.88,5.6,9.06,3.08,6.52
20200503130714 ,BGDB,KS,HH,44.48,8.72,14.37,3.25,3.99
20200503130714 ,JDO2,KS,EL,24.07,5.95,9.48,4.72,1.45
20200503130714 ,AJD,KG,EL,28.9,6.54,10.49,3.22,7.77
20200503130714 ,MUN,KG,EL,29.31,6.61,10.72,2.75,7.55
20200503130714 ,YOA,KS,EL,34.57,7.33,11.86,3.13,5.96
20200503130714 ,JAHA,KS,HG,48.75,9.37,15.58,3.3,2.31
20200503130714 ,WAN2,KS,HG,41.55,8.28,13.89,3.12,12.17
20200503130714 ,CSDB,KS,HG,70.7,12.51,21.22,3.02,5.73
20200503130714 ,YEGA,KS,HG,70.28,12.77,21.25,3.1,4.38
20200503130714 ,IJDB,KS,HH,58.74,10.96,18.08,3.25,4.08
20200503130714 ,BGD,KG,HH,58.52,10.74,17.85,3.16,6.46
20200503130714 ,HWSB,KG,HH,58.5,10.89,17.94,3.16,3.64
20200503130714 ,CGPA,KS,HG,58.4,10.83,17.96,3.38,1.94
20200503130714 ,HMPA,KS,HG,57.85,10.79,17.92,3.06,4.15
20200503130714 ,NAJA,KS,HG,57.19,10.61,17.54,2.91,5.38
20200503130714 ,JODB,KS,HH,51.63,9.78,16.2,3.08,4.83
20200503130714 ,MANA,KS,HG,50.31,9.64,15.95,3,6.87
20200504214429 ,YPD,KG,EL,98.93,17.51,29.43,2.6,12
20200504214429 ,KIP,KG,HH,90.06,16.13,26.8,2.9,13.66
20200504214429 ,GH2B,KS,HH,88.83,15.93,26.5,2.7,4.93
20200504214429 ,MUS2,KS,EL,84.41,15.25,25.53,2.81,15.41
20200504214429 ,YC2B,KS,HH,82.9,14.64,24.42,2.75,4.45
20200504214429 ,GODA,KS,HG,77.06,13.94,23.78,2.71,4.09
20200506170731 ,HUK2,KS,EL,71.86,12.94,22.12,2.65,6.43
20200506170731 ,HTDA,KS,HG,71.34,13,22.24,2.65,4.56
20200506170731 ,HGDB,KS,HH,49.27,9.34,15.86,2.39,3.97
20200506170731 ,MJDB,KS,HH,96.17,16.98,29.18,2.64,3.92
20200508165739 ,JAGA,KS,HG,82.85,14.91,24.96,2.64,3.76
20200508165739 ,KH2B,KS,HH,81.05,14.69,24.36,2.82,5.02
20200508165739 ,MNDB,KS,HH,78.12,14.14,23.44,2.57,4.52
20200508165739 ,GOCB,KS,HG,79.12,14.4,23.98,2.8,2.82
20200508165739 ,AMD,KS,HH,83.63,15.13,25.17,2.22,18.96
20200508165739 ,HUK2,KS,EL,87.65,15.79,26.25,2.78,4.3
20200508165739 ,YSDA,KS,HG,89.3,15.79,26.58,2.5,5.78
20200508165739 ,CHDA,KS,HG,91.65,16.2,27.21,2.5,6.73
20200508165739 ,SCHA,KS,HG,97.73,17.29,29.13,2.62,4.25
20200508165739 ,IBA,KG,HG,98.07,17.32,29.12,2.65,4.31
20200508165739 ,GKSA,KS,HG,98.92,17.56,29.29,2.5,3.66
20200508165739 ,MJDB,KS,HH,99.71,17.52,29.47,2.35,6.93
20200508165739 ,KWJU,KS,HH,78.06,14.18,23.48,2.08,13.89
20200508165739 ,KWJ2,KS,HH,78.06,14.18,23.45,2.46,7.77
20200508165739 ,BOSB,KS,HH,76,13.92,22.91,2.63,4.15
20200508165739 ,BGDB,KS,HH,44.48,9.09,14.72,2.68,3.57
20200508165739 ,WAN2,KS,HG,41.55,8.63,14.28,2.62,14.51
20200508165739 ,HEDA,KS,HG,35.3,7.81,12.52,2.69,5.65
20200508165739 ,SIJA,KS,HG,32.84,7.38,11.74,2.65,2.94
20200508165739 ,MUN,KG,EL,29.31,6.95,11.04,2.18,8.45
20200508165739 ,AJD,KG,EL,28.9,6.9,10.82,2.64,9.29
20200508165739 ,JDO2,KS,EL,24.07,6.29,9.82,3.28,16.18
20200508165739 ,HANB,KS,HG,21.88,5.89,9.21,2.35,4.49
20200508165739 ,MANA,KS,HG,50.31,9.97,16.25,2.48,5.66
20200508165739 ,YOA,KS,EL,34.57,7.65,12.19,2.48,13.42
20200508165739 ,JODB,KS,HH,51.63,10.13,16.56,2.32,5.93
20200508165739 ,KKDA,KS,HG,70.77,13,21.55,2.61,4.78
20200508165739 ,CSDB,KS,HH,70.7,12.85,21.44,2.62,4.64
20200508165739 ,YEGA,KS,HG,70.28,13.11,21.56,2.64,4.46
20200508165739 ,IJDB,KS,HH,58.74,11.3,18.42,2.65,3.46
20200508165739 ,BGD,KG,HH,58.52,11.08,18.18,2.64,8.21
20200508165739 ,CGPA,KS,HG,58.4,11.17,18.21,2.8,2.57
20200508165739 ,HMPA,KS,HG,57.85,11.13,18.3,2.5,4.06
20200508165739 ,HWSB,KG,HH,58.5,11.23,18.26,2.55,4.5
20200508165739 ,NAJA,KS,HG,57.19,10.94,17.89,2.36,7.21
20200511104506 ,HWCA,KS,HG,87.02,15.87,26.49,3.73,3.72
20200511104506 ,CHNB,KG,HH,47.07,9.09,14.98,3.7,4.96
20200511104506 ,GMHB,KS,HH,53.11,10.36,17.04,3.81,1.5
20200511104506 ,YOGA,KS,HG,66.33,12.45,21.16,3.88,1.86
20200511104506 ,HWCB,KS,HH,67.28,12.7,21.2,3.63,7.91
20200511104506 ,CWO2,KS,EL,73.29,13.74,22.77,3.76,5.18
20200511104506 ,YKB,KG,HH,87.46,15.88,26.62,3.67,2.29
20200511104506 ,PCH,KG,EL,80.46,14.55,24.63,3.83,3.42
20200511104506 ,GAPB,KS,HH,96.44,17.72,29.38,3.95,2.14
20200511104506 ,YGGA,KS,HG,96.03,17.42,29.28,3.7,2.47
20200511104506 ,MUS2,KS,EL,95.88,17.05,28.84,3.97,4.13
20200511104506 ,SGMA,KS,HG,95.57,17.24,29.23,3.93,1.93
20200511104506 ,YC2B,KS,HH,75.11,13.7,22.66,3.93,1.66
20200513061902 ,IBA,KG,HG,84.64,14.74,24.74,3.05,3.91
20200513061902 ,YSAB,KS,HH,85.96,15.1,24.84,2.76,3.24
20200513061902 ,HGSA,KS,HG,85.78,14.92,24.84,2.8,3.13
20200513061902 ,SUCA,KS,HG,83.23,14.48,24.33,2.92,3.3
20200513061902 ,SMKB,KS,HH,84.78,14.75,24.54,2.74,5.9
20200513061902 ,SAJB,KS,HH,81.64,14.22,24.05,2.8,3.11
20200513061902 ,CEA2,KS,EL,81.19,14.22,23.78,2.75,5.44
20200513061902 ,JNPA,KS,HG,80.33,14.11,23.63,2.95,3.56
20200513061902 ,JEU2,KS,EL,77.51,13.56,22.6,2.85,7.07
20200513061902 ,CGAA,KS,HG,76.39,13.39,22.29,2.71,5.96
20200513061902 ,NAWB,KS,HH,76.14,13.38,22.26,2.65,3.4
20200513061902 ,HSB,KG,HH,81.21,14.25,23.65,2.83,3.87
20200513061902 ,GLSA,KS,HG,86.18,14.96,24.93,2.95,2.57
20200513061902 ,JAGA,KS,HG,99.44,17.02,29.05,3.14,2.89
20200513061902 ,GUMA,KS,HG,87.37,15.22,25.51,2.95,2.28
20200513061902 ,MGB,KG,HH,99.27,17.03,28.65,2.93,3.79
20200513061902 ,GKSA,KS,HG,97.56,16.73,28.54,3.12,3.34
20200513061902 ,YGAA,KS,HG,96.99,16.93,28.36,2.95,2.41
20200513061902 ,HCNA,KS,HG,96.15,16.75,28.06,1.9,13.86
20200513061902 ,ASNA,KS,HG,86.51,15.18,24.98,2.95,2.13
20200513061902 ,CIGB,KS,HH,94.57,16.39,27.32,2.95,2.1
20200513061902 ,GRE,KG,EL,94.34,16.25,27.2,2.64,13.54
20200513061902 ,SACA,KS,HG,91.02,15.67,26.32,2.65,5.11
20200513061902 ,MGY2,KS,EL,89.78,15.31,26.21,2.92,4.97
20200513061902 ,YALB,KS,HH,87.97,15.27,25.64,3.04,2.86
20200513061902 ,JLSA,KS,HG,87.54,15.16,25.34,2.65,4.93
20200513061902 ,WICA,KS,HG,59.25,10.67,17.6,2.75,5
20200513061902 ,PORA,KS,HG,75.57,13.23,21.97,2.78,5.13
20200513061902 ,KOJ2,KS,EL,45.83,8.51,13.78,2.95,3.15
20200513061902 ,HONA,KS,HG,45.08,8.25,13.58,2.9,3.17
20200513061902 ,NPR,KG,HH,44.15,8.11,13.34,2.78,6.48
20200513061902 ,BUYB,KS,HH,43.47,7.98,13.11,2.76,3.91
20200513061902 ,YDGA,KS,HG,42.12,7.9,12.85,2.8,4.46
20200513061902 ,MALA,KS,HG,40.7,7.62,12.47,2.85,3.91
20200513061902 ,DUSB,KS,HH,46.32,8.6,14.06,2.8,3.11
20200513061902 ,JEO2,KS,HH,21.01,4.47,7.13,2.84,6
20200513061902 ,NOSA,KS,HG,29.69,5.8,9.38,2.86,3.91
20200513061902 ,LIWA,KS,HG,31.25,6.08,9.9,2.83,4.41
20200513061902 ,TEJ2,KS,HG,31.93,6.2,10.13,2.85,7.32
20200513061902 ,TJN,KG,HH,32.45,6.34,10.28,2.82,4.82
20200513061902 ,CHOA,KS,HG,36.5,6.86,11.21,3.04,3.91
20200513061902 ,DGHA,KS,HG,37.39,7.14,11.59,2.75,4.92
20200513061902 ,KMSB,KS,HH,16.22,3.75,5.91,2.98,3.49
20200513061902 ,IKSA,KS,HG,27.35,5.4,8.68,2.89,3.91
20200513061902 ,JASA,KS,HG,52.74,9.67,15.91,2.8,3.92
20200513061902 ,OKCB,KS,HH,50.13,9.15,15.17,2.68,8.57
20200513061902 ,HAMB,KS,HH,75.55,13.25,22.01,2.9,2.42
20200513061902 ,CJDB,KS,HH,74.19,12.96,21.59,2.69,4.33
20200513061902 ,PUAA,KS,HG,70.38,12.37,20.6,2.65,6.16
20200513061902 ,GICA,KS,HG,69.35,12.26,20.4,2.8,4.38
20200513061902 ,JNUA,KS,HG,67.49,12,19.84,2.91,2.95
20200513061902 ,HWSA,KS,HG,66.94,11.84,19.73,2.86,3.43
20200513061902 ,BON2,KS,EL,65.31,11.68,19.4,2.9,8.64
20200513061902 ,TAIA,KS,HG,62.8,11.17,18.53,2.98,4.07
20200513061902 ,JGNA,KS,HG,69.3,12.3,20.48,3.09,2.4
20200513061902 ,SECA,KS,HG,54.09,9.68,16.12,2.8,4.88
20200513061902 ,IMSB,KS,HH,55.23,9.93,16.52,2.78,4.75
20200513061902 ,YUGA,KS,HG,61.11,11.01,18.08,3.05,2.75
20200513061902 ,CPR2,KS,EL,59.27,10.67,17.44,2.56,7.91
20200513061902 ,KMC,KG,EL,56.89,10.25,16.99,3.05,3.34
20200513061902 ,BLGA,KS,HG,11.4,1.29,4.61,2.55,9.1
20200513061902 ,HKU,KG,HH,57.51,10.44,17.39,2.76,4.86
20200527102328 ,MIYA,KS,HG,88.43,15.96,26.34,3.29,2.03
20200527102328 ,CGD,KG,EL,88.48,15.79,26.26,3.12,3.68
20200527102328 ,CEJA,KS,HG,87.18,15.86,26.03,3.46,1.75
20200527102328 ,NAWB,KS,HH,86.31,15.66,25.64,3.1,2.09
20200527102328 ,NOSA,KS,HG,85.63,15.58,25.67,3.13,3.12
20200527102328 ,YCHB,KS,HH,78.67,14.16,23.45,3.3,1.62
20200527102328 ,CLSA,KS,HG,84.55,15.37,25.3,3.18,2.54
20200527102328 ,EURB,KS,HH,81.07,14.71,24.25,3.22,2.12
20200527102328 ,JLSA,KS,HG,80.09,14.64,23.95,3.15,3.39
20200527102328 ,IMSB,KS,HH,79.58,14.55,23.75,3.15,2.33
20200527102328 ,DAG2,KS,HH,85.04,15.35,25.52,3.26,3.44
20200527102328 ,MSNA,KS,HG,97.81,17.45,28.97,3.22,2.85
20200527102328 ,HKU,KG,HH,89.11,16.21,26.58,3.23,2.49
20200527102328 ,MGB,KG,HH,72.99,13.21,21.94,3.53,1.35
20200527102328 ,DKJ,KG,EL,99.86,17.8,29.6,3.12,3.85
20200527102328 ,CHS,KG,HH,99.43,17.57,29.47,3.1,3.7
20200527102328 ,GRE,KG,EL,98.34,17.62,29.2,3.15,5.18
20200527102328 ,CHJ3,KS,HG,96.34,17.23,28.86,3.03,3.84
20200527102328 ,GSU,KG,HH,96.06,17.02,28.38,3.25,2.06
20200527102328 ,JRB,KG,HH,95.33,16.9,28.16,3.37,2.23
20200527102328 ,GSNA,KS,HG,95.14,17.03,28.21,3.2,3.3
20200527102328 ,ISGB,KS,HH,94.34,16.96,27.96,3.14,2.49
20200527102328 ,KOJ2,KS,EL,93.62,16.88,27.74,3.31,2.35
20200527102328 ,DGLA,KS,HG,90.27,16.1,26.92,3.41,2.15
20200527102328 ,CGDA,KS,HG,71.73,13.19,21.75,3.19,2.16
20200527102328 ,KCH2,KS,EL,45.81,8.95,14.37,3.2,4.32
20200527102328 ,LIWA,KS,HG,45.51,8.86,14.14,3.26,3.06
20200527102328 ,DGHA,KS,HG,45.22,8.74,13.98,3.19,2.11
20200527102328 ,OKCB,KS,HH,43.23,8.48,13.57,3.16,4.5
20200527102328 ,YGAA,KS,HG,37.86,7.6,12.13,3.37,1.77
20200527102328 ,WICA,KS,HG,37.57,7.5,11.91,3.08,3.09
20200527102328 ,GUMA,KS,HG,36.86,7.28,11.74,3.43,1.39
20200527102328 ,YALB,KS,HH,36.8,7.36,11.67,3.39,1.44
20200527102328 ,CIGB,KS,HH,35.09,7,11.14,3.42,0.94
20200527102328 ,DUSB,KS,HH,26.86,5.57,8.67,3.24,1.6
20200527102328 ,CPR2,KS,EL,25.69,5.32,8.3,3.24,2.81
20200527102328 ,YDGA,KS,HG,23.7,5.06,7.62,3.08,3.46
20200527102328 ,JGNA,KS,HG,18.31,4.03,6.14,3.24,2.4
20200527102328 ,GICA,KS,HG,15.19,3.29,4.8,3.18,2.95
20200527102328 ,KMC,KG,EL,11.96,2.53,3.44,3.23,5.32
20200527102328 ,SAJB,KS,HH,47.17,8.99,14.73,3.52,0.98
20200527102328 ,HWSA,KS,HG,49.25,9.43,15.35,3.26,1.55
20200527102328 ,KMSB,KS,HH,49.79,9.57,15.33,3.1,2.55
20200527102328 ,TJN,KG,HH,71.7,13.29,21.62,3.19,3.28
20200527102328 ,CHRB,KS,HH,68.39,12.67,20.66,3.24,1.86
20200527102328 ,SACA,KS,HG,68.02,12.48,20.67,3.16,2.09
20200527102328 ,HACA,KS,HG,67.43,12.45,20.58,3.35,1.68
20200527102328 ,MALA,KS,HG,67.41,12.49,20.23,3.34,1.92
20200527102328 ,BLGA,KS,HG,66.02,12.27,19.97,3.15,3.14
20200527102328 ,JEO2,KS,HH,65.94,12.33,19.93,3.13,3.41
20200527102328 ,TEJ2,KS,HG,70.81,13.14,21.49,3.15,5.55
20200527102328 ,SNNA,KS,HG,64.13,11.91,19.56,3.13,2.77
20200527102328 ,GKP2,KG,HH,56.33,10.7,17.45,3.29,1.56
20200527102328 ,GUWB,KS,HH,56.7,10.73,17.52,3.55,0.73
20200527102328 ,DNBA,KS,HG,57.44,10.81,17.63,3.53,0.96
20200527102328 ,DAGA,KS,HG,60.63,11.4,18.61,3.79,0.72
20200527102328 ,HAMB,KS,HH,61.1,11.42,18.59,3.19,2.52
20200527102328 ,HONA,KS,HG,62.74,11.73,18.98,3.44,1.35
20200527102328 ,JASA,KS,HG,59.92,11.28,18.27,3.38,2.19
20200607155210 ,NAWB,KS,HH,86.31,15.18,25.02,2.2,9.7
20200607155210 ,NOSA,KS,HG,85.63,15.11,25.17,2.36,7.97
20200607155210 ,YOCB,KS,HH,85.53,14.99,25.28,2.63,2.87
20200607155210 ,DAG2,KS,HH,85.04,14.93,25.08,2.54,6.21
20200607155210 ,EURB,KS,HH,81.07,14.25,23.77,2.39,5.84
20200607155210 ,IMSB,KS,HH,79.58,14.08,23.24,2.25,13.89
20200607155210 ,YCHB,KS,HG,78.67,13.89,23.11,2.46,4.45
20200607155210 ,MGB,KG,HH,72.99,12.79,21.58,2.83,2.86
20200607155210 ,CEJA,KS,HG,87.18,15.43,25.5,2.65,3.9
20200607155210 ,CLSA,KS,HG,84.55,14.93,24.82,2.65,4.1
20200607155210 ,DKJ,KG,EL,99.86,17.39,29.2,2.52,6.32
20200607155210 ,CHS,KG,HH,99.43,17.15,29.05,2.6,4.67
20200607155210 ,MSNA,KS,HG,97.81,16.95,28.49,2.5,6.81
20200607155210 ,CHJ3,KS,HH,96.34,16.78,28.49,2.37,7.7
20200607155210 ,CGD,KG,EL,88.48,15.36,25.85,2.44,9.1
20200607155210 ,GSU,KG,HH,96.06,16.52,27.95,2.65,2.84
20200607155210 ,JRB,KG,HH,95.33,16.41,27.66,2.47,8.02
20200607155210 ,KOJ2,KS,EL,93.62,16.52,27.36,2.71,4.5
20200607155210 ,DGLA,KS,HG,90.27,15.76,26.63,2.79,2.86
20200607155210 ,HKU,KG,HH,89.11,15.78,26.15,2.63,4.15
20200607155210 ,MGY2,KS,EL,72.28,12.78,21.87,2.59,4.89
20200607155210 ,HWSA,KS,HG,49.25,9.02,14.89,2.35,4.78
20200607155210 ,SAJB,KS,HH,47.17,8.59,14.34,3.1,0.9
20200607155210 ,KCH2,KS,EL,45.81,8.48,14.01,2.54,11.3
20200607155210 ,LIWA,KS,HG,45.51,8.42,13.69,2.65,4.99
20200607155210 ,DGHA,KS,HG,45.22,8.28,13.49,2.35,6.3
20200607155210 ,OKCB,KS,HH,43.23,8.06,13.15,2.6,5.18
20200607155210 ,YGAA,KS,HG,37.86,7.18,11.7,2.7,2.77
20200607155210 ,GICA,KS,HG,15.19,2.88,4.42,2.51,6.43
20200607155210 ,YDGA,KS,HG,23.7,4.6,7.19,2.45,5.57
20200607155210 ,DUSB,KS,HH,26.86,5.12,8.2,2.8,2.03
20200607155210 ,CIGB,KS,HH,35.09,6.58,10.72,2.65,2.42
20200607155210 ,YALB,KS,HH,36.8,6.91,11.2,2.64,3.17
20200607155210 ,GUMA,KS,HG,36.86,6.87,11.34,2.64,2.87
20200607155210 ,WICA,KS,HG,37.57,7.04,11.4,2.66,3.36
20200607155210 ,JGNA,KS,HG,18.31,3.57,5.57,2.61,5.12
20200607155210 ,KMSB,KS,HH,49.79,9.13,14.89,2.55,3.95
20200607155210 ,CGDA,KS,HG,71.73,12.79,21.32,2.5,5.38
20200607155210 ,TJN,KG,HH,71.7,12.86,21.18,2.49,6.41
20200607155210 ,TEJ2,KS,HG,70.81,12.76,20.99,2.7,8.09
20200607155210 ,CHRB,KS,HH,68.39,12.25,20.19,2.59,3.39
20200607155210 ,HCNA,KS,HG,52.39,9.62,15.93,2.52,4.36
20200607155210 ,HACA,KS,HG,67.43,11.99,20.13,2.45,5.15
20200607155210 ,MALA,KS,HG,67.41,12.03,19.88,2.61,3.91
20200607155210 ,BLGA,KS,HG,66.02,11.83,19.51,2.5,5.22
20200607155210 ,JEO2,KS,HH,65.94,11.88,19.48,2.23,12.21
20200607155210 ,SACA,KS,HG,68.02,12.01,20.17,2.35,7.25
20200607155210 ,HONA,KS,HG,62.74,11.31,18.51,2.67,3.66
20200607155210 ,HAMB,KS,HH,61.1,10.94,18.05,2.55,4.66
20200607155210 ,DAGA,KS,HG,60.63,10.97,18.21,2.58,3.91
20200607155210 ,JASA,KS,HG,59.92,10.79,17.72,2.73,5.18
20200607155210 ,KMC,KG,EL,11.96,2.08,2.98,2.53,15.5
20200607155210 ,GUWB,KS,HH,56.7,10.33,17.09,2.91,1.1
20200607155210 ,GKP2,KG,HH,56.33,10.26,17.01,2.6,3.39
20200607155210 ,SNNA,KS,HG,64.13,11.49,19.16,2.35,6.43
20200621004952 ,HWCA,KS,HG,80.38,14.4,23.9,2.35,8.57
20200621004952 ,NCNA,KS,HG,81.97,14.81,24.36,2.8,3.72
20200621004952 ,DGY2,KS,HH,88.15,15.78,26.11,2.5,5.91
20200621004952 ,SESA,KS,HG,89.19,17.02,26.51,2.76,3.84
20200621004952 ,GMHB,KS,HH,99.62,17.84,29.51,2.61,3.13
20200621004952 ,CHC2,KS,HH,99.16,17.69,29.42,2.79,3.2
20200621004952 ,KAWA,KS,HG,80.13,14.44,24.03,2.77,2.32
20200621004952 ,KNUC,KG,HH,95.58,17.1,28.13,2.65,3.42
20200621004952 ,HWCB,KS,HH,79.84,14.43,23.69,2.64,10.33
20200621004952 ,GLCA,KS,HG,63.52,11.68,19.24,2.65,4.51
20200621004952 ,NAMB,KS,HH,79.09,14.3,23.55,2.65,3.68
20200621004952 ,KSA,KG,HH,22.25,4.65,7.25,2.53,11.3
20200621004952 ,SKC2,KS,HG,22.35,4.64,7.32,2.55,5.96
20200621004952 ,KOSB,KS,HH,22.65,4.63,7.23,2.5,4.01
20200621004952 ,SH2B,KS,HH,33.86,6.71,10.75,2.09,5.55
20200621004952 ,YAYA,KS,HG,38.26,7.39,12.04,2.65,2.6
20200621004952 ,IJBA,KS,HG,43.78,8.43,13.64,2.77,2.78
20200621004952 ,GEJB,KS,HH,16.51,3.64,5.49,2.67,3.68
20200621004952 ,YAYB,KS,HH,54.02,9.92,16.33,2.37,4.51
20200621004952 ,JMJ2,KS,EL,69.24,12.6,20.86,3.51,4.45
20200621004952 ,IJA2,KS,EL,65.29,12.07,19.68,2.4,24.42
20200621004952 ,YGGA,KS,HG,63.2,11.64,19.12,2.65,3.06
20200621004952 ,YKB,KG,HH,54.61,10.2,16.62,2.32,6.41
20200623105805 ,ICN2,KS,EL,78.58,13.84,23.16,2.44,13.89
20200623105805 ,SWO2,KS,EL,65.46,11.8,19.42,2.42,32.37
20200623105805 ,YAPA,KS,HG,67.42,11.97,19.69,2.46,5.96
20200623105805 ,KNUC,KG,HH,74.83,13.21,21.64,2.37,6.43
20200623105805 ,GMHB,KS,HH,63.75,11.26,18.69,2.41,4.82
20200623105805 ,HOCA,KS,HG,89.11,15.62,25.68,2.7,4.02
20200623105805 ,CHC2,KS,HH,81.65,14.3,23.63,2.61,6.48
20200623105805 ,HAWB,KS,HH,87.39,15.26,25.24,2.65,4.49
20200623105805 ,YIN,KG,EL,90.45,15.83,26.36,2.5,7.88
20200623105805 ,YAGA,KS,HG,91.36,15.94,26.59,2.46,6.87
20200623105805 ,SLSA,KS,HG,97.87,17.11,28.51,2.75,3.91
20200623105805 ,PTKA,KS,HG,98.53,17.21,28.91,2.76,3.52
20200623105805 ,CGUB,KS,HH,79.8,14.01,23.25,2.45,5.63
20200623105805 ,MOGA,KS,HG,63.61,11.37,18.63,2.44,6.41
20200623105805 ,SODA,KS,HG,33.92,6.35,10.29,2.61,3.96
20200623105805 ,JURA,KS,HG,33.35,6.28,10.05,2.47,4.25
20200623105805 ,GMPB,KS,HH,32.82,6.1,9.81,2.5,4.03
20200623105805 ,KIP,KG,HH,27.43,5.28,8.77,2.49,27.56
20200623105805 ,PCH,KG,EL,25.51,4.79,7.72,2.4,9.1
20200623105805 ,UJBA,KS,HG,23.81,4.52,7.2,2.47,6.67
20200623105805 ,YC2B,KS,HH,22.45,4.32,6.74,2.41,4.5
20200623105805 ,MUS2,KS,EL,15.74,3.13,4.79,2.42,28.12
20200623105805 ,GGTA,KS,HG,14.25,2.75,4.08,2.62,8.74
20200623105805 ,SGMA,KS,HG,35.76,6.6,10.74,2.63,4.72
20200623105805 ,GSGA,KS,HG,36,6.67,10.76,2.46,6.45
20200623105805 ,SEO3,KS,HH,41.87,7.77,12.53,2.49,7.09
20200623105805 ,YSUK,KG,HG,57.94,10.48,17.25,2.73,4.25
20200623105805 ,GODA,KS,HG,55.05,9.92,16.49,2.43,5.7
20200623105805 ,GAPB,KS,HH,54.02,9.56,15.63,2.44,5.18
20200623105805 ,SGNA,KS,HG,53.23,9.65,15.7,2.47,5.25
20200623105805 ,YJD3,KS,HG,51.59,9.4,15.37,2.65,12.82
20200623105805 ,CHNB,KG,HH,50.23,9.17,14.73,2.46,11.07
20200623105805 ,SHHB,KS,HH,60.16,10.89,17.69,2.49,5.57
20200623105805 ,SNU,KG,HH,46.76,8.61,13.94,2.6,4.97
20200623105805 ,GH2B,KS,HH,44.52,8.17,13.36,2.33,6.81
20200623105805 ,INCA,KS,HG,49.92,9.08,14.92,2.74,3.91
20200703045931 ,MGY2,KS,EL,82.8,14.82,24.23,2.49,8.64
20200703045931 ,ULJ2,KS,HH,82.37,14.62,24.2,2.78,3.33
20200703045931 ,AGSA,KS,HG,81.35,14.55,24.07,2.35,6.02
20200703045931 ,JMJ2,KS,EL,78.61,14.06,23.31,3.13,11.23
20200703045931 ,HESA,KS,HG,78.48,14.12,23.2,2.46,4.97
20200703045931 ,SESA,KS,HG,77.11,13.8,22.84,2.65,3.64
20200703045931 ,YSUM,KG,HG,73.17,13.15,21.8,2.35,5.08
20200703045931 ,CHJ3,KS,HH,74.43,13.42,21.87,2.36,8.77
20200703045931 ,NAMB,KS,HH,72.28,12.81,21.47,2.15,8.54
20200703045931 ,CRB,KG,HG,71.27,12.83,21.13,2.35,5.65
20200703045931 ,KAWA,KS,HG,71.17,12.81,21.16,2.32,6.75
20200703045931 ,YEYB,KS,HH,70.9,12.68,20.93,2.46,4.13
20200703045931 ,MGB,KG,HH,75.08,13.64,22.13,2.54,6.69
20200703045931 ,SAJB,KS,HH,99.36,17.65,29,2.5,4.81
20200703045931 ,CGUB,KS,HH,98.25,17.35,28.85,2.44,3.91
20200703045931 ,YODB,KS,HH,95.61,16.72,27.91,2.65,5.91
20200703045931 ,SKBA,KS,HG,84.83,14.97,24.79,2.5,4.03
20200703045931 ,DNBA,KS,HG,91.68,16.25,26.76,2.8,2.22
20200703045931 ,NCNA,KS,HG,90.16,15.92,26.49,2.5,5.13
20200703045931 ,YAGA,KS,HG,88.76,15.78,26.19,2.31,5.73
20200703045931 ,BURB,KS,HH,86.12,15.29,25.48,2.35,4.9
20200703045931 ,YAYB,KS,HH,93.71,16.73,27.73,2.5,3.29
20200703045931 ,ADOA,KS,HG,68.15,12.23,20.1,2.65,3.5
20200703045931 ,EMSB,KS,HH,99.77,17.59,29.39,2.65,2.7
20200703045931 ,YCHB,KS,HH,67.24,12.12,19.79,2.61,4.2
20200703045931 ,SNGB,KS,HH,39.43,7.49,11.69,2.52,3.5
20200703045931 ,DNYA,KS,HG,39.33,7.65,12.11,2.5,4.78
20200703045931 ,LMGA,KS,HG,38.51,7.36,11.74,2.5,4.9
20200703045931 ,PYCB,KS,HH,36.91,7.01,11.38,2.53,3.72
20200703045931 ,KNUD,KG,HH,36.19,6.86,11.15,2.38,8.62
20200703045931 ,CHYB,KS,HH,33.43,6.45,10.16,2.64,3.46
20200703045931 ,JESA,KS,HG,26.95,5.83,9.38,2.2,8.72
20200703045931 ,BUSA,KS,HG,24.81,5.05,7.84,2.63,4.83
20200703045931 ,YOW2,KS,EL,24.6,5.02,7.91,2.47,8.54
20200703045931 ,TBA2,KS,EL,21.9,4.91,7.69,2.6,9.1
20200703045931 ,JSB,KG,HH,18.09,3.87,5.86,2.53,5.81
20200703045931 ,SNDA,KS,HG,16.89,3.64,5.54,2.55,6.07
20200703045931 ,GWLA,KS,HG,14.73,3.2,4.79,2.7,5.49
20200703045931 ,SND,KG,HH,13.02,2.86,4.04,2.52,12.03
20200703045931 ,CGIA,KS,HG,67.3,12.17,20.08,2.42,6
20200703045931 ,YOJB,KS,HH,39.55,7.64,12.1,2.65,3.58
20200703045931 ,GAGA,KS,HG,42.4,7.93,12.72,2.5,5.44
20200703045931 ,IMWB,KS,HH,57.35,10.54,17.12,2.48,3.22
20200703045931 ,JCUA,KS,HG,41.72,7.98,12.96,2.62,3.84
20200703045931 ,DGY2,KS,HH,57.61,10.42,17.22,2.17,10.48
20200703045931 ,DGLA,KS,HG,59.15,11,17.69,2.5,5.58
20200703045931 ,DKSA,KS,HG,59.65,10.91,17.75,2.44,6.52
20200703045931 ,YEAB,KS,HH,60.54,10.97,17.98,2.35,4.43
20200703045931 ,WJU2,KS,EL,64.13,11.71,19.17,2.39,18.74
20200703045931 ,SUBA,KS,HG,64.15,11.64,18.85,2.65,3.63
20200703045931 ,BKWA,KS,HG,64.95,11.81,19.44,2.2,8.11
20200703045931 ,OKEB,KS,HH,55.38,10.15,16.57,2.59,3.39
20200703045931 ,PYCA,KS,HG,52.58,9.45,15.85,2.44,5.96
20200703045931 ,JAEA,KS,HG,50,9.27,14.99,2.53,3.53
20200703045931 ,GGSA,KS,HG,49.16,9.17,14.73,2.7,3.45
20200703045931 ,PGEA,KS,HG,48.13,8.93,14.43,2.46,5.96
20200703045931 ,JECB,KS,HH,46.9,8.78,14.37,2.29,4.83
20200703045931 ,UJNA,KS,HG,66.68,12.09,19.87,2.65,3.5
20200707050823 ,GH2B,KS,HH,98.45,17.42,29.13,3.5,1.93
20200707050823 ,YJD3,KS,HG,95.49,17.08,28.36,3.43,6.07
20200707050823 ,TANB,KS,HH,78.16,14.24,23.42,3.26,3.99
20200707050823 ,SES2,KS,HH,92.42,16.49,27.41,3.3,5.96
20200707050823 ,YPDB,KS,HH,49.52,9.35,15.18,3.44,5.96
20200707050823 ,DEI2,KS,HH,50.78,9.67,15.95,3.26,6.69
20200707050823 ,GODA,KS,HG,93.96,16.63,27.71,3.35,2.95
20200707050823 ,YPD,KG,EL,54.9,10.32,16.74,3.41,5.16
20200707050823 ,GBI2,KS,HH,63.43,11.82,19.43,3.27,15.15
20200707050823 ,WNBA,KS,HG,75.59,13.89,22.98,3.58,2.96
20200707050823 ,NJDA,KS,HG,79.67,14.36,23.96,3.52,1.78
20200711133855 ,GAGA,KS,HG,91.28,16.31,27.44,2.8,2.79
20200711133855 ,GLCA,KS,HG,93.75,16.82,28,2.97,3.99
20200711133855 ,YAYA,KS,HG,91.24,15.95,27.09,2.8,3.38
20200711133855 ,KNUD,KG,HH,84.8,15.47,25.73,2.95,4.15
20200711133855 ,YAYB,KS,HH,77.54,14.25,23.69,2.95,2.09
20200711133855 ,LMGA,KS,HG,77.12,14.24,23.45,3.22,2
20200711133855 ,IMWB,KS,HG,74.97,13.93,23.09,3.1,1.86
20200711133855 ,JMJ2,KS,EL,73.17,13.28,22.47,4.15,2.64
20200711133855 ,KAWA,KS,HG,65.16,12.38,20.17,3.19,1.93
20200711133855 ,SNGB,KS,HH,74.21,13.9,22.57,3.25,1.76
20200711133855 ,TOHA,KS,HG,58.59,11.51,18.71,3.05,2.56
20200711133855 ,DGY2,KS,HH,83.12,14.91,24.66,3.1,2.82
20200711133855 ,OKEB,KS,HH,60.99,11.71,18.99,2.92,2.91
20200720100200 ,CHDA,KS,HG,88.68,15.39,25.63,2.47,6.56
20200720100200 ,BOSB,KS,HH,89.45,15.67,25.94,2.42,6.21
20200720100200 ,SCHA,KS,HG,89.63,15.77,26.25,2.56,5.96
20200720100200 ,GMDB,KS,HH,95.87,16.63,27.57,2.52,7.97
20200720100200 ,WDL,KG,HG,95.08,16.62,27.66,2.62,6.19
20200720100200 ,JNYA,KS,HG,99.24,17.35,28.96,2.65,6.12
20200720100200 ,JRB,KG,HH,88.66,15.42,25.6,2.54,5.24
20200720100200 ,KKDA,KS,HG,94.37,16.37,27.21,2.5,6.19
20200720100200 ,CGWB,KS,HH,81.94,14.43,24.09,2.65,4.15
20200720100200 ,YKDB,KS,HH,18.84,4.1,6.19,2.39,12.93
20200720100200 ,YNDB,KS,HH,34.44,6.51,10.44,2.5,3.7
20200720100200 ,NAHA,KS,HG,38.68,7.34,11.7,2.49,5.7
20200720100200 ,MMD,KS,HH,43.36,8.41,13.57,2.57,10.36
20200720100200 ,YESA,KS,HG,44.52,8.46,13.38,2.44,5.66
20200720100200 ,KJM,KG,EL,54.1,10.24,16.54,2.47,6.85
20200720100200 ,JNHA,KS,HG,86.16,15.35,25.54,2.66,4.26
20200720100200 ,GMNA,KS,HG,55.97,10.16,16.55,2.47,4.81
20200720100200 ,GWYB,KS,HH,62.35,11.27,18.29,2.41,6.17
20200720100200 ,NLDA,KS,HG,62.57,11.29,18.6,2.65,3.36
20200720100200 ,GSU,KG,HH,69.83,12.55,20.63,2.49,3.63
20200720100200 ,BLLA,KS,HG,72.91,13.02,21.45,2.75,5.03
20200720100200 ,KH2B,KS,HH,80.53,14.18,23.54,2.62,5.13
20200720100200 ,BAU,KS,EL,81.28,14.36,23.65,2.52,14.55
20200724153406 ,BGD,KG,HH,95.02,16.76,28.55,2.3,7.91
20200724153406 ,BGDB,KS,HH,88.02,15.49,26.28,2.65,3.76
20200724153406 ,AJD,KG,EL,93.83,16.44,27.91,2.4,24.42
20200724153406 ,JDO2,KS,EL,86.08,15.4,25.97,3.23,20.02
20200724153406 ,HGDB,KS,HG,78.86,13.85,23.12,2.33,4.81
20200724153406 ,HEDA,KS,HG,76.56,13.86,23.27,2.43,8.74
20200724153406 ,HUK2,KS,EL,70.76,12.67,21.05,2.2,13.46
20200724153406 ,JODB,KS,HH,55.08,10.45,17.45,2.08,16
20200724153406 ,GGDB,KS,HH,39.48,7.53,12.21,2.18,9.9
20200724153406 ,MJDB,KS,HH,20.25,4.96,7.8,2.09,17.04
20200724153406 ,HTDA,KS,HG,44.08,8.36,13.55,2.25,8.09
20200731175847 ,HWCA,KS,HG,85.49,14.76,25.4,2.65,4.75
20200731175847 ,YOGA,KS,HG,63.32,11.37,19.77,2.39,5.96
20200731175847 ,HWCB,KS,HH,65.97,11.62,20.06,2.39,18.42
20200731175847 ,CWO2,KS,EL,71.05,12.65,21.67,2.33,17.59
20200731175847 ,CHNB,KG,HH,43.67,8,13.98,2.22,14.38
20200731175847 ,YC2B,KS,HH,71.45,12.63,21.66,2.46,3.52
20200731175847 ,PCH,KG,EL,77.09,13.46,23.58,2.5,4.9
20200731175847 ,YGGA,KS,HG,95.15,16.36,28.3,2.52,3.64
20200731175847 ,GAPB,KS,HH,93.83,16.62,28.29,2.8,2.57
20200731175847 ,MUS2,KS,EL,92.16,15.98,27.84,2.75,5.96
20200731175847 ,YKB,KG,HH,87.04,14.78,25.5,2.5,4.1
20200801041506 ,CRB,KG,HG,83.54,14.44,24.08,2.5,5.22
20200801041506 ,CIGB,KS,HH,82.11,13.96,23.77,2.39,6.03
20200801041506 ,BURB,KS,HH,83.45,14.44,23.96,2.5,5.13
20200801041506 ,SNNA,KS,HG,83.12,14.28,24.6,2.35,9.56
20200801041506 ,OKCB,KS,HH,77.99,13.53,22.79,2.5,10.04
20200801041506 ,EMSB,KS,HH,80.25,13.98,23.33,2.51,5.95
20200801041506 ,YSUM,KG,HG,77.25,13.43,22.33,2.5,3.54
20200801041506 ,CPR2,KS,EL,76.71,13.28,22.4,2.22,25.72
20200801041506 ,KNUD,KG,HH,75.36,13.46,22.44,2.45,13.89
20200801041506 ,GAGA,KS,HG,74,13.18,21.92,2.5,6.61
20200801041506 ,WJU2,KS,EL,80.53,14,23.38,2.39,29.11
20200801041506 ,HESA,KS,HG,97.87,16.77,28.09,2.35,6.3
20200801041506 ,SNGB,KS,HH,84.26,14.88,24.65,2.49,5.57
20200801041506 ,GKP2,KG,HH,98.75,16.77,28.76,2.56,4.68
20200801041506 ,YOCB,KS,HH,98.12,16.65,28.49,2.49,4.08
20200801041506 ,AGSA,KS,HG,70.41,12.3,20.56,2.63,4.13
20200801041506 ,YDGA,KS,HG,97.64,16.64,28.35,2.46,6.79
20200801041506 ,LIWA,KS,HG,97.34,16.58,28.17,2.5,5.55
20200801041506 ,YAGA,KS,HG,96.08,16.55,27.6,2.37,7.4
20200801041506 ,CGIA,KS,HG,95.24,16.2,27.54,2.2,7.7
20200801041506 ,SLSA,KS,HG,95.17,16.38,27.5,2.55,4.21
20200801041506 ,GGGA,KS,HG,93.69,16.28,27.34,2.65,2.97
20200801041506 ,IMWB,KS,HH,93.18,16.28,27.17,2.09,10.79
20200801041506 ,HONA,KS,HG,88.83,15.17,25.79,2.44,5.63
20200801041506 ,JKJA,KS,HG,88.7,15.36,26.17,2.8,4.38
20200801041506 ,LMGA,KS,HG,87.64,15.36,25.67,2.55,4.85
20200801041506 ,CHS,KG,HH,85.67,14.7,25.07,2.47,9.56
20200801041506 ,CSOA,KS,HG,69.53,12.36,20.85,2.34,6.19
20200801041506 ,GGSA,KS,HG,63.27,11.45,19.13,2.33,5.53
20200801041506 ,PYCB,KS,HH,68.58,11.92,20.19,2.15,11.93
20200801041506 ,YOW2,KS,EL,46.76,8.58,14.33,2.24,25.13
20200801041506 ,JAEA,KS,HG,46.75,8.87,14.65,2.17,9.45
20200801041506 ,CHYB,KS,HH,44.43,8.46,13.84,2.32,8.54
20200801041506 ,DNBA,KS,HG,43.52,8.21,13.56,1.75,14.18
20200801041506 ,MGY2,KS,EL,40.85,7.63,12.56,2.1,14.55
20200801041506 ,YEAB,KS,HH,39.63,7.65,12.68,2.2,12.38
20200801041506 ,SKBA,KS,HG,69.07,12.25,20.62,2.65,3.13
20200801041506 ,DKSA,KS,HG,34.82,6.77,11.09,2.56,4.58
20200801041506 ,BUSA,KS,HG,29.99,6.16,10.06,2.43,10.13
20200801041506 ,MGB,KG,HH,29.49,5.92,9.67,2.37,10.73
20200801041506 ,DNYA,KS,HG,28.39,5.84,9.5,2.4,5.96
20200801041506 ,PGEA,KS,HG,21.47,5.06,8.14,2.39,7.36
20200801041506 ,DGLA,KS,HG,21.33,4.96,7.97,2.46,5.96
20200801041506 ,YCHB,KS,HH,19.58,4.68,7.53,2.17,11.93
20200801041506 ,YOJB,KS,HH,15.45,4.16,6.56,2.01,7.59
20200801041506 ,CHJ3,KS,HH,47.56,8.71,14.33,2.47,10.48
20200801041506 ,SAJB,KS,HH,50.47,9,15.2,2,16
20200801041506 ,SUBA,KS,HG,66.93,12.08,20.06,2.3,6.87
20200801041506 ,GUWB,KS,HH,66.86,11.76,19.74,1.96,14.22
20200801041506 ,JSB,KG,HH,63.98,11.5,19.09,2.47,5.53
20200801041506 ,BKWA,KS,HG,63.05,11.15,18.59,2.5,6.69
20200801041506 ,GUMA,KS,HG,62.59,10.91,18.66,2.61,4.42
20200801041506 ,HWSA,KS,HG,61.07,10.82,18.17,2.5,6.39
20200801041506 ,GWLA,KS,HG,59.27,10.82,17.92,2.5,4.99
20200801041506 ,JCUA,KS,HG,59.97,10.74,17.93,2.33,5.03
20200801041506 ,ADO2,KS,EL,58.63,10.7,17.8,2.41,32.37
20200801041506 ,YEYB,KS,HH,57.54,10.6,17.53,2.29,12.07
20200801041506 ,SNDA,KS,HG,56.42,10.24,16.93,2.5,7.17
20200801041506 ,TBA2,KS,EL,55.65,10.74,17.61,2.52,11.9
20200801041506 ,SND,KG,HH,52.24,9.78,16.04,2.34,17.59
20200801041506 ,JECB,KS,HH,51.14,9.24,15.36,2.23,8.42
20200801041506 ,EUSB,KS,HH,50.53,9.38,15.46,2.14,10.48
20200820185251 ,SODA,KS,HG,98.43,18.27,29.81,2.9,3.39
20200820185251 ,SEO3,KS,HH,99.05,17.86,29.87,2.89,5.18
20200820185251 ,GSGA,KS,HG,90.44,16.5,27.24,2.75,4.27
20200820185251 ,YPD,KG,EL,35.69,7.53,11.96,2.62,19.01
20200820185251 ,YSUK,KG,HG,88.59,16.31,27,2.85,3.91
20200820185251 ,YC2B,KS,HH,89.24,16.16,27.13,2.52,6.69
20200820185251 ,GMPB,KS,HH,72.79,13.48,22.45,2.7,4.5
20200820185251 ,YJD3,KS,HG,71.86,13.48,22.16,2.8,13.16
20200820185251 ,KIP,KG,HH,65.48,12.37,20.53,2.74,24.42
20200820185251 ,GH2B,KS,HH,51.69,10.16,16.42,2.83,3.49
20200820185251 ,YPDB,KS,HH,39.99,8.22,13.13,2.65,32.37
20200820185251 ,GODA,KS,HG,35.94,7.62,12.13,2.64,6.69
20200820185251 ,MUS2,KS,EL,74.22,13.83,22.81,2.77,14.59
20200820185251 ,GGTA,KS,HG,87.31,15.9,26.43,2.8,5.05
20200820185251 ,INCA,KS,HG,78.41,14.53,23.97,2.65,5.05
20200902104306 ,WAN2,KS,HG,47.25,8.43,14.17,2.37,19.51
20200902104306 ,HWSB,KG,HH,92.69,15.82,26.63,2.18,9.95
20200902104306 ,AJD,KG,EL,42.6,7.37,12.23,2.6,9.1
20200902104306 ,HANB,KS,HG,40.26,7.07,11.77,2.12,7.15
20200902104306 ,HAWA,KS,HG,35.79,6.17,10.26,2.37,6.39
20200902104306 ,JODB,KS,HH,19.09,3.36,5.45,2.35,4.7
20200902104306 ,JDO2,KS,EL,18.33,3.23,5.21,3.09,14.76
20200902104306 ,NAJA,KS,HG,92.36,15.67,26.43,2.35,5.65
20200902104306 ,KKDA,KS,HG,85.79,14.7,24.82,2.05,10.21
20200902104306 ,BGDB,KS,HH,50.36,8.65,14.52,2.59,3.39
20200902104306 ,MOPB,KS,HH,52.2,9.04,15.21,2.34,5.02
20200902104306 ,YOA,KS,EL,66.07,11.44,19.26,2.22,29.19
20200902104306 ,MUN,KG,EL,62.93,10.89,18.25,2.4,5.18
20200902104306 ,HUK2,KS,EL,77.43,13.07,22.24,2.05,13.08
20200902104306 ,MANA,KS,HG,80.24,13.63,22.94,2.29,6.87
20200902104306 ,SIJA,KS,HG,68.08,11.71,19.76,2.24,8.77
20200902104306 ,IJDB,KS,HH,81.74,13.75,23.35,2.37,4.07
20200912043105 ,KMSB,KS,HH,83.76,15.36,24.98,2.74,5.15
20200912043105 ,YEAB,KS,HH,83.17,14.87,24.73,2.62,5.38
20200912043105 ,DES,KG,HH,83.3,15.31,25.38,2.83,6.91
20200912043105 ,MKL,KG,HH,83.75,15.04,24.88,2.61,8.79
20200912043105 ,SACA,KS,HG,83.71,14.79,24.87,2.65,5.25
20200912043105 ,HAMB,KS,HH,83.16,15.04,24.74,2.58,4.5
20200912043105 ,POSB,KG,HH,82.79,15.09,24.75,2.75,5.73
20200912043105 ,CGU,KG,HG,82.51,15.11,24.68,2.8,4.64
20200912043105 ,BOG,KG,HG,82.08,14.79,24.44,2.65,4.9
20200912043105 ,EURB,KS,HH,79.87,14.28,23.65,2.53,7.53
20200912043105 ,DGHA,KS,HG,78.5,14.44,23.5,2.65,6.23
20200912043105 ,JKJA,KS,HG,77.7,14.14,23.49,2.83,5.19
20200912043105 ,PGEA,KS,HG,85.31,15.4,25.27,2.75,7.25
20200912043105 ,POHB,KG,EL,86.64,15.8,26.61,3.1,4.06
20200912043105 ,HDB,KG,HH,96.83,17.28,28.57,2.7,4.14
20200912043105 ,HONA,KS,HG,87.58,15.93,26.21,2.9,3.71
20200912043105 ,DUC,KG,HG,77.52,14.09,23.14,2.65,5.74
20200912043105 ,UNCA,KS,HG,98.66,17.49,29.19,2.79,4.51
20200912043105 ,CGWB,KS,HH,97.15,17.1,28.61,2.7,5.96
20200912043105 ,GGGA,KS,HG,97.01,17.42,28.81,2.5,5.5
20200912043105 ,CGAA,KS,HG,96.94,17.41,28.88,2.79,5.47
20200912043105 ,JUCA,KS,HG,96.14,16.98,28.44,2.65,6.16
20200912043105 ,YOJB,KS,HH,94.55,16.7,27.8,2.64,6.48
20200912043105 ,YEYB,KS,HH,90.98,16.31,27.21,2.8,3.6
20200912043105 ,JASA,KS,HG,90.15,16.3,26.74,2.6,7.42
20200912043105 ,PHA2,KS,EL,89.82,16.26,27.03,2.76,5.79
20200912043105 ,SKBA,KS,HG,89.28,15.99,26.61,2.77,3.08
20200912043105 ,SIG,KG,HG,88.89,16.26,26.71,2.8,3.99
20200912043105 ,YSB,KG,HH,88.13,15.76,26.14,2.86,4.82
20200912043105 ,UNI,KG,HG,87.72,15.83,26.2,2.95,3.74
20200912043105 ,GGDA,KS,HG,78.08,14.32,23.44,2.62,6.87
20200912043105 ,LIWA,KS,HG,75.46,13.97,22.8,2.64,6.6
20200912043105 ,YDGA,KS,HG,55.91,10.79,17.3,2.77,5.22
20200912043105 ,DAG2,KS,HH,54.36,10.48,17.06,2.6,9.1
20200912043105 ,YOCB,KS,HH,51.02,9.97,16.11,2.75,4.5
20200912043105 ,CGDA,KS,HG,48.56,9.46,15.41,2.6,6.52
20200912043105 ,SAJB,KS,HH,48.31,9.42,15.26,2.7,3.41
20200912043105 ,EUSB,KS,HH,45.61,9.05,14.51,2.38,8.28
20200912043105 ,CPR2,KS,EL,45.1,8.98,14.33,2.76,7.17
20200912043105 ,CHRB,KS,HH,56.36,10.65,17.24,2.59,5.96
20200912043105 ,DNBA,KS,HG,41.32,8.36,13.34,2.83,3.12
20200912043105 ,YGAA,KS,HG,22.24,5.4,8.28,2.92,3.32
20200912043105 ,GUWB,KS,HH,26.13,5.98,9.26,2.32,6.12
20200912043105 ,MGY2,KS,EL,76.28,13.94,23.05,2.61,8.64
20200912043105 ,GKP2,KG,HH,26.2,6.03,9.23,2.65,5.74
20200912043105 ,GUMA,KS,HG,26.71,6.04,9.39,2.81,5.91
20200912043105 ,YALB,KS,HG,39.64,8.12,12.87,2.63,10.01
20200912043105 ,JGNA,KS,HG,37.42,7.67,12.2,2.7,6.24
20200912043105 ,DAGA,KS,HG,30.02,6.61,10.26,2.69,7.11
20200912043105 ,KMC,KG,EL,42.55,8.61,13.67,2.67,9.42
20200912043105 ,SNNA,KS,HG,29.85,6.52,10.18,2.64,7.55
20200912043105 ,HCNA,KS,HG,56.5,10.69,17.5,2.95,3.18
20200912043105 ,DUSB,KS,HH,59.37,11.35,18.27,2.59,5.15
20200912043105 ,USN2,KS,EL,75.42,13.8,22.92,2.63,14.26
20200912043105 ,CLSA,KS,HG,75.14,13.79,22.67,2.5,8.25
20200912043105 ,HACA,KS,HG,74.19,13.49,22.36,2.8,3.64
20200912043105 ,CSOA,KS,HG,73.99,13.57,22.41,2.68,4.76
20200912043105 ,GIGA,KS,HG,72.86,13.5,22.09,2.5,10.1
20200912043105 ,GCN,KG,HG,71.23,13.14,21.53,2.7,4.71
20200912043105 ,MSNA,KS,HG,70.75,13.06,21.4,2.66,10.04
20200912043105 ,MGB,KG,HH,70.44,12.83,21.21,2.47,7.97
20200912043105 ,MIYA,KS,HG,68.11,12.62,20.85,2.35,8.82
20200912043105 ,YCHB,KS,HH,66.57,12.22,20.05,2.5,6.69
20200912043105 ,OKCB,KS,HH,65.58,12.36,20.17,2.84,8.87
20200912043105 ,DKJ,KG,EL,65.36,12.26,19.99,2.86,6.07
20200912043105 ,CHS,KG,HH,64.96,12.09,19.87,2.77,7.82
20200912043105 ,KCH2,KS,EL,64.2,11.97,19.67,2.72,13.89
20200912043105 ,WICA,KS,HG,64.18,12.04,19.53,2.65,5.41
20200912043105 ,GSNA,KS,HG,63.68,11.86,19.32,2.62,6.87
20200912043105 ,CGD,KG,EL,62.89,11.68,19.22,2.59,10.48
20200912043105 ,HWSA,KS,HG,62.15,11.76,19.05,2.71,4.02
20200912043105 ,GICA,KS,HG,29.24,6.41,9.96,2.84,4.26
20200912155403 ,YPD,KG,EL,97.54,16.84,29.2,3.1,6.61
20200912155403 ,BRS,KG,HG,33.31,6.39,11.02,3.1,1.77
20200912155403 ,DACB,KS,HH,25.32,4.99,8.25,2.99,2.02
20200912155403 ,YPDB,KS,HG,98.59,17.04,29.15,3.12,3.44
20200919162214 ,WNBA,KS,HG,86.84,14.8,25.52,2.65,3.87
20200919162214 ,YINB,KS,HH,85.39,15,25.09,2.8,2.69
20200919162214 ,CHJ3,KS,HG,85.37,14.96,24.99,2.51,8.42
20200919162214 ,DGHA,KS,HG,84.92,14.93,24.8,2.55,6.87
20200919162214 ,MGY2,KS,HG,84.53,14.79,24.72,2.47,6.83
20200919162214 ,CPR2,KS,EL,81.87,14.42,24.08,2.6,13.89
20200919162214 ,SWO2,KS,HG,87.26,15.21,25.96,2.5,7.79
20200919162214 ,NACA,KS,HG,79.94,14.03,23.38,2.65,4.99
20200919162214 ,SLSA,KS,HG,77.82,13.83,22.84,2.5,7.36
20200919162214 ,YIN,KG,EL,75.87,13.49,22.38,2.5,6.85
20200919162214 ,YDGA,KS,HG,75.5,13.42,22.27,2.71,5.96
20200919162214 ,CHOA,KS,HG,74.97,13.17,22.08,2.79,4.95
20200919162214 ,MALA,KS,HG,87.55,15.28,25.51,2.64,5.95
20200919162214 ,DUSB,KS,HH,89.49,15.7,25.97,2.53,6.39
20200919162214 ,AGSA,KS,HG,88.44,15.47,25.8,2.69,5.68
20200919162214 ,ANMA,KS,HG,73.3,13.01,21.34,2.45,5.5
20200919162214 ,GICA,KS,HG,99.11,17.16,28.98,2.46,10.48
20200919162214 ,MGB,KG,HH,97.78,16.84,28.4,2.72,4.5
20200919162214 ,TAIA,KS,HG,97.69,16.82,28.4,2.95,3.29
20200919162214 ,BURB,KS,HH,97.26,16.91,28.24,2.73,3.91
20200919162214 ,PUAA,KS,HG,95.13,16.42,27.66,2.95,3.74
20200919162214 ,KMC,KG,EL,93.49,16.25,27.02,2.47,17.19
20200919162214 ,SAJB,KS,HH,92.45,16.08,26.85,2.57,6.28
20200919162214 ,TANB,KS,HH,92.25,15.94,26.53,2.68,4.16
20200919162214 ,ICN2,KS,EL,90.64,15.82,26.44,2.6,12.07
20200919162214 ,NJDA,KS,HG,88.33,15.43,25.56,2.5,4.9
20200919162214 ,HWSA,KS,HG,73.15,13.05,21.67,2.32,8.21
20200919162214 ,BOGA,KS,HG,59.2,10.8,17.74,2.65,3.94
20200919162214 ,HSB,KG,HH,46.3,8.68,14.22,2.48,5
20200919162214 ,BLGA,KS,HG,44.81,8.48,13.99,2.2,16.7
20200919162214 ,HGSA,KS,HG,44.8,8.42,13.71,2.4,6.03
20200919162214 ,HONA,KS,HG,41.23,7.88,12.97,2.46,10.01
20200919162214 ,YSAB,KS,HH,40.07,7.67,12.34,2.5,3.11
20200919162214 ,ASNA,KS,HG,38.38,7.41,11.97,2.79,2.84
20200919162214 ,CEA2,KS,EL,37.64,7.4,11.96,2.55,7.03
20200919162214 ,CGYA,KS,HG,35.24,6.91,11.17,2.55,3.39
20200919162214 ,JNUA,KS,HG,23.06,5.12,8.21,2.37,6.17
20200919162214 ,HKU,KG,HH,24.74,5.42,8.72,2.59,7.46
20200919162214 ,TJN,KG,HH,26.81,5.65,9.04,2.61,12.07
20200919162214 ,NOSA,KS,HG,27.05,5.72,9.18,2.41,9.59
20200919162214 ,TEJ2,KS,HG,27.65,5.84,9.37,2.74,12.07
20200919162214 ,CEJA,KS,HG,32.12,6.52,10.64,2.67,5.42
20200919162214 ,BUYB,KS,HH,34.36,6.75,10.94,2.47,6.41
20200919162214 ,HAWB,KS,HH,72.31,12.8,21.15,2.19,6.65
20200919162214 ,JNPA,KS,HG,50.27,9.3,15.34,2.41,8.09
20200919162214 ,IKSA,KS,HG,51.49,9.51,15.64,2.51,8.87
20200919162214 ,YUGA,KS,HG,20.23,4.72,7.48,2.44,4.5
20200919162214 ,GLSA,KS,HG,54.25,9.82,16.2,2.57,4.85
20200919162214 ,SES2,KS,HH,69.52,12.37,20.45,2.54,12.07
20200919162214 ,LIWA,KS,HG,52.45,9.66,15.97,2.56,9.1
20200919162214 ,EMSB,KS,HH,67.93,12.11,20.32,2.37,11.76
20200919162214 ,CJDB,KS,HH,67.12,11.88,19.74,2.48,6.6
20200919162214 ,JEO2,KS,HH,65.72,11.82,19.44,2.43,13.89
20200919162214 ,DGJA,KS,HG,63.67,11.44,18.92,2.49,4.64
20200919162214 ,ISGB,KS,HH,66.34,11.83,19.62,2.44,9.1
20200919162214 ,PORA,KS,HG,57.06,10.25,17.01,2.35,8.47
20200919162214 ,PTKA,KS,HG,54.96,10.11,16.58,2.48,4.32
20200919162214 ,OKCB,KS,HH,62.22,11.25,18.66,2.73,11.79
20200919162214 ,KMSB,KS,HH,55.25,10.14,16.65,2.37,11.17
20200919162214 ,CGAA,KS,HG,57.69,10.56,17.35,2.5,8.35
20200919162214 ,SECA,KS,HG,54.6,9.87,16.36,2.47,9.13
20200919162214 ,NPR,KG,HH,58.49,10.47,17.47,2.53,9.53
20200919162214 ,KOJ2,KS,EL,10.91,3.58,5.5,2.25,9.1
20200919162214 ,BON2,KS,EL,59.93,10.87,18.04,2.5,32.37
20200922110854 ,YCHB,KS,HH,84.07,14.53,24.52,2.49,6.19
20200922110854 ,YOJB,KS,HH,82.59,14.47,24.27,2.62,5.25
20200922110854 ,KNUD,KG,HH,74.24,13.21,22.16,2.6,9.1
20200922110854 ,DKJ,KG,EL,76.84,13.24,22.48,2.69,6.21
20200922110854 ,YOCB,KS,HH,79.33,13.73,23.17,2.52,5.32
20200922110854 ,BUSA,KS,HG,76.65,13.46,22.65,2.68,8.72
20200922110854 ,GUWB,KS,HG,84.39,14.55,24.67,2.51,5.05
20200922110854 ,SNNA,KS,HG,85.57,14.73,24.89,2.52,7.49
20200922110854 ,SNGB,KS,HH,87.19,15.18,25.56,2.44,6.87
20200922110854 ,CGU,KG,HG,87.66,15.1,25.52,2.35,7.53
20200922110854 ,DNBA,KS,HG,88.07,15.25,25.82,2.5,5.19
20200922110854 ,GCN,KG,HG,89.95,15.36,25.97,2.65,3.99
20200922110854 ,HDB,KG,HH,97.02,16.28,28,2.33,5.73
20200922110854 ,DUC,KG,HG,97.03,16.56,27.88,2.5,5.13
20200922110854 ,MKL,KG,HH,97.77,16.53,28.22,2.52,7.57
20200922110854 ,GSNA,KS,HG,99.4,16.84,28.56,2.65,6.43
20200922110854 ,GWLA,KS,HG,84.96,14.96,25.14,2.67,4.56
20200922110854 ,SND,KG,HH,80.55,14.33,23.84,2.62,7.93
20200922110854 ,TBA2,KS,EL,71.07,12.37,20.79,2.59,13.89
20200922110854 ,YEAB,KS,HH,44.83,8.34,13.83,2.38,7.19
20200922110854 ,ADO2,KS,EL,44.25,8.19,13.71,2.46,26.85
20200922110854 ,JKJA,KS,HG,43.25,8.03,13.35,2.64,5.02
20200922110854 ,YODB,KS,HG,12.94,3.22,5.07,2.5,4.15
20200922110854 ,UJNA,KS,HG,44.87,8.39,13.91,2.47,7.21
20200922110854 ,ULJ2,KS,HH,15.49,3.74,5.92,2.17,19.23
20200922110854 ,SUBA,KS,HG,26.22,5.4,8.81,2.68,4.43
20200922110854 ,YEYB,KS,HH,27.28,5.61,9.12,2.49,5.6
20200922110854 ,GGGA,KS,HG,28.12,5.49,8.97,2.44,5.79
20200922110854 ,CSOA,KS,HG,36.12,6.92,11.39,2.75,5.18
20200922110854 ,JAEA,KS,HG,41.77,7.9,13.01,2.44,5.63
20200922110854 ,GGSA,KS,HG,42.63,8.01,13.33,2.6,5.18
20200922110854 ,IMWB,KS,HH,71.54,12.71,21.22,2.35,7.57
20200922110854 ,SKBA,KS,HG,21.65,4.69,7.56,2.75,3.35
20200922110854 ,PHA2,KS,EL,46.27,8.46,14.19,2.35,11.2
20200922110854 ,POSB,KG,HH,64.73,11.35,19.09,2.15,8.3
20200922110854 ,PGEA,KS,HG,63.81,11.32,18.91,2.54,8.23
20200922110854 ,GAGA,KS,HG,62.35,11.22,18.67,2.35,6.97
20200922110854 ,GIGA,KS,HG,61.7,10.87,18.4,2.8,3.33
20200922110854 ,HMGA,KS,HG,61.57,10.71,18.36,2.35,5.08
20200922110854 ,HCH,KG,HH,58.92,10.7,18.17,2.63,5.08
20200922110854 ,CHYB,KS,HH,56.66,10.23,17.08,2.53,8.33
20200922110854 ,CHS,KG,HH,53.85,9.7,16.16,2.47,8.11
20200922110854 ,DES,KG,HH,51.35,9.42,15.79,2.71,6.87
20201006190532 ,BOSB,KS,HH,96.44,17.25,28.83,2.48,5.32
20201006190532 ,JAHA,KS,HG,98.32,17.69,29.68,3.1,1.79
20201006190532 ,BGD,KG,HH,86.21,15.83,26.4,2.77,5.41
20201006190532 ,WAN2,KS,HG,86.72,16.03,26.65,2.71,13.89
20201006190532 ,GMDB,KS,HH,21.82,6.09,9.31,2.42,5.24
20201006190532 ,CHDA,KS,HG,40.54,8.84,14.1,2.5,6.02
20201006190532 ,YSDA,KS,HG,49.6,10.14,16.46,2.65,4.21
20201006190532 ,UDO,KS,HH,63.8,12.17,20.02,2.77,3.88
20201006190532 ,CSDB,KS,HH,58.87,11.4,18.85,2.65,3.72
20201006190532 ,YNDB,KS,HH,66.64,12.5,20.4,2.3,12.07
20201006190532 ,KKDA,KS,HG,67,12.84,21.03,2.5,6.5
20201006190532 ,NLDA,KS,HG,68.72,13.08,21.47,2.65,4.43
20201006190532 ,KH2B,KS,HH,79.59,14.73,24.36,2.45,7.91
20201006190532 ,PYSB,KS,HH,85.97,15.53,25.83,2.77,3.08
20201008193814 ,GUWB,KS,HG,71.43,13.06,21.68,2.65,3.9
20201008193814 ,YGAA,KS,HG,74.27,13.43,22.47,2.5,4.01
20201008193814 ,CSOA,KS,HG,71.88,13.01,21.72,2.5,4.03
20201008193814 ,CHRB,KS,HH,67.84,12.23,20.43,2.5,6.89
20201008193814 ,SNNA,KS,HG,54.09,10.37,16.95,2.8,3.99
20201008193814 ,JNYA,KS,HG,66.93,12.08,20.21,2.53,7.19
20201008193814 ,JUCA,KS,HG,65.09,11.83,19.67,2.6,5.18
20201008193814 ,BUS3,KS,HH,56.76,10.51,17.35,2.37,9.08
20201008193814 ,JKJA,KS,HG,55.66,10.42,17.42,2.65,3.25
20201008193814 ,GKP2,KG,HH,54.18,10.37,16.9,2.38,6
20201008193814 ,ADO2,KS,EL,76.77,13.77,22.96,2.48,12.6
20201008193814 ,CGWB,KS,HH,84.71,14.98,25.1,2.79,3.65
20201008193814 ,DNBA,KS,HG,98.06,17.15,28.97,2.5,3.74
20201008193814 ,YEYB,KS,HH,97.9,17.21,29.12,2.59,2.56
20201008193814 ,EURB,KS,HH,93.51,16.38,27.39,2.49,4.46
20201008193814 ,HCNA,KS,HG,93.38,16.51,27.75,2.05,8.52
20201008193814 ,YODB,KS,HH,90.09,16.12,26.8,2.46,9.1
20201008193814 ,YALB,KS,HG,88.94,15.6,26.49,2.46,5.83
20201008193814 ,SKBA,KS,HG,86.16,15.28,25.63,2.5,4.28
20201008193814 ,JNHA,KS,HG,80.85,14.27,23.99,2.75,3.24
20201008193814 ,EUSB,KS,HH,80.71,14.37,23.96,2.35,7.88
20201008193814 ,CIGB,KS,HH,78.77,14.09,23.63,2.8,2.84
20201008193814 ,PKNU,KG,HG,53.38,9.93,16.33,2.35,4.93
20201008193814 ,BSAA,KS,HG,77.02,13.78,23.13,2.5,5.22
20201008193814 ,MLGA,KS,HG,52.11,9.82,15.97,2.5,7.57
20201008193814 ,MSNA,KS,HG,28.37,6.25,9.95,2.61,6.83
20201008193814 ,DAG2,KS,HH,26.72,6.08,9.68,2.73,5.76
20201008193814 ,GGDA,KS,HG,25.45,5.73,9.04,2.51,5.16
20201008193814 ,DKJ,KG,EL,24.64,5.66,8.99,2.44,8.5
20201008193814 ,HDB,KG,HH,23.28,5.32,8.31,2.31,7.68
20201008193814 ,DUC,KG,HG,10.03,3.6,5.39,2.16,8.21
20201008193814 ,BOG,KG,HG,11.83,3.82,5.71,2.54,4.5
20201008193814 ,USN2,KS,HG,12.08,3.96,6.01,2.36,14.34
20201008193814 ,MKL,KG,HH,12.22,3.85,5.76,2.46,6.75
20201008193814 ,GCN,KG,HG,12.83,3.99,6.09,2.24,5.08
20201008193814 ,CGU,KG,HG,15.52,4.31,6.6,2.23,6.65
20201008193814 ,SIG,KG,HG,17.38,4.55,7.04,2.5,4.51
20201008193814 ,GSNA,KS,HG,17.54,4.68,7.22,2.59,4.5
20201008193814 ,UNI,KG,HG,21.98,5.22,8.11,2.47,6.45
20201008193814 ,YGBA,KS,HG,22.56,5.37,8.54,2.68,3.43
20201008193814 ,BBK,KG,EL,32.17,6.72,10.71,2.8,3.65
20201008193814 ,CHS,KG,HH,49.43,9.44,15.52,2.39,6.43
20201008193814 ,MIYA,KS,HG,49.08,9.49,15.53,2.8,2.84
20201008193814 ,CGDA,KS,HG,47.31,9.28,15.19,2.65,3.92
20201008193814 ,DES,KG,HH,47.03,9.2,15.15,2.6,5.18
20201008193814 ,MAK,KG,EL,43.63,8.45,13.78,2.24,14.89
20201008193814 ,UNCA,KS,HG,33.29,6.87,10.94,2.49,7.21
20201008193814 ,HCH,KG,HH,39.8,8.19,13.39,2.33,8.4
20201008193814 ,GIGA,KS,HG,36.87,7.49,12.12,2.5,5.68
20201008193814 ,CGD,KG,EL,35.06,7.28,11.64,2.52,14.63
20201008193814 ,POSB,KG,HH,34.62,7.2,11.48,2.42,6.87
20201008193814 ,YSB,KG,HH,33.81,6.96,11.15,2.42,5.96
20201008193814 ,YOCB,KS,HH,33.55,7.11,11.33,2.42,6.17
20201008193814 ,DAGA,KS,HG,49.89,9.64,15.81,2.48,4.97
20201008193814 ,HMGA,KS,HG,51.87,9.9,16.33,2.5,3.63
20201024060901 ,BOSB,KS,HH,95.57,17.19,28.76,2.48,6.08
20201024060901 ,JAHA,KS,HG,97.81,17.81,29.57,3.1,1.95
20201024060901 ,YESA,KS,HG,94.23,17.1,28.48,2.75,3.39
20201024060901 ,WAN2,KS,HG,86.78,16.27,26.57,2.79,13.7
20201024060901 ,GMDB,KS,HH,21.78,6.02,9.24,2.53,4.6
20201024060901 ,CHDA,KS,HG,40,8.77,14.05,2.55,6.07
20201024060901 ,YSDA,KS,HG,50.35,10.06,16.38,2.7,4.63
20201024060901 ,CSDB,KS,HG,59.13,11.47,19.04,2.8,2.99
20201024060901 ,UDO,KS,HH,65.22,12.18,20.13,2.65,4.81
20201024060901 ,YNDB,KS,HH,65.24,12.45,20.35,2.32,7.86
20201024060901 ,KKDA,KS,HG,66.43,12.78,20.95,2.65,4.49
20201024060901 ,NLDA,KS,HG,67.6,13.03,21.4,2.8,3.06
20201024060901 ,KH2B,KS,HH,78.69,14.68,24.26,2.71,3.72
20201024060901 ,BGD,KG,HH,86.75,15.77,26.26,2.65,10.27
20201025101049 ,BGD,KG,HH,89.45,16.16,26.82,2.67,13.08
20201025101049 ,GGDB,KS,HH,52.58,10.05,16.39,2.67,32.37
20201025101049 ,JODB,KS,HH,60.05,11.5,18.9,2.53,13.7
20201025101049 ,MJDB,KS,HH,40.23,8.3,13.33,2.5,5.68
20201025101049 ,HALB,KS,HH,79.79,14.6,23.97,2.2,10.94
20201025101049 ,GOS2,KS,EL,82.07,15.21,25.37,2.95,4.62
20201025101049 ,HEDA,KS,HG,87.65,16.04,26.93,2.82,5.65
20201025101049 ,JJU2,KS,HH,98.09,17.49,29.3,3.1,4.81
20201025101049 ,HUK2,KS,EL,90.86,16.52,27.5,3.04,3.39
20201025101049 ,HTDA,KS,HG,65.11,12.27,20.17,2.65,6.05
20201025101049 ,JDO2,KS,EL,90.22,16.31,27.32,3.59,28.12
20201103222348 ,YOCB,KS,HG,77.24,13.4,23.09,2.95,1.65
20201103222348 ,CHS,KG,HH,74.22,12.88,22.09,2.77,3.34
20201103222348 ,MAK,KG,EL,75.52,13.09,22.4,2.75,4.13
20201103222348 ,PKNU,KG,HG,77.58,13.39,22.98,2.65,2.72
20201103222348 ,ADO2,KS,EL,99.35,16.68,28.75,2.64,7.57
20201103222348 ,CSOA,KS,HG,88.56,15.14,25.81,2.5,4.72
20201103222348 ,CGD,KG,EL,88.82,15.14,26.07,2.58,5.18
20201103222348 ,BUS3,KS,HH,89.02,15.15,25.85,2.65,4.36
20201103222348 ,SKBA,KS,HG,94.37,15.63,27.31,2.65,3.46
20201103222348 ,DAG2,KS,HH,80.73,13.88,24.03,2.54,4.14
20201103222348 ,UNCA,KS,HG,64,11.32,19.32,2.75,2.86
20201103222348 ,POSB,KG,HH,48.54,8.91,15.31,2.39,5.61
20201103222348 ,HMGA,KS,HG,34.88,6.87,11.73,2.77,2.55
20201103222348 ,HDB,KG,HH,37.34,7.31,12.57,2.35,3.48
20201103222348 ,SIG,KG,HG,42.82,6.72,14.11,2.35,4.51
20201103222348 ,BBK,KG,EL,42.92,8.07,13.84,2.71,3.18
20201103222348 ,CGU,KG,HG,47.19,8.83,15.26,2.35,4.64
20201103222348 ,JKJA,KS,HG,69.16,12.09,20.81,2.79,3.13
20201103222348 ,JEJB,KS,HH,38.68,7.54,13.01,2.79,4.7
20201103222348 ,MKL,KG,HH,50.77,9.34,16.07,2.3,5.86
20201103222348 ,DKJ,KG,EL,62.76,11.21,19.24,2.8,2.81
20201103222348 ,USN2,KS,EL,61.87,11.06,18.98,2.47,8.02
20201103222348 ,GIGA,KS,HG,59.55,10.56,18.21,2.71,2.95
20201103222348 ,HAK,KG,HG,28.99,6.28,10.83,2.7,4.76
20201103222348 ,DUC,KG,HG,56.34,10.17,17.43,2.35,4.13
20201103222348 ,PHA2,KS,EL,55.52,9.94,17.18,2.8,4.67
20201103222348 ,HCH,KG,HH,51.96,9.7,16.82,2.83,3.97
20201103222348 ,DES,KG,HH,56.36,10.18,17.62,2.8,5.32
20201103222348 ,BOG,KG,HG,54.7,9.88,16.93,2.35,3.99
20201104075030 ,MAK,KG,EL,76.93,13.76,23.05,2.69,5.42
20201104075030 ,MSNA,KS,HG,81.27,14.51,24.47,2.8,3.54
20201104075030 ,YOCB,KS,HH,77.88,14.04,23.71,1.75,16.14
20201104075030 ,DAG2,KS,HH,81.72,14.54,24.71,2.49,5.74
20201104075030 ,SKBA,KS,HG,93.99,16.42,28,2.65,3.99
20201104075030 ,CSOA,KS,HG,88.42,15.64,26.47,2.5,4.64
20201104075030 ,CGD,KG,EL,89.99,15.79,26.7,2.54,7.36
20201104075030 ,BUS3,KS,HH,90.44,15.76,26.49,2.55,6.87
20201104075030 ,ADO2,KS,EL,99.32,17.35,29.42,2.62,8.21
20201104075030 ,CHS,KG,HH,74.41,13.63,22.77,2.71,4.82
20201104075030 ,PKNU,KG,HG,79,14.02,23.61,2.65,2.96
20201104075030 ,JKJA,KS,HG,69.1,12.67,21.47,2.8,3.34
20201104075030 ,GGDA,KS,HG,50.98,9.87,16.56,2.48,5.19
20201104075030 ,POSB,KG,HH,48.85,9.55,15.97,2.2,9.81
20201104075030 ,POHB,KG,EL,48.46,9.82,16.59,2.91,4.59
20201104075030 ,CGU,KG,HG,48.11,9.48,15.93,2.35,5.19
20201104075030 ,JEJB,KS,HH,40.01,8.16,13.66,2.74,6.63
20201104075030 ,HDB,KG,HH,38.5,7.95,13.2,2.31,4.5
20201104075030 ,HMGA,KS,HG,34.53,7.53,12.37,2.65,3.29
20201104075030 ,SIG,KG,HG,43.87,8.77,14.87,2.31,5.63
20201104075030 ,MKL,KG,HH,51.88,10,16.71,2.29,9.1
20201104075030 ,BBK,KG,EL,44.3,8.73,14.48,2.05,11.56
20201104075030 ,HCH,KG,HH,52.13,10.36,17.46,2.81,4.49
20201104075030 ,GGGA,KS,HG,69.06,12.44,21.05,2.63,3.48
20201104075030 ,UNCA,KS,HG,65.38,11.79,19.95,2.69,4.14
20201104075030 ,DKJ,KG,EL,63.41,11.86,19.89,2.63,4.27
20201104075030 ,USN2,KS,EL,63,11.7,19.63,2.39,11.3
20201104075030 ,UNI,KG,HG,63,11.6,19.43,2.57,4.66
20201104075030 ,GCN,KG,HG,59.96,11.27,19,2.5,3.5
20201104075030 ,DUC,KG,HG,57.4,10.79,18.12,2.5,5.05
20201104075030 ,DES,KG,HH,56.36,10.33,18.29,2.65,8.35
20201104075030 ,BOG,KG,HG,55.84,10.52,17.57,2.34,5.32
20201104075030 ,PHA2,KS,EL,55.33,10.61,17.84,2.8,5.47
20201106092723 ,WICA,KS,HG,83.91,14.89,24.87,2.5,5.58
20201106092723 ,YOW2,KS,HG,88.6,15.64,26.06,2.35,12.67
20201106092723 ,YEYB,KS,HH,88.19,15.37,26.27,2.39,6.87
20201106092723 ,CSOA,KS,HG,85.51,15.08,25.16,2.47,4.78
20201106092723 ,DGHA,KS,HG,84.13,14.9,24.82,2.6,6.41
20201106092723 ,YOCB,KS,HH,89.14,15.68,26.33,2.5,4.62
20201106092723 ,BKWA,KS,HG,83.63,14.64,24.42,2.65,4.93
20201106092723 ,DAGA,KS,HG,77.26,13.74,22.97,2.64,4.36
20201106092723 ,JECB,KS,HH,81.73,14.29,23.81,2.35,8.02
20201106092723 ,AGSA,KS,HG,79.81,14.11,23.36,2.44,6.87
20201106092723 ,YALB,KS,HH,78.69,14,23.29,2.43,6.87
20201106092723 ,EMSB,KS,HH,76.61,13.54,22.49,2.36,9.98
20201106092723 ,JNUA,KS,HG,89.51,15.68,26.11,2.65,5.58
20201106092723 ,BLGA,KS,HG,82.42,14.63,24.27,2.39,9.16
20201106092723 ,KOJ2,KS,EL,89.9,15.82,26.37,2.51,8.02
20201106092723 ,YSUM,KG,HG,97.45,17.03,28.27,2.65,4.26
20201106092723 ,JKJA,KS,HG,99.25,17.26,29.09,2.8,3.44
20201106092723 ,BOGA,KS,HG,97.63,17.11,28.51,2.59,4.35
20201106092723 ,HCNA,KS,HG,96.52,16.95,28.55,2.5,5.47
20201106092723 ,SLSA,KS,HG,96.36,16.88,28.01,2.05,13.78
20201106092723 ,BURB,KS,HH,96.1,16.76,27.84,2.48,4.97
20201106092723 ,JCUA,KS,HG,95.04,16.52,27.71,2.35,7.7
20201106092723 ,JEO2,KS,HH,94.28,16.62,27.76,2.5,11.49
20201106092723 ,SKBA,KS,HG,94.2,16.4,27.94,2.65,3.34
20201106092723 ,KCH2,KS,EL,93.25,16.46,27.58,2.7,10.97
20201106092723 ,NOSA,KS,HG,92.87,16.38,27.21,2.37,10.39
20201106092723 ,GKP2,KG,HH,73.79,13.24,22.03,2.6,3.91
20201106092723 ,CEA2,KS,EL,90.74,15.85,26.63,2.39,13.89
20201106092723 ,CHYB,KS,HH,90.24,15.58,25.95,2.28,6.75
20201106092723 ,CHS,KG,HH,90.08,15.77,26.45,2.55,5.96
20201106092723 ,EUSB,KS,HH,50.81,9.37,15.37,2.22,10.27
20201106092723 ,YDGA,KS,HG,49.68,9.22,15.17,2.3,10.48
20201106092723 ,CIGB,KS,HH,49.44,9.34,15.28,2.65,10.76
20201106092723 ,CGAA,KS,HG,49.15,9.01,14.76,2.39,6.95
20201106092723 ,DGLA,KS,HG,42.87,7.99,12.99,2.56,5.27
20201106092723 ,GICA,KS,HG,40.11,7.64,12.58,2.5,4.33
20201106092723 ,YCHB,KS,HH,35.56,6.68,10.81,2.52,2.99
20201106092723 ,OKCB,KS,HH,33.91,6.55,10.52,2.46,4.5
20201106092723 ,SAJB,KS,HH,10.42,2.42,3.46,2.2,6.26
20201106092723 ,HWSA,KS,HG,20.25,4.22,6.53,2.53,5.58
20201106092723 ,MGB,KG,HH,26.25,5.09,8.07,2.59,7.91
20201106092723 ,GUMA,KS,HG,27.42,5.49,8.84,2.31,5.38
20201106092723 ,MGY2,KS,EL,27.7,5.38,8.57,2.5,6.69
20201106092723 ,DNBA,KS,HG,28.08,5.66,9.01,2.34,4.51
20201106092723 ,CPR2,KS,EL,29.42,5.85,9.42,2.53,8.23
20201106092723 ,GUWB,KS,HH,50.15,9.34,15.33,2.65,3.11
20201106092723 ,HONA,KS,HG,51.3,9.47,15.37,2.45,7.91
20201106092723 ,ADO2,KS,EL,73.25,13.04,21.64,2.37,21.15
20201106092723 ,YEAB,KS,HH,72.35,12.74,21.73,2.2,7.34
20201106092723 ,TJN,KG,HH,70.58,12.72,20.86,2.36,16.51
20201106092723 ,TEJ2,KS,HG,69.96,12.67,20.75,2.48,13.27
20201106092723 ,KMSB,KS,HH,69.96,12.6,20.8,2.26,13.89
20201106092723 ,DUSB,KS,HH,68.73,12.43,20.47,2.38,6.99
20201106092723 ,YGAA,KS,HG,67.89,12.32,20.51,2.3,5.93
20201106092723 ,HKU,KG,HH,73.33,13.13,21.73,2.8,4.33
20201106092723 ,DNYA,KS,HG,65.59,11.8,19.42,2.65,4.56
20201106092723 ,LIWA,KS,HG,52.34,9.66,15.88,2.31,9.1
20201106092723 ,DKSA,KS,HG,53.59,9.68,15.9,2.46,6.71
20201106092723 ,KMC,KG,EL,53.46,9.8,16.17,2.51,8.11
20201106092723 ,YOJB,KS,HH,60.33,10.71,17.67,2.39,6.77
20201106092723 ,PGEA,KS,HG,62.04,11.11,18.19,2.35,8.5
20201106092723 ,JGNA,KS,HG,62.89,11.34,19,2.32,11.07
20201106092723 ,ADOA,KS,HG,53.64,9.72,15.93,2.5,3.66
20201106092723 ,CHJ3,KS,HH,52.3,9.53,15.45,2.4,16
20201108062609 ,DGHA,KS,HG,87.07,15.19,25.06,2.93,7.21
20201108062609 ,CHYB,KS,HH,86.4,14.81,24.77,2.9,6.83
20201108062609 ,WICA,KS,HG,84.82,14.8,24.67,3.04,5.18
20201108062609 ,AGSA,KS,HG,84.71,14.88,24.82,2.97,5.84
20201108062609 ,JECB,KS,HH,83.82,14.61,24.38,2.84,6.58
20201108062609 ,EMSB,KS,HH,82.78,14.56,24.25,3.05,6.52
20201108062609 ,YEYB,KS,HH,81.94,14.26,23.91,2.92,6.97
20201108062609 ,YOCB,KS,HH,82.04,14.27,24.02,2.93,7.17
20201108062609 ,BKWA,KS,HG,87.23,15.09,25.54,2.95,6.73
20201108062609 ,HKU,KG,HH,80.78,14.24,23.8,3.14,5.49
20201108062609 ,CSOA,KS,HG,78.31,13.72,22.83,2.93,6.05
20201108062609 ,TJN,KG,HH,77.54,13.61,22.76,2.79,15.5
20201108062609 ,CHS,KG,HH,82.62,14.36,24.06,3.05,8.95
20201108062609 ,SKBA,KS,HG,87.42,15.12,25.53,3.06,5.18
20201108062609 ,YOW2,KS,EL,88.72,15.39,25.88,2.88,10.13
20201108062609 ,TEJ2,KS,HG,76.9,13.63,22.6,2.98,12.07
20201108062609 ,SUBA,KS,HG,99.17,17.07,28.64,2.9,6.87
20201108062609 ,JEO2,KS,HH,99.01,17.17,28.78,3.14,5.96
20201108062609 ,CEA2,KS,EL,98.06,17.05,28.72,3.02,9.1
20201108062609 ,SND,KG,HH,97.97,16.93,28.28,2.92,6.97
20201108062609 ,KOJ2,KS,EL,97.16,16.89,28.22,2.99,9.1
20201108062609 ,BLGA,KS,HG,88.25,15.41,25.55,2.92,8.84
20201108062609 ,JNUA,KS,HG,96.97,16.8,28.17,3.08,7.42
20201108062609 ,DKJ,KG,EL,95.59,16.52,27.84,3.19,7.55
20201108062609 ,HCNA,KS,HG,94.38,16.32,27.49,3.06,4.5
20201108062609 ,DAG2,KS,HH,94.26,16.28,27.82,3.23,5.6
20201108062609 ,KCH2,KS,EL,92.94,16.25,26.99,3.08,11.26
20201108062609 ,CGDA,KS,HG,92.86,15.96,27.01,3.04,3.91
20201108062609 ,JKJA,KS,HG,91.82,15.85,26.77,3.09,6.5
20201108062609 ,GIGA,KS,HG,96.36,16.49,28.02,3.22,3.3
20201108062609 ,JCUA,KS,HG,96.65,16.71,28.03,2.35,10.27
20201108062609 ,KMSB,KS,HH,75.12,13.21,22.15,2.82,8.47
20201108062609 ,DGLA,KS,HG,43.64,8.02,13.24,3.1,3.9
20201108062609 ,EUSB,KS,HH,43.55,7.99,13.09,2.86,6.87
20201108062609 ,GUWB,KS,HH,43.18,7.97,13.07,3.12,4
20201108062609 ,BON2,KS,EL,42.01,7.8,12.75,3.09,13.04
20201108062609 ,OKCB,KS,HH,40.13,7.45,12.12,3.05,3.91
20201108062609 ,GICA,KS,HG,39.29,7.24,11.91,2.92,4.92
20201108062609 ,CIGB,KS,HH,44.69,8.13,13.49,2.92,14.18
20201108062609 ,MGY2,KS,EL,32.17,6.04,9.86,2.91,7.29
20201108062609 ,YALB,KS,HH,76.38,13.34,22.29,2.97,7.01
20201108062609 ,MGB,KG,HH,27.44,5.19,8.32,3.04,5.18
20201108062609 ,HWSA,KS,HG,26.91,5.22,8.33,3.07,5.12
20201108062609 ,GUMA,KS,HG,22.76,4.42,7.1,2.98,4.23
20201108062609 ,DNBA,KS,HG,21.31,4.28,6.75,3.03,4.5
20201108062609 ,SAJB,KS,HH,11.47,2.33,3.4,3.13,3.95
20201108062609 ,CPR2,KS,EL,32.19,6.07,9.77,2.85,13.89
20201108062609 ,ADOA,KS,HG,47.79,8.52,14.1,3,4.74
20201108062609 ,KMC,KG,EL,54.3,9.69,16.05,2.95,9.67
20201108062609 ,YDGA,KS,HG,52.96,9.52,15.8,2.92,5.79
20201108062609 ,BUSA,KS,HG,75.12,13.07,21.78,2.83,7.88
20201108062609 ,CEJA,KS,HG,74.99,13.18,22.11,2.95,8.77
20201108062609 ,DAGA,KS,HG,71.35,12.55,20.98,3.06,4.1
20201108062609 ,DUSB,KS,HH,70.65,12.47,20.63,3.01,3.91
20201108062609 ,GKP2,KG,HH,68.06,12.02,20.06,2.96,5.22
20201108062609 ,YEAB,KS,HH,66.69,11.67,19.49,2.63,11.26
20201108062609 ,JNPA,KS,HG,73.47,12.95,21.68,2.98,7.36
20201108062609 ,DNYA,KS,HG,66.01,11.6,19.39,3.19,3.86
20201108062609 ,ADO2,KS,EL,66.13,11.69,19.37,2.85,32.37
20201108062609 ,CGAA,KS,HG,56.03,10.08,16.74,3.05,6.87
20201108062609 ,CHJ3,KS,HH,56.75,10.2,16.73,2.79,12.31
20201108062609 ,PGEA,KS,HG,57.96,10.27,16.89,2.97,5.68
20201108062609 ,DKSA,KS,HG,56.16,10.02,16.54,2.83,7.27
20201108062609 ,YOJB,KS,HH,58.58,10.34,17.12,2.84,5.96
20201108062609 ,SNNA,KS,HG,60.36,10.65,17.82,2.86,10.48
20201108062609 ,JGNA,KS,HG,62.11,11.1,18.34,2.92,9.1
20201108062609 ,YGAA,KS,HG,63.95,11.42,19.06,2.97,4.76
20201108062609 ,HONA,KS,HG,58.46,10.53,17.28,2.95,8.52
20201114150029 ,BSAA,KS,HG,78.22,13.91,23.46,2.6,5.18
20201114150029 ,CLSA,KS,HG,77.11,13.68,23.07,2.53,5.39
20201114150029 ,ADO2,KS,EL,75.96,13.44,22.65,2.62,12.07
20201114150029 ,YGAA,KS,HG,74.99,13.44,22.58,2.35,7.4
20201114150029 ,GUWB,KS,HH,71.35,12.84,21.39,2.47,4.35
20201114150029 ,PKNU,KG,HG,54.33,9.92,16.53,2.1,9.42
20201114150029 ,CSOA,KS,HG,70.89,12.62,21.26,2.49,4.51
20201114150029 ,BUS3,KS,HH,57.94,10.55,17.55,2.3,15.1
20201114150029 ,CHRB,KS,HH,69.07,12.3,20.81,2.19,26.55
20201114150029 ,JUCA,KS,HG,66.49,12.04,20.1,2.45,7.46
20201114150029 ,GKP2,KG,HH,54.72,10.29,16.98,2.31,7.91
20201114150029 ,HCNA,KS,HG,94.5,16.51,27.98,2.47,5.53
20201114150029 ,DNBA,KS,HG,97.87,16.96,28.78,2.76,2.56
20201114150029 ,YEYB,KS,HH,96.87,16.76,28.84,2.6,3.39
20201114150029 ,GUMA,KS,HG,96.49,16.87,28.62,2.85,3.91
20201114150029 ,EURB,KS,HH,94.85,16.49,28.16,2.35,7.09
20201114150029 ,GDDB,KS,HH,91.51,15.8,26.67,2.47,6.05
20201114150029 ,EUSB,KS,HG,80.28,14.16,23.79,2.5,5.91
20201114150029 ,YODB,KS,HH,88.81,15.54,26.14,2.76,4.47
20201114150029 ,CGWB,KS,HH,86.13,15.09,25.38,2.26,16.09
20201114150029 ,SKBA,KS,HG,85.05,14.91,25.42,2.65,4.08
20201114150029 ,JNHA,KS,HG,82.25,14.45,24.31,2.7,4.93
20201114150029 ,YALB,KS,HH,89.87,15.6,26.43,2.5,5.88
20201114150029 ,SNNA,KS,HG,54.12,10.19,16.76,2.65,6.77
20201114150029 ,MSNA,KS,HG,29.7,6.37,10.29,2.63,8.35
20201114150029 ,JEJB,KS,HH,28.99,6.05,9.71,2.74,7.55
20201114150029 ,DAG2,KS,HH,27.49,6.09,9.83,2.5,7.4
20201114150029 ,GGDA,KS,HG,24.23,5.4,8.56,2.53,4.88
20201114150029 ,DKJ,KG,EL,23.89,5.38,8.66,2.48,11.01
20201114150029 ,UNI,KG,HG,22.94,5.22,8.26,2.59,5.96
20201114150029 ,DUC,KG,HG,10.15,3.52,5.35,2.2,6.58
20201114150029 ,BBK,KG,EL,32.18,6.56,10.55,2.76,5.18
20201114150029 ,BOG,KG,HG,12.17,3.74,5.69,2.57,3.68
20201114150029 ,GCN,KG,HG,12.48,3.84,5.93,2.32,9.5
20201114150029 ,USN2,KS,EL,12.93,3.96,6.13,2.39,14.3
20201114150029 ,CGU,KG,HG,14.47,4.02,6.15,2.35,4.49
20201114150029 ,SIG,KG,HG,16.54,4.25,6.62,2.52,6.65
20201114150029 ,GSNA,KS,HG,18.27,4.69,7.36,2.46,9.9
20201114150029 ,YGBA,KS,HG,21.54,5.03,8.04,2.76,3.09
20201114150029 ,MLGA,KS,HG,53.42,9.94,16.33,2.63,7.55
20201114150029 ,MKL,KG,HH,12.02,3.68,5.61,2.16,15.1
20201114150029 ,HDB,KG,HH,22.6,5.02,7.89,2.39,9.1
20201114150029 ,YOCB,KS,HH,33.28,6.94,11.21,2.38,10.21
20201114150029 ,MAK,KG,EL,44.7,8.46,13.97,2.35,18.69
20201114150029 ,POHB,KG,EL,39.85,8.09,13.5,2.9,3.91
20201114150029 ,HCH,KG,HH,38.51,7.82,12.95,2.6,5.83
20201114150029 ,CHS,KG,HH,48.5,9.12,15.09,2.37,9.13
20201114150029 ,DAGA,KS,HG,50.44,9.62,15.86,2.6,7.42
20201114150029 ,MIYA,KS,HG,50.44,9.59,15.87,2.8,3.7
20201114150029 ,HMGA,KS,HG,50.48,9.47,15.67,2.63,3.52
20201114150029 ,DES,KG,HH,45.75,8.83,14.6,2.52,7.88
20201114150029 ,CGDA,KS,HG,48.41,9.35,15.5,2.48,5.63
20201114150029 ,CGD,KG,EL,36.34,7.39,11.96,2.5,21.03
20201114150029 ,POSB,KG,HH,33.32,6.82,10.96,2.3,10.3
20201114150029 ,UNCA,KS,HG,34.17,6.84,11.05,2.53,7.11
20201114150029 ,PHA2,KS,EL,51.99,9.78,16.24,2.59,6.56
20201114150029 ,YSB,KG,HH,35.06,7.04,11.38,2.61,5.18
20201114150029 ,HAK,KG,HG,35.96,7.25,11.6,2.75,3.91
20201114150029 ,GIGA,KS,HG,35.75,7.15,11.61,2.56,6.32
20201119141728 ,GODA,KS,HG,84.66,15.04,25.58,3.55,1.73
20201119141728 ,DACB,KS,HH,61.73,11.46,18.83,3.1,3.5
20201119141728 ,YPD,KG,HG,47.62,9.63,15.23,3.22,5.66
20201119141728 ,YPDB,KS,HG,52.89,10.54,17.4,3.2,3.39
20201215081531 ,GODA,KS,HG,99.85,17.68,29.66,2.8,2.82
20201215081531 ,BAR2,KS,HH,51.53,9.82,16.16,2.91,1.93
20201215081531 ,YPD,KG,EL,47.92,9.22,14.73,2.61,7.91
20201215081531 ,DACB,KS,HH,44.49,8.36,13.8,2.65,3.42
20201218081723 ,YAYA,KS,HG,83.45,14.43,24.45,3.05,3.22
20201218081723 ,SKC2,KS,EL,99.53,16.64,29.1,2.94,4.64
20201218081723 ,SUBA,KS,HG,98.28,17.03,29.06,3.08,1.97
20201218081723 ,IJAA,KS,HG,94.1,16.33,27.72,3.05,3.46
20201218081723 ,PYCB,KS,HH,88.17,15.1,26.51,3.04,3.39
20201218081723 ,CHYB,KS,HG,87.8,15.47,26.18,3,3.21
20201218081723 ,PYCA,KS,HG,84.51,15,25.39,3,4.9
20201218081723 ,NAMB,KS,HH,83.84,14.62,25,3.12,3.92
20201218081723 ,GGSA,KS,HG,83.03,14.56,24.81,2.97,3.57
20201218081723 ,KNUD,KG,HH,53.02,9.72,16.55,3,5.27
20201218081723 ,GLCA,KS,HG,76.14,13.36,22.73,3.23,2.97
20201218081723 ,SNDA,KS,HG,78.5,13.8,23.67,3.06,3.46
20201218081723 ,TOHA,KS,HG,26.24,5.1,8.92,2.95,2.82
20201218081723 ,OKEB,KS,HH,31.9,6.03,10.36,2.8,2.84
20201218081723 ,SNGB,KS,HH,41.69,7.74,13.17,2.86,3.39
20201218081723 ,KAWA,KS,HG,45.15,8.08,13.95,2.9,2.72
20201218081723 ,IMWB,KS,HH,47.94,8.66,14.69,2.8,2.97
20201218081723 ,LMGA,KS,HG,45.53,8.44,14.5,3.1,2.51
20201218081723 ,JSB,KG,HH,68.54,12.22,20.84,2.88,4.3
20201218081723 ,GAGA,KS,HG,61.06,10.93,18.61,2.95,2.81
20201218081723 ,GWLA,KS,HG,66.61,11.89,20.43,2.95,3.85
20201218081723 ,YAYB,KS,HH,66.72,11.87,20.08,2.86,3.19
20201218081723 ,JMJ2,KS,EL,56.33,9.98,17.11,3.84,4.75
20201218081723 ,TBA2,KS,EL,70.71,12.35,21.11,3.04,4.81
20201223122820 ,GMHB,KS,HH,84.35,14.39,24.26,2.97,9.18
20201223122820 ,NJDA,KS,HG,80.83,14.17,23.49,2.65,4.93
20201223122820 ,HAWB,KS,HH,72.46,12.5,21.11,2.45,5.96
20201223122820 ,DEI2,KS,HH,76.98,13.45,22.91,2.8,4.62
20201223122820 ,MOGA,KS,HG,75.92,13.12,21.73,2.75,4.37
20201223122820 ,YAPA,KS,HG,73.28,12.66,21.15,2.78,4.78
20201223122820 ,YIN,KG,EL,87.7,15.07,24.98,2.5,8.82
20201223122820 ,ICN2,KS,EL,78.5,13.6,22.47,2.75,7.91
20201223122820 ,HWCB,KS,HH,99.53,17,28.7,2.71,21.21
20201223122820 ,PTKA,KS,HG,89.49,15.41,25.72,2.77,3.58
20201223122820 ,KNUC,KG,HH,91.13,15.57,25.82,2.75,3.91
20201223122820 ,DGJA,KS,HG,94.36,16.27,27.57,2.8,2.81
20201223122820 ,BOGA,KS,HG,96.16,16.5,27.8,2.65,3.44
20201223122820 ,CHC2,KS,HH,96.24,16.4,27.14,2.83,6.65
20201223122820 ,SLSA,KS,HG,96.67,16.57,27.65,2.5,7.79
20201223122820 ,YAGA,KS,HG,98.05,16.79,28.11,2.8,4.59
20201223122820 ,CGUB,KS,HH,89.44,15.33,25.54,2.9,2.95
20201223122820 ,GAPB,KS,HH,70.2,11.92,19.78,2.59,5.96
20201223122820 ,YINB,KS,HH,67.99,11.89,19.53,2.45,5.96
20201223122820 ,CHNB,KG,HH,69.54,12.01,19.84,2.64,22.53
20201223122820 ,UJBA,KS,HG,34.76,6.23,10.17,2.59,4.86
20201223122820 ,SEO3,KS,HH,32.55,6.07,9.82,2.47,8.16
20201223122820 ,YJD3,KS,HG,31.81,5.99,9.93,2.57,9.42
20201223122820 ,INCA,KS,HG,31.16,5.9,9.62,2.55,4.88
20201223122820 ,JURA,KS,HG,35.42,6.42,10.47,2.57,4.58
20201223122820 ,SODA,KS,HG,28.41,5.44,8.75,2.7,5.21
20201223122820 ,GSGA,KS,HG,24.37,4.68,7.64,2.64,3.22
20201223122820 ,MUS2,KS,HG,20.19,3.96,6.33,2.75,11.73
20201223122820 ,GGTA,KS,HG,18.45,3.54,5.63,2.65,5.22
20201223122820 ,GMPB,KS,HH,14.78,3.2,5.04,2.45,5.18
20201223122820 ,GH2B,KS,HH,27.04,5.23,8.54,2.64,4.06
20201223122820 ,DDCA,KS,HG,36.25,6.48,10.51,2.59,4.5
20201223122820 ,SNU,KG,HH,38.21,7.02,11.38,2.49,6.97
20201223122820 ,YOGA,KS,HG,63.59,11.05,18.26,2.69,6.87
20201223122820 ,HWDB,KS,HH,55.83,9.78,16.1,2.45,11.93
20201223122820 ,SGNA,KS,HG,51.9,9.22,15.12,2.65,4.9
20201223122820 ,SGMA,KS,HG,51.33,8.97,14.83,2.62,5.03
20201223122820 ,PCH,KG,EL,45.01,7.9,12.91,2.44,12.07
20201223122820 ,SHHB,KS,HH,43.54,7.85,12.97,2.61,3.52
20201223122820 ,YSUK,KG,HG,40.54,7.4,12.29,1.9,13.86
20201223122820 ,GODA,KS,HG,40.45,7.4,12.28,2.5,4.56
20201223122820 ,YC2B,KS,HH,39.75,7.07,11.56,2.5,9.7
20201223122820 ,KIP,KG,HH,13.16,2.99,4.68,2.7,21.21
20210113231728 ,YPD,KG,HG,92.64,16.14,28.01,2.75,7.77
20210113231728 ,TANB,KS,HH,67.05,11.9,20.18,2.45,3.91
20210113231728 ,GBI2,KS,HH,30.17,5.48,9.27,2.16,12.07
20210113231728 ,WNBA,KS,HG,74.57,13.24,22.38,2.65,3.99
20210113231728 ,DEI2,KS,HH,75.05,13.08,22.97,2.34,10.45
20210113231728 ,ANMA,KS,HG,88.55,15.79,26.21,2.73,2.56
20210113231728 ,NJDA,KS,HG,91.4,15.98,27.15,2.53,3.97
20210113231728 ,SES2,KS,HH,92.16,16.57,27.34,2.54,9.1
20210113231728 ,ECDB,KS,HH,96.41,16.56,28.44,2.5,4.85
20210113231728 ,OYDB,KS,HH,91.35,15.73,26.73,2.2,6.69
20210203031756 ,YSAB,KS,HH,82.68,14.63,24.28,2.62,4.72
20210203031756 ,HGSA,KS,HG,84.19,14.82,24.75,2.65,4.1
20210203031756 ,PTKA,KS,HG,87.81,15.43,25.8,2.89,2.8
20210203031756 ,GLSA,KS,HG,92.79,16.25,27.05,2.63,4.59
20210203031756 ,ASNA,KS,HG,88.33,15.51,26.03,2.92,3.92
20210203031756 ,UJBA,KS,HG,91.06,15.94,26.54,2.65,3.44
20210203031756 ,HSB,KG,HH,92.43,16.11,27.04,2.65,4.82
20210203031756 ,DDCA,KS,HG,97.61,17.02,28.32,2.8,2.63
20210203031756 ,GBI2,KS,HH,98.54,17.14,28.73,2.46,26.55
20210203031756 ,MUS2,KS,EL,78.7,13.88,23.06,2.83,9.81
20210203031756 ,YINB,KS,HH,88.21,15.49,25.93,2.8,2.55
20210203031756 ,GGTA,KS,HG,77.28,13.61,22.55,2.73,4.5
20210203031756 ,YPD,KG,EL,61.85,10.87,18.03,2.7,9.16
20210203031756 ,SODA,KS,HG,69.94,12.57,20.97,2.7,3.93
20210203031756 ,DEI2,KS,HH,17.15,3.38,5.3,2.68,10.6
20210203031756 ,YJD3,KS,HG,35.28,6.69,11.01,2.71,8.14
20210203031756 ,TANB,KS,HH,73.08,12.82,21.58,2.65,5.44
20210203031756 ,INCA,KS,HG,39.53,7.42,12.17,2.55,4.21
20210203031756 ,YSUK,KG,HG,40.02,7.53,12.55,2.35,6.46
20210203031756 ,SHHB,KS,HH,42.43,7.93,13.08,2.35,5.35
20210203031756 ,GH2B,KS,HH,47.8,8.67,14.21,2.62,3.44
20210203031756 ,GMPB,KS,HH,53.49,9.63,15.87,2.67,4.49
20210203031756 ,NJDA,KS,HG,35.46,6.74,11.06,2.46,4.81
20210203031756 ,HAWB,KS,HH,55.05,10.01,16.51,2.53,3.97
20210203031756 ,SWO2,KS,EL,66.71,11.99,20.05,2.34,12.17
20210203031756 ,SEO3,KS,HH,63.77,11.41,18.98,2.5,5.44
20210203031756 ,SES2,KS,HH,62.67,11.24,18.59,2.3,24.42
20210203031756 ,SNU,KG,HH,65.76,11.87,19.62,2.6,4.2
20210203031756 ,KIP,KG,HH,60.96,10.89,18.11,2.8,13.78
20210203031756 ,GSGA,KS,HG,60.18,10.79,18.02,2.65,3.9
20210203031756 ,DGJA,KS,HG,59.24,10.79,18.05,2.65,3.42
20210203031756 ,YPDB,KS,HH,57.59,10.18,16.75,2.45,28.12
20210210102818 ,PTKA,KS,HG,87.81,16.03,26,2.8,2.7
20210210102818 ,YSAB,KS,HG,82.68,15.23,24.94,2.63,3.33
20210210102818 ,HGSA,KS,HG,84.19,15.44,25.3,2.65,3.33
20210210102818 ,SGNA,KS,HG,85.28,15.56,25.69,2.61,3.91
20210210102818 ,ANMA,KS,HG,87.66,15.94,26.46,2.61,2.85
20210210102818 ,DDCA,KS,HG,97.61,17.61,28.82,2.75,2.81
20210210102818 ,HSB,KG,HH,92.43,16.65,27.52,2.63,3.4
20210210102818 ,GLSA,KS,HG,92.79,16.89,27.63,2.65,3.27
20210210102818 ,GBI2,KS,HH,98.54,17.7,29.29,2.47,9.78
20210210102818 ,MUS2,KS,EL,78.7,14.43,23.62,2.77,11.46
20210210102818 ,YINB,KS,HH,88.21,16.07,26.48,2.65,2.9
20210210102818 ,GGTA,KS,HG,77.28,14.2,23.13,2.62,6.45
20210210102818 ,SODA,KS,HG,69.94,13.2,21.53,2.8,3.27
20210210102818 ,YJD3,KS,HG,35.28,7.28,11.6,2.68,10.48
20210210102818 ,NJDA,KS,HG,35.46,7.3,11.64,2.41,4
20210210102818 ,INCA,KS,HG,39.53,7.99,12.75,2.48,5.03
20210210102818 ,YSUK,KG,HG,40.02,8.11,13.08,2.2,9.87
20210210102818 ,TANB,KS,HH,73.08,13.38,22.15,2.65,3.31
20210210102818 ,SHHB,KS,HH,42.43,8.51,13.65,2.22,7.49
20210210102818 ,GH2B,KS,HH,47.8,9.24,14.79,2.5,4.38
20210210102818 ,GODA,KS,HG,53.26,10.11,16.32,2.23,7.66
20210210102818 ,GMPB,KS,HH,53.49,10.26,16.46,2.55,6.87
20210210102818 ,HAWB,KS,HH,55.05,10.57,17.04,2.55,3.12
20210210102818 ,WNBA,KS,HG,55.99,10.65,17.32,2.35,4.75
20210210102818 ,DEI2,KS,HH,17.15,3.91,5.9,2.61,7.46
20210210102818 ,YPDB,KS,HH,57.59,10.77,17.3,2.3,21.21
20210210102818 ,SWO2,KS,EL,66.71,12.55,20.59,2.3,13.58
20210210102818 ,SNU,KG,HH,65.76,12.45,20.2,2.52,4.76
20210210102818 ,SEO3,KS,HH,63.77,12,19.57,2.41,7.27
20210210102818 ,SES2,KS,HH,62.67,11.8,19.17,2.34,12.17
20210210102818 ,YPD,KG,EL,61.85,11.44,18.58,2.69,6.91
20210210102818 ,KIP,KG,HH,60.96,11.44,18.69,2.76,16
20210210102818 ,GSGA,KS,HG,60.18,11.38,18.6,2.65,4.28
20210215095925 ,HONA,KS,HG,84.1,15.05,25.19,2.95,3.46
20210215095925 ,YSAB,KS,HG,84.08,15.25,24.89,2.79,6.37
20210215095925 ,HKU,KG,HH,83.95,15.13,25.06,2.91,5.44
20210215095925 ,GOCB,KS,HH,75.15,13.77,22.68,2.85,10.85
20210215095925 ,ECDB,KS,HH,79.46,14.21,23.33,2.83,6.89
20210215095925 ,ANMA,KS,HG,76.85,13.91,22.68,2.74,5.18
20210215095925 ,HGSA,KS,HG,76.03,13.93,22.6,2.68,4.96
20210215095925 ,JNUA,KS,HG,84.82,15.36,25.41,2.95,4.06
20210215095925 ,NAWB,KS,HH,81.34,14.76,24.22,2.64,3.44
20210215095925 ,ASNA,KS,HG,94.76,16.9,28.2,2.8,5.91
20210215095925 ,YEGA,KS,HG,85.54,15.36,25.48,2.96,5.78
20210215095925 ,YDGA,KS,HG,87.32,15.74,26.08,2.83,4.31
20210215095925 ,WICA,KS,HG,92.02,16.54,27.43,2.98,3.59
20210215095925 ,KWJ2,KS,HH,93.65,16.64,27.58,2.82,6.85
20210215095925 ,KWJU,KS,HH,93.65,16.65,27.6,2.39,14.8
20210215095925 ,OKCB,KS,HH,95.24,16.93,28.05,2.74,3.39
20210215095925 ,HMPA,KS,HG,96.82,17.14,28.68,2.88,7.59
20210215095925 ,HAMB,KS,HH,98.11,17.59,29.06,2.86,3.51
20210215095925 ,TANB,KS,HH,99.24,17.44,28.62,2.75,5.93
20210215095925 ,KMC,KG,EL,99.93,17.84,29.53,3.13,3.4
20210215095925 ,DUSB,KS,HH,85.45,15.47,25.63,2.95,2.99
20210215095925 ,OYDB,KS,HH,74.42,13.35,22.03,2.69,7.66
20210215095925 ,JAGA,KS,HG,75.08,13.66,22.59,3.01,4.55
20210215095925 ,BLGA,KS,HG,45.99,8.96,14.42,2.59,5.18
20210215095925 ,SMKB,KS,HH,43.27,8.4,13.64,2.8,7.62
20210215095925 ,NOSA,KS,HG,42.79,8.44,13.74,2.75,6.52
20210215095925 ,JEO2,KS,HG,42.45,8.44,13.56,2.56,9.1
20210215095925 ,TAIA,KS,HG,39.83,8.02,12.8,2.69,5.18
20210215095925 ,CJDB,KS,HH,36.12,7.29,11.5,2.64,10.33
20210215095925 ,SUCA,KS,HG,74.22,13.6,22.32,2.76,3.71
20210215095925 ,BUYB,KS,HH,33.72,6.97,11.09,2.62,28.12
20210215095925 ,PUAA,KS,HG,32.54,6.75,10.68,2.79,6.58
20210215095925 ,CHOA,KS,HG,31.62,6.72,10.63,2.65,7.25
20210215095925 ,NACA,KS,HG,24.97,5.49,8.53,2.82,5.81
20210215095925 ,IKSA,KS,HG,23.64,5.47,8.55,2.85,3.7
20210215095925 ,SECA,KS,HG,21.17,4.97,7.53,2.82,5.81
20210215095925 ,ISGB,KS,HH,16.86,4.47,6.76,2.38,5.74
20210215095925 ,NPR,KG,HH,11.81,3.69,5.38,2.49,20.91
20210215095925 ,PORA,KS,HG,46.38,9.02,14.32,2.64,8.21
20210215095925 ,CGYA,KS,HG,49.42,9.57,15.25,2.61,6.83
20210215095925 ,JEU2,KS,EL,56.59,10.75,17.36,2.7,16
20210215095925 ,JASA,KS,HG,72.43,13.48,21.99,2.67,5.84
20210215095925 ,DGHA,KS,HG,68.92,12.76,21.03,2.9,2.9
20210215095925 ,HSB,KG,HH,66.12,12.22,19.8,2.68,5.19
20210215095925 ,GLSA,KS,HG,65.84,12.19,19.81,2.62,4.89
20210215095925 ,MALA,KS,HG,54.27,10.37,16.86,2.69,5.27
20210215095925 ,TJN,KG,HH,64.66,11.95,19.67,2.78,5.63
20210215095925 ,WID,KG,EL,64.2,11.62,19.08,2.65,9.4
20210215095925 ,YUGA,KS,HG,62.66,11.72,19.2,2.95,3.81
20210215095925 ,TEJ2,KS,HG,64.67,12.04,19.76,2.93,5.78
20210215095925 ,KOJ2,KS,EL,60.8,11.3,18.57,2.79,6.54
20210215095925 ,KMSB,KS,HH,60.06,11.31,18.33,2.53,6.87
20210215095925 ,IBA,KG,HG,59.46,11.23,18.29,2.94,5.25
20210215095925 ,IMSB,KS,HH,58.96,11.13,18.02,2.77,3.37
20210215095925 ,SMWA,KS,HG,58.55,10.95,17.92,2.67,6.93
20210221000334 ,BGDB,KS,HG,85.85,14.81,25.22,2.95,2.96
20210221000334 ,GKSA,KS,HG,85.32,14.75,25.03,2.47,7.13
20210221000334 ,SECA,KS,HG,83.94,14.37,24.33,2.78,5.83
20210221000334 ,CHOA,KS,HG,82.12,14.16,23.85,2.62,5.28
20210221000334 ,CJDB,KS,HH,80.57,13.7,23.39,2.31,8.79
20210221000334 ,AJD,KG,EL,83.1,14.32,24.61,2.73,10.48
20210221000334 ,NPR,KG,HH,80.01,13.8,23.31,2.49,11.96
20210221000334 ,CGPA,KS,HG,87.95,15.21,25.54,2.95,3.5
20210221000334 ,OYDB,KS,HH,88.12,14.95,25.37,2.32,9.34
20210221000334 ,HAWA,KS,HG,89.21,15.21,25.88,2.5,6.73
20210221000334 ,IKSA,KS,HG,92.93,15.99,26.83,2.52,12.03
20210221000334 ,MNDB,KS,HH,93.84,16.07,27.06,2.61,7.42
20210221000334 ,NAWB,KS,HH,96.58,16.43,27.92,2.31,7.46
20210221000334 ,MALA,KS,HG,96.78,16.5,27.98,2.65,6.37
20210221000334 ,IMSB,KS,HH,87.76,15.08,25.55,2.31,10.48
20210221000334 ,ECDB,KS,HH,79.62,13.52,22.64,2.35,7.97
20210221000334 ,ISGB,KS,HH,77.78,13.47,22.65,2.62,5.96
20210221000334 ,JAGA,KS,HG,46.97,8.68,14.54,2.53,7.91
20210221000334 ,IBA,KG,HG,46.42,8.56,14.3,2.51,7.27
20210221000334 ,PUAA,KS,HG,45.78,8.37,13.94,2.66,6.02
20210221000334 ,HMPA,KS,HG,45.47,8.33,13.86,2.48,7.59
20210221000334 ,MANA,KS,HG,43.17,8.02,13.41,2.65,6.02
20210221000334 ,SMKB,KS,HH,32.78,6.4,10.51,2.39,13.62
20210221000334 ,YEGA,KS,HG,26.14,5.5,8.85,2.55,7.4
20210221000334 ,SMWA,KS,HG,22.58,4.9,7.96,2.64,5.98
20210221000334 ,WID,KG,EL,19.62,4.45,7.16,2.46,9.56
20210221000334 ,GOCB,KS,HH,28.85,5.89,9.63,2.32,32.37
20210221000334 ,IJDB,KS,HH,48.84,8.86,14.96,2.34,7.25
20210221000334 ,AMD,KS,HH,32.98,6.4,10.57,2.46,24.42
20210221000334 ,JEU2,KS,EL,54.49,9.83,16.42,2.35,22.02
20210221000334 ,HWSB,KG,HH,75.42,13.33,22.31,2.68,7.57
20210221000334 ,SUCA,KS,HG,73.99,12.85,21.71,2.61,6.6
20210221000334 ,MOPB,KS,HH,73.24,12.83,21.67,2.6,4.4
20210221000334 ,KWJU,KS,HH,69.21,12.13,20.42,2.17,32.37
20210221000334 ,KWJ2,KS,HH,69.2,12.13,20.4,2.47,17.59
20210221000334 ,SIJA,KS,HG,68.37,12.01,20.2,2.35,7.4
20210221000334 ,NAJA,KS,HG,66.99,11.84,19.83,2.72,6
20210221000334 ,MUN,KG,EL,63.39,11.23,18.91,2.39,12.14
20210221000334 ,NACA,KS,HG,58.81,10.31,17.3,2.65,6.97
20210221000334 ,TAIA,KS,HG,58.14,10.4,17.31,2.3,10.42
20210315175152 ,CLSA,KS,HG,77.84,14.23,23.64,3.1,2.72
20210315175152 ,GGGA,KS,HG,70.1,12.97,21.35,3.09,1.83
20210315175152 ,ADO2,KS,EL,76.21,13.89,23.12,2.7,18.42
20210315175152 ,YGAA,KS,HG,75.88,13.96,23.15,3.04,2.52
20210315175152 ,CSOA,KS,HG,71,13.03,21.63,3.1,2
20210315175152 ,CHRB,KS,HH,69.9,12.93,21.37,2.95,4.15
20210315175152 ,JKJA,KS,HG,54.47,10.49,17.42,3.04,2.35
20210315175152 ,JUCA,KS,HG,66.93,12.56,20.7,2.98,4.6
20210315175152 ,OJR,KG,HG,63.02,11.83,19.32,2.91,3.39
20210315175152 ,BUS3,KS,HH,58.04,11.14,18.24,2.8,8.21
20210315175152 ,GKP2,KG,HH,55.58,10.87,17.52,2.85,3.91
20210315175152 ,SNNA,KS,HG,54.82,10.65,17.32,2.86,4.82
20210315175152 ,CIGB,KS,HH,79.97,14.65,24.23,2.98,7.62
20210315175152 ,DNBA,KS,HG,98.5,17.41,29.23,3.1,2.1
20210315175152 ,EUSB,KS,HH,80.78,14.6,24.12,2.91,2.95
20210315175152 ,PKNU,KG,HG,54.21,10.46,17.14,2.65,4.93
20210315175152 ,GUMA,KS,HG,97.24,17.31,29.09,3.25,2.64
20210315175152 ,YEYB,KS,HH,96.95,17.12,28.94,3.1,1.8
20210315175152 ,EURB,KS,HH,95.63,17.03,28.41,2.77,5.28
20210315175152 ,HCNA,KS,HG,95.38,17.06,28.49,2.95,3.34
20210315175152 ,GDDB,KS,HH,91.84,16.41,27.26,3.1,2.28
20210315175152 ,CGWB,KS,HH,86.71,15.68,26.06,3.08,3.52
20210315175152 ,SKBA,KS,HG,85.06,15.32,25.66,2.9,2.91
20210315175152 ,JNHA,KS,HG,82.68,14.99,24.91,3.25,2.32
20210315175152 ,YALB,KS,HH,90.77,16.13,27.06,2.98,4.38
20210315175152 ,MLGA,KS,HG,53.71,10.49,16.97,3.01,3.95
20210315175152 ,GUWB,KS,HH,72.03,13.3,21.84,2.95,2.33
20210315175152 ,PHA2,KS,EL,51.7,10.18,16.54,3.05,4.13
20210315175152 ,BBK,KG,EL,31.53,7.07,11.11,3.32,2.26
20210315175152 ,MSNA,KS,HG,30.33,6.95,10.95,3.15,3.49
20210315175152 ,DAG2,KS,HH,28.34,6.62,10.41,2.99,5.21
20210315175152 ,JEJB,KS,HH,28.26,6.64,10.27,3.09,3.79
20210315175152 ,DKJ,KG,EL,24.15,5.82,9.08,3.07,3.09
20210315175152 ,GGDA,KS,HG,24,5.82,8.94,3,2.62
20210315175152 ,UNI,KG,HG,22.94,5.78,8.9,2.95,3.58
20210315175152 ,MKL,KG,HH,11.47,4.21,6.13,2.79,5.53
20210315175152 ,BOG,KG,HG,12.02,4.27,6.27,2.94,3.19
20210315175152 ,GCN,KG,HG,12.79,4.33,6.45,2.66,4.43
20210315175152 ,USN2,KS,EL,13.32,4.53,6.75,2.71,8.14
20210315175152 ,CGU,KG,HG,13.98,4.47,6.63,2.89,2.73
20210315175152 ,SIG,KG,HG,15.83,4.71,7.09,3.06,2.56
20210315175152 ,GSNA,KS,HG,19.04,5.22,7.94,2.87,4.5
20210315175152 ,YGBA,KS,HG,20.77,5.47,8.45,3.1,2.63
20210315175152 ,HDB,KG,HH,21.59,5.47,8.37,2.9,3.39
20210315175152 ,DAGA,KS,HG,51.29,10.13,16.46,2.98,4.58
20210315175152 ,MIYA,KS,HG,51.15,10.15,16.51,3.25,2.1
20210315175152 ,HMGA,KS,HG,49.86,9.87,15.99,3.1,1.94
20210315175152 ,CGDA,KS,HG,49.27,9.9,16.09,3.1,2.9
20210315175152 ,CHS,KG,HH,48.66,9.55,15.47,2.92,3.56
20210315175152 ,DES,KG,HG,45.53,9.22,14.96,3.16,2.27
20210315175152 ,MAK,KG,EL,44.41,9.05,14.63,2.86,6.87
20210315175152 ,JUC,KG,HG,43.25,9.04,14.64,3.1,2.06
20210315175152 ,POHB,KG,HH,39.5,8.43,13.6,3.35,1.58
20210315175152 ,HCH,KG,HH,38.26,8.23,13.3,3.1,3.09
20210315175152 ,POSB,KG,HH,33,7.21,11.29,2.85,3.12
20210315175152 ,YOCB,KS,HH,33.85,7.41,11.66,2.95,2.57
20210315175152 ,UNCA,KS,HG,34.04,7.4,11.75,2.91,3.82
20210315175152 ,HAK,KG,HG,35.21,7.66,12.21,3.25,1.94
20210315175152 ,YSB,KG,HH,35.33,7.63,12.09,2.95,3.36
20210315175152 ,GIGA,KS,HG,35.71,7.56,11.96,3.05,2.56
20210315175152 ,CGD,KG,EL,37.08,7.95,12.61,2.99,6.69
20210315175152 ,DUC,KG,HG,10.23,4.07,5.91,2.73,3.39
20210413125615 ,YDGA,KS,HG,80.7,14.28,23.78,2.65,4.59
20210413125615 ,NAWB,KS,HH,80.31,14.21,23.5,2.21,5.58
20210413125615 ,YSAB,KS,HH,81.19,14.38,23.54,2.34,8.02
20210413125615 ,GOCB,KS,HH,80.31,14.24,23.81,2.39,32.37
20210413125615 ,DUSB,KS,HH,79.73,14.17,23.58,2.63,3.99
20210413125615 ,JNUA,KS,HG,79.5,14.01,23.52,2.5,5.81
20210413125615 ,OYDB,KS,HH,79.23,13.84,22.92,2.25,12.07
20210413125615 ,JAGA,KS,HG,78.84,13.98,23.25,2.67,6.93
20210413125615 ,ECDB,KS,HH,85.12,14.66,24.53,2.35,9.61
20210413125615 ,WICA,KS,HG,87.23,15.37,25.64,2.65,4.99
20210413125615 ,KWJU,KS,HH,96.23,16.69,27.96,2.04,30.92
20210413125615 ,ASNA,KS,HG,90.65,15.9,26.54,2.55,5.58
20210413125615 ,JLSA,KS,HG,99.83,17.5,29.16,2.49,5.02
20210413125615 ,GRE,KG,EL,97.47,16.98,28.3,2.29,15.54
20210413125615 ,ANMA,KS,HG,78.28,13.77,22.71,2.21,5.98
20210413125615 ,KWJ2,KS,HH,96.23,16.7,27.95,2.41,12.49
20210413125615 ,OKCB,KS,HH,88.16,15.38,25.63,2.02,6.23
20210413125615 ,SES2,KS,HH,95.22,16.63,27.55,2.3,24.42
20210413125615 ,HAMB,KS,HH,94.82,16.69,27.72,2.65,3.6
20210413125615 ,KMC,KG,EL,93.71,16.44,27.39,2.59,8.64
20210413125615 ,GKSA,KS,HG,92.68,16.25,27.07,2.65,4.41
20210413125615 ,YEGA,KS,HG,91.13,15.95,26.71,2.48,13.27
20210413125615 ,CEA2,KS,EL,94.92,16.65,27.62,2.52,9.92
20210413125615 ,HKU,KG,HH,77.79,13.71,22.98,2.39,8.42
20210413125615 ,SUCA,KS,HG,75.31,13.39,22.23,2.45,6.83
20210413125615 ,PORA,KS,HG,47.67,8.76,14.21,2.31,7.55
20210413125615 ,CGYA,KS,HG,47.35,8.78,14.14,2.21,9.4
20210413125615 ,TAIA,KS,HG,42.22,7.97,13.02,2.65,5.13
20210413125615 ,CJDB,KS,HH,39.66,7.41,12.03,2.34,7.09
20210413125615 ,BLGA,KS,HG,39.11,7.41,11.96,2.18,11.01
20210413125615 ,PUAA,KS,HG,37.98,7.22,11.77,2.34,7.7
20210413125615 ,JEO2,KS,HH,37.08,7.17,11.61,2.21,19.29
20210413125615 ,NOSA,KS,HG,36.59,7.01,11.42,2.47,5.6
20210413125615 ,BUYB,KS,HH,29.79,5.86,9.44,2.47,32.19
20210413125615 ,CHOA,KS,HG,29.07,5.85,9.44,2.34,9.02
20210413125615 ,SECA,KS,HG,22.06,4.59,7.15,2.46,10.48
20210413125615 ,IKSA,KS,HG,17.5,4.01,6.34,2.39,7.53
20210413125615 ,ISGB,KS,HH,14.95,3.66,5.66,2.16,7.34
20210413125615 ,NACA,KS,HG,31.42,6.06,9.76,2.22,10.66
20210413125615 ,SMKB,KS,HH,49.7,9.06,15.14,2.07,22.21
20210413125615 ,NPR,KG,HH,11.03,2.97,4.44,2.2,26.62
20210413125615 ,MALA,KS,HG,50.96,9.47,15.5,2.34,5.78
20210413125615 ,HGSA,KS,HG,74.23,13.2,21.69,2.5,4.1
20210413125615 ,JASA,KS,HG,69.02,12.51,20.67,2.41,6.28
20210413125615 ,GLSA,KS,HG,65.75,11.74,19.32,2.17,7.51
20210413125615 ,HSB,KG,HH,65.08,11.6,19.07,2.02,9.13
20210413125615 ,SMWA,KS,HG,64.43,11.55,19.2,2.33,11.79
20210413125615 ,DGHA,KS,HG,63.87,11.55,19.15,2.37,5.68
20210413125615 ,IBA,KG,HG,63.07,11.43,18.84,2.5,10.57
20210413125615 ,WID,KG,EL,71.11,12.44,21.04,2.2,20.31
20210413125615 ,JEU2,KS,EL,59.32,10.78,17.69,2.51,16.85
20210413125615 ,KMSB,KS,HH,53.32,9.8,15.99,2.28,7.91
20210413125615 ,KOJ2,KS,EL,55.2,9.96,16.5,2.39,10.79
20210413125615 ,TEJ2,KS,HG,57.87,10.48,17.41,2.51,10.04
20210413125615 ,TJN,KG,HH,57.89,10.44,17.22,2.34,8.72
20210413125615 ,YUGA,KS,HG,58.72,10.66,17.51,2.42,7.91
20210413125615 ,IMSB,KS,HH,57.41,10.51,17.23,2.29,6.6
20210415164323 ,GSGA,KS,HG,82.55,14.53,24.13,2.8,4.21
20210415164323 ,HKU,KG,HH,82,14.53,24.2,2.59,6.87
20210415164323 ,IJA2,KS,EL,85.61,14.97,24.89,2.5,22.02
20210415164323 ,MGB,KG,HH,85.55,15.04,25.08,2.4,12.07
20210415164323 ,JNUA,KS,HG,81.11,14.37,24.08,2.73,6.87
20210415164323 ,NAMB,KS,HH,80.77,14.17,23.47,2.47,13.82
20210415164323 ,MGY2,KS,EL,77.85,13.83,22.93,2.26,21.21
20210415164323 ,CE2A,KS,HG,76.31,13.65,22.56,2.49,11.62
20210415164323 ,DGLA,KS,HG,75.22,13.45,22.28,2.77,4.86
20210415164323 ,UJBA,KS,HG,74.89,13.2,21.91,2.67,8.23
20210415164323 ,SEO3,KS,HH,74.44,13.14,21.83,2.55,12.07
20210415164323 ,ASNA,KS,HG,81.14,14.32,23.8,2.59,13.89
20210415164323 ,HWCA,KS,HG,85.93,15.03,25.15,2.84,5.84
20210415164323 ,PCH,KG,EL,91.15,15.95,26.29,2.48,14.85
20210415164323 ,YOJB,KS,HH,86,15.27,25.36,2.72,4.5
20210415164323 ,SODA,KS,HG,74.36,13.14,21.77,2.67,5.71
20210415164323 ,GWLA,KS,HG,99.4,17.41,29.3,2.75,4.45
20210415164323 ,YCHB,KS,HH,98.93,17.28,28.82,2.55,5.3
20210415164323 ,INCA,KS,HG,98.92,17.22,28.73,2.95,3.15
20210415164323 ,SND,KG,HH,98.02,17.14,28.77,2.66,8.77
20210415164323 ,YGGA,KS,HG,93.44,16.2,27.02,2.8,3.74
20210415164323 ,YSUK,KG,HG,93.15,16.25,27.29,2.85,4.99
20210415164323 ,BUSA,KS,HG,91.82,16.16,26.95,2.8,4.81
20210415164323 ,IJAA,KS,HG,91.13,15.89,26.63,2.74,5.96
20210415164323 ,CWO2,KS,EL,90.19,15.68,26.16,2.65,12.31
20210415164323 ,SHHB,KS,HH,89.97,15.7,26.21,2.72,5.18
20210415164323 ,GGTA,KS,HG,89.77,15.71,26.1,2.77,7.55
20210415164323 ,JSB,KG,HH,87.1,15.08,25.67,2.55,6.87
20210415164323 ,HAWB,KS,HH,86.76,15.19,25.31,2.47,6.02
20210415164323 ,SGMA,KS,HG,71.1,12.57,20.45,2.49,6.6
20210415164323 ,HOCA,KS,HG,47.29,8.7,14.23,2.79,5.66
20210415164323 ,BOGA,KS,HG,46.76,8.63,14.16,2.49,9.9
20210415164323 ,JECB,KS,HH,46.47,8.71,14.21,2.51,13.93
20210415164323 ,YINB,KS,HH,44.08,8.23,13.4,2.39,8.28
20210415164323 ,EMSB,KS,HH,37.3,7.15,11.59,2.4,12.07
20210415164323 ,SNU,KG,HH,70.05,12.45,20.56,2.76,5.96
20210415164323 ,WJU2,KS,EL,34.35,6.63,10.7,2.51,32.37
20210415164323 ,MOGA,KS,HG,47.54,8.59,14.02,2.4,10.48
20210415164323 ,YIN,KG,EL,32.92,6.31,10.21,2.49,11.9
20210415164323 ,YAPA,KS,HG,30.86,5.85,9.45,2.53,7.79
20210415164323 ,BKWA,KS,HG,29.82,5.96,9.55,2.71,6.14
20210415164323 ,CRB,KG,HG,26.63,5.33,8.5,2.54,5.45
20210415164323 ,SLSA,KS,HG,26.11,5.21,8.31,2.58,9
20210415164323 ,AGSA,KS,HG,25.69,5.25,8.34,2.49,5.22
20210415164323 ,YSUM,KG,HG,19.87,4.27,6.73,2.59,6.79
20210415164323 ,YAGA,KS,HG,16.91,3.64,5.67,2.35,12.6
20210415164323 ,BURB,KS,HH,12.39,3.03,4.62,2.5,8.92
20210415164323 ,CGUB,KS,HH,31.41,6.01,9.67,2.49,7.17
20210415164323 ,JCUA,KS,HG,50.63,9.38,15.36,2.67,7.01
20210415164323 ,HESA,KS,HG,36.74,6.93,11.27,2.56,9.16
20210415164323 ,NCNA,KS,HG,68.52,12.08,20.08,2.5,10.51
20210415164323 ,YOW2,KS,EL,68.11,12.02,20.4,2.65,12.46
20210415164323 ,DNYA,KS,HG,67.22,12.16,20.32,2.62,7.01
20210415164323 ,PYCA,KS,HG,67.1,11.98,19.82,2.35,12.38
20210415164323 ,JURA,KS,HG,66.63,11.85,19.52,2.5,7.97
20210415164323 ,CEA2,KS,EL,66.38,11.91,19.56,2.6,18.42
20210415164323 ,GAPB,KS,HH,66,11.49,19.03,2.37,7.62
20210415164323 ,KNUC,KG,HH,65.51,11.61,19.14,2.57,10.66
20210415164323 ,SGNA,KS,HG,50.78,9.2,15.03,2.39,11.56
20210415164323 ,ICN2,KS,EL,27.86,5.45,8.67,2.39,32.37
20210415164323 ,CGIA,KS,HG,51.83,9.42,15.45,2.62,7.25
20210415164323 ,CHC2,KS,HH,55.8,10.06,16.41,2.55,12.07
20210415164323 ,JNPA,KS,HG,57.32,10.51,17.22,2.7,6.39
20210415164323 ,DKSA,KS,HG,58.57,10.62,17.44,2.51,9.08
20210415164323 ,PTKA,KS,HG,61.35,11.03,18.17,2.5,7.44
20210415164323 ,PYCB,KS,HH,62.26,11.23,18.46,2.39,16
20210415164323 ,SESA,KS,HG,63.7,11.37,18.84,2.8,4.75
20210415164323 ,SWO2,KS,EL,65.31,11.65,19.24,2.44,32.37
20210415164323 ,CGAA,KS,HG,65.5,11.89,19.55,2.64,11.26
20210419052027 ,IJDB,KS,HH,90.46,15.71,26.67,3.48,4.45
20210419052027 ,HGDB,KS,HH,42.97,8.18,13.69,3.5,2.22
20210419052027 ,HUK2,KS,EL,55.24,10.34,17.52,3.34,5.18
20210419052027 ,HTDA,KS,HG,78.58,13.92,23.49,3.41,4.1
20210419052027 ,BGDB,KS,HH,86.39,15.45,26.51,3.58,8.14
20210419052027 ,AMD,KS,HH,92.24,15.71,26.93,3.58,7.75
20210419171327 ,HTDA,KS,HG,80.38,14.73,24.47,2.8,3.5
20210419171327 ,HGDB,KS,HH,44.78,8.99,14.57,2.76,2.47
20210419171327 ,IJDB,KS,HH,93.14,16.49,27.59,2.76,2.86
20210419171327 ,BGDB,KS,HH,89.32,16.44,27.27,3.09,4.38
20210419171327 ,HUK2,KS,EL,57.79,11.16,18.25,2.79,4.46
20210425080759 ,DACB,KS,HH,50.6,8.79,15.47,2.65,3.42
20210425080759 ,BRS,KG,HG,57.47,9.99,17.52,2.77,2.88
20210425080759 ,BRN,KG,HG,60.51,10.36,17.98,2.95,1.52
20210425080759 ,BAR2,KS,HH,64.18,11.13,19.21,2.73,4.42
20210428030040 ,SIG,KG,HG,45.27,8.78,14.54,2.63,4.95
20210428030040 ,BUS3,KS,HH,76.59,13.42,22.57,2.81,10.51
20210428030040 ,MLGA,KS,HG,81.81,14.36,24.09,2.86,4
20210428030040 ,DAG2,KS,HH,82.48,14.56,24.62,2.6,6.87
20210428030040 ,JKJA,KS,HG,84.3,14.72,25.52,2.73,4.25
20210428030040 ,YOCB,KS,HH,84.65,15.01,25.25,2.6,4.5
20210428030040 ,CHS,KG,HH,87.1,15.19,25.95,2.82,3.53
20210428030040 ,BSAA,KS,HG,92.35,15.82,26.91,2.84,3.59
20210428030040 ,HAK,KG,HG,41.8,8.2,13.9,2.8,4.16
20210428030040 ,YGBA,KS,HG,41.15,8.04,13.56,2.8,2.44
20210428030040 ,HDB,KG,HH,37.93,7.44,12.42,2.6,3.63
20210428030040 ,BBK,KG,EL,34.52,6.74,11.24,2.91,4.06
20210428030040 ,GGGA,KS,HG,87.56,15.08,25.97,2.5,4.64
20210428030040 ,GSNA,KS,HG,72.21,12.87,21.65,2.8,3.74
20210428030040 ,CGD,KG,EL,86.52,15.12,25.48,2.75,7.91
20210428030040 ,PHA2,KS,EL,71.83,12.83,22.04,2.75,5.18
20210428030040 ,MKL,KG,HH,51.42,9.54,16.02,2.61,5.18
20210428030040 ,CGU,KG,HG,51.65,9.87,16.23,2.2,10.69
20210428030040 ,HMGA,KS,HG,52.37,9.71,16.61,2.95,2.17
20210428030040 ,UNCA,KS,HG,54.7,9.93,16.7,2.75,4.4
20210428030040 ,UNI,KG,HG,56.35,10.24,17.2,2.78,4.13
20210428030040 ,DUC,KG,HG,57.45,10.47,17.62,2.65,4.13
20210428030040 ,GGDA,KS,HG,59.69,10.89,18.51,2.55,3.95
20210428030040 ,POSB,KG,HH,60.86,11.1,18.82,2.05,10.82
20210428030040 ,POHB,KG,HH,62.52,11.59,19.76,2.8,3.68
20210428030040 ,BOG,KG,HG,54.05,9.94,16.65,2.6,4.5
20210428030040 ,PKNU,KG,HG,63.91,11.44,19.28,2.78,3.75
20210428030040 ,GCN,KG,HG,62.78,11.58,19.24,2.65,3.63
20210428030040 ,GIGA,KS,HG,71.45,12.72,21.72,2.61,3.91
20210428030040 ,DES,KG,HH,71.21,12.81,22.05,2.77,6.71
20210428030040 ,DKJ,KG,EL,70.53,12.67,21.42,2.57,6.95
20210428030040 ,YSB,KG,HH,68.2,12.09,20.35,2.7,5.21
20210428030040 ,HCH,KG,HH,65.47,10.68,20.72,2.8,4.99
20210428030040 ,MAK,KG,EL,64.51,11.53,19.35,2.69,16
20210428201225 ,GIGA,KS,HG,74.19,13.01,21.99,2.35,4.56
20210428201225 ,GSNA,KS,HG,75.75,13.22,21.96,2.5,4.67
20210428201225 ,BUS3,KS,HH,79.54,13.7,22.83,2.55,9.75
20210428201225 ,MLGA,KS,HG,85.02,14.69,24.36,2.63,3.69
20210428201225 ,DAG2,KS,HH,86.03,14.82,24.9,2.37,6.65
20210428201225 ,CGD,KG,EL,90.12,15.42,25.76,2.45,9.1
20210428201225 ,YOCB,KS,HH,87.9,15.3,25.51,2.35,4.56
20210428201225 ,CHS,KG,HH,89.76,15.49,26.23,2.63,3.36
20210428201225 ,BSAA,KS,HG,94.95,16.1,27.24,2.65,3.18
20210428201225 ,PHA2,KS,EL,73.8,13.13,22.33,2.53,4.88
20210428201225 ,JKJA,KS,HG,86.57,15.02,25.79,2.65,3.74
20210428201225 ,DES,KG,HH,73.48,13.12,22.34,2.68,4.99
20210428201225 ,DKJ,KG,EL,73.71,12.96,21.71,2.4,5.52
20210428201225 ,BBK,KG,EL,37.92,7.01,11.51,2.67,4.11
20210428201225 ,HDB,KG,HH,41.33,7.72,12.71,2.43,2.95
20210428201225 ,HAK,KG,HG,44.16,8.49,14.24,2.61,4.3
20210428201225 ,SIG,KG,HG,48.65,8.95,14.82,2.42,4.85
20210428201225 ,HMGA,KS,HG,53.86,10.01,16.92,2.78,2.15
20210428201225 ,MKL,KG,HH,54.92,9.88,16.29,2.37,5.39
20210428201225 ,CGU,KG,HG,54.97,9.99,16.49,2.02,9.56
20210428201225 ,BOG,KG,HG,57.59,10.65,16.94,2.35,4.43
20210428201225 ,UNCA,KS,HG,58.03,10.28,16.97,2.55,3.91
20210428201225 ,YGBA,KS,HG,44.39,8.31,13.86,2.65,1.97
20210428201225 ,DUC,KG,HG,60.96,10.72,17.91,2.35,4.62
20210428201225 ,YSB,KG,HH,71.64,12.42,20.63,2.47,4.56
20210428201225 ,UNI,KG,HG,59.89,10.54,17.5,2.5,4.33
20210428201225 ,HCH,KG,HH,67.94,12.36,21,2.65,4.43
20210428201225 ,MAK,KG,EL,67.66,11.81,19.62,2.46,12.07
20210428201225 ,POSB,KG,HH,63.47,11.39,19.1,1.95,10.48
20210428201225 ,GGDA,KS,HG,62.66,11.15,18.8,2.26,5.39
20210428201225 ,PKNU,KG,HG,66.7,11.72,19.55,2.63,2.6
20210430071504 ,HACA,KS,HG,72.31,12.39,21.13,2.46,6.56
20210430071504 ,KUJA,KS,HG,75.08,12.74,21.59,2.2,6.23
20210430071504 ,GACA,KS,HG,69.62,11.83,19.98,2.53,7.44
20210430071504 ,YGJA,KS,HG,66.21,11.35,19.21,2.6,5.18
20210430071504 ,GIGA,KS,HG,68.14,11.77,19.93,2.59,3.84
20210430071504 ,YALB,KS,HH,67.09,11.48,19.54,2.38,6.1
20210430071504 ,HCNA,KS,HG,65.35,11.3,19.16,2.05,11.76
20210430071504 ,SNNA,KS,HG,61.6,10.77,18.09,2.4,7.15
20210430071504 ,POSB,KG,HH,69.07,12.06,20.27,2.19,11.56
20210430071504 ,CHS,KG,HH,76.38,13.05,22.18,2.35,11.69
20210430071504 ,GUMA,KS,HG,96.04,16.31,27.79,2.65,3.6
20210430071504 ,DES,KG,HH,80.35,14.05,23.68,2.65,5.88
20210430071504 ,GDDB,KS,HH,59.52,10.35,17.32,2.05,8.25
20210430071504 ,KMC,KG,EL,99.86,16.95,28.75,2.33,15.1
20210430071504 ,ADO2,KS,EL,99.68,16.93,28.86,2.47,32.37
20210430071504 ,GICA,KS,HG,94.49,16.02,27.16,2.5,5.08
20210430071504 ,SACA,KS,HG,92.17,15.36,26.43,2.46,9.05
20210430071504 ,HAIA,KS,HG,89.95,15.2,25.63,2.65,6.08
20210430071504 ,OJR,KG,HG,79.82,13.75,23.23,2.49,6.23
20210430071504 ,HMGA,KS,HG,88.09,15.37,25.84,2.5,4.31
20210430071504 ,PHA2,KS,EL,87.41,15.18,25.56,2.58,5.86
20210430071504 ,JINA,KS,HG,86.52,14.76,25.11,2.6,4.81
20210430071504 ,GSU,KG,HH,82.49,14.14,23.86,2.6,5.18
20210430071504 ,KJM,KG,EL,81.13,13.69,23.2,2.25,28.12
20210430071504 ,KCH2,KS,EL,88.33,14.93,25.44,2.31,32.37
20210430071504 ,MAK,KG,EL,33.18,5.98,9.76,2.45,8.79
20210430071504 ,EURB,KS,HH,58.91,10.13,17.01,2.51,6.32
20210430071504 ,DUC,KG,HG,37.93,6.79,11.26,2.05,14.42
20210430071504 ,CHRB,KS,HH,37.85,6.65,11.13,2.46,7.91
20210430071504 ,BOG,KG,HG,37.16,6.69,11.06,2.65,3.13
20210430071504 ,UNCA,KS,HG,34.57,6.13,10,2.16,7.91
20210430071504 ,JUCA,KS,HG,32.75,5.86,9.65,2.5,5.19
20210430071504 ,JNYA,KS,HG,31.85,5.68,9.36,2.39,10.48
20210430071504 ,USN2,KS,EL,31.54,5.77,9.48,2.6,7.91
20210430071504 ,GSNA,KS,HG,30.59,5.54,9.08,2.57,7.91
20210430071504 ,DAG2,KS,HH,29.37,5.35,8.85,2.45,11.66
20210430071504 ,MLGA,KS,HG,27.37,4.86,7.95,2.47,6.52
20210430071504 ,CGDA,KS,HG,26.67,4.96,8.14,2.64,4.38
20210430071504 ,YSB,KG,HH,21.5,3.87,6.14,2.49,7.01
20210430071504 ,MIYA,KS,HG,16.16,2.93,4.69,2.46,6.87
20210430071504 ,CGD,KG,EL,14.34,2.61,4.07,2.59,12.07
20210430071504 ,MSNA,KS,HG,14.23,2.52,3.93,2.53,11.76
20210430071504 ,GGDA,KS,HG,59.27,10.37,17.4,2.58,4.4
20210430071504 ,BUS3,KS,HH,38.12,6.77,11.18,2.34,8.07
20210430071504 ,UNI,KG,HG,30.01,5.42,8.94,2.55,3.91
20210430071504 ,GCN,KG,HG,41.53,7.41,12.3,2.61,3.99
20210430071504 ,CLSA,KS,HG,40.65,7.1,11.91,2.4,8.09
20210430071504 ,BSAA,KS,HG,54.28,9.5,16.11,2.35,4.7
20210430071504 ,HDB,KG,HH,53.6,9.45,15.99,2.61,2.63
20210430071504 ,DKJ,KG,EL,52.64,9.25,15.59,2.52,9.02
20210430071504 ,YOCB,KS,HH,52.09,9.02,15.48,2.39,7.91
20210430071504 ,BBK,KG,EL,51.79,9.14,15.45,2.2,11.13
20210430071504 ,CGU,KG,HG,49.49,8.88,14.75,2.55,4.5
20210430071504 ,GKP2,KG,HH,49.02,8.68,14.54,2.46,5.96
20210430071504 ,CGWB,KS,HH,48.84,8.59,14.31,2.61,4.06
20210430071504 ,DAGA,KS,HG,45.92,8.14,13.7,2.39,6.28
20210430071504 ,PKNU,KG,HG,44.42,7.82,12.99,2.44,4.22
20210430071504 ,MKL,KG,HH,41.59,7.43,12.44,2.61,6.3
20210430071504 ,SIG,KG,HG,49.99,8.99,15.03,2.65,4.46
20210504134208 ,CGD,KG,EL,81.75,14.92,24.66,2.41,9.53
20210504134208 ,CSOA,KS,HG,76.94,14,23.34,2.63,3.99
20210504134208 ,MSNA,KS,HG,73.6,13.7,22.64,2.4,8.37
20210504134208 ,MAK,KG,EL,73.65,13.58,22.41,2.37,11.62
20210504134208 ,DAG2,KS,HH,71.83,13.35,22.16,2.4,7.91
20210504134208 ,SKBA,KS,HG,83.39,15.09,25.16,2.35,5.25
20210504134208 ,YODB,KS,HH,75.78,13.81,22.93,2.35,4.36
20210504134208 ,OJR,KG,HG,86.26,15.53,25.89,2.62,5.35
20210504134208 ,GKP2,KG,HH,96.53,17.36,28.95,2.05,10.76
20210504134208 ,BUS3,KS,HH,87.85,15.75,26.1,2.63,4.89
20210504134208 ,SNNA,KS,HG,88.86,16.12,26.77,2.5,6.58
20210504134208 ,MLGA,KS,HG,89.12,16.08,26.52,2.35,6.73
20210504134208 ,ULJ2,KS,HH,93.65,16.6,28.04,2.65,3.79
20210504134208 ,CGDA,KS,HG,94.37,17.01,28.46,2.59,3.73
20210504134208 ,YEYB,KS,HH,97.41,17.26,28.97,2.65,3.27
20210504134208 ,ADO2,KS,EL,87.57,15.7,26.35,2.46,32.19
20210504134208 ,YOCB,KS,HH,66.35,12.56,20.68,2.35,4.9
20210504134208 ,BBK,KG,EL,41.65,8.41,13.68,2.44,6.37
20210504134208 ,HCH,KG,HH,40.3,8.66,14.2,2.8,5.02
20210504134208 ,GGDA,KS,HG,39.5,8.24,13.41,2.22,7.01
20210504134208 ,CGU,KG,HG,38.31,8.09,13.06,2.17,6.87
20210504134208 ,YSB,KG,HG,71.73,13.32,21.91,2.8,3.18
20210504134208 ,HAK,KG,HG,18.81,5.2,8.08,2.51,9.7
20210504134208 ,HMGA,KS,HG,24.77,5.88,9.19,2.6,2.95
20210504134208 ,YGBA,KS,HG,29.43,6.8,10.85,2.53,3.66
20210504134208 ,HDB,KG,HH,31.63,6.98,11.09,2.4,4.5
20210504134208 ,SIG,KG,HG,35.3,7.62,12.2,2.35,4.62
20210504134208 ,POHB,KG,HH,36.74,8.08,13.08,2.5,7.17
20210504134208 ,POSB,KG,HH,37.02,7.85,12.62,2.22,7.19
20210504134208 ,PHA2,KS,EL,44.23,9,14.68,2.57,6.87
20210504134208 ,DUC,KG,HG,48.53,9.66,15.63,2.2,7.79
20210504134208 ,DKJ,KG,EL,52,10.28,16.8,2.2,12.93
20210504134208 ,USN2,KS,EL,54.56,10.65,17.38,2.35,11.76
20210504134208 ,UNI,KG,HG,57.05,10.96,17.89,2.44,5.18
20210504134208 ,JKJA,KS,HG,57.5,11.04,18.18,2.76,4.5
20210504134208 ,GGGA,KS,HG,59.12,11.07,18.42,2.35,5.08
20210504134208 ,UNCA,KS,HG,61.61,11.67,19.06,2.5,4.43
20210504134208 ,MKL,KG,HH,43.62,8.94,14.41,2.25,12.07
20210504134208 ,CHS,KG,HH,62.4,11.86,19.47,2.49,6.16
20210504134208 ,GIGA,KS,HG,47.9,9.53,15.57,2.5,3.5
20210504134208 ,BOG,KG,HG,47.87,9.5,15.44,2.23,5.49
20210504134208 ,DES,KG,HH,44.72,9.19,15,2.61,5.5
20210504134208 ,GSNA,KS,HG,62.15,11.83,19.39,2.35,6.54
20210512210428 ,HCNA,KS,HG,84.7,14.83,25.39,2.77,4.72
20210512210428 ,CE2A,KS,HG,84,15.15,25.02,2.53,6.87
20210512210428 ,HWSA,KS,HG,83.04,14.98,24.61,2.47,7.01
20210512210428 ,SMWA,KS,HG,81.75,15.04,24.61,2.5,7.13
20210512210428 ,HKU,KG,HH,80.9,14.71,24.26,2.37,6.89
20210512210428 ,YALB,KS,HH,80.7,14.62,24.07,2.34,9.08
20210512210428 ,BON2,KS,EL,84.89,15.36,25.32,2.47,21.77
20210512210428 ,YUGA,KS,HG,80.6,14.75,24.04,2.47,6.16
20210512210428 ,JAGA,KS,HG,79.48,14.65,24.06,2.61,6.87
20210512210428 ,CJDB,KS,HH,79.45,14.51,24.04,2.42,6
20210512210428 ,SMKB,KS,HH,74.11,13.82,22.56,2.44,7.51
20210512210428 ,JRB,KG,HH,80.84,14.8,24.16,2.42,12.07
20210512210428 ,KWJ2,KS,HH,87.22,15.9,26.27,2.45,10.48
20210512210428 ,KWJU,KS,HH,87.22,15.9,26.29,2.09,21.21
20210512210428 ,HADA,KS,HG,98.89,17.74,29.3,2.59,12.07
20210512210428 ,CGAA,KS,HG,97.89,17.39,28.7,2.64,7.05
20210512210428 ,WID,KG,EL,97.89,17.68,29.27,2.65,7.84
20210512210428 ,HSB,KG,HH,97.19,17.61,28.73,2.57,5.18
20210512210428 ,GUMA,KS,HG,95.12,17,27.94,2.56,5.96
20210512210428 ,SAJB,KS,HH,94.59,16.82,27.86,2.35,5.5
20210512210428 ,YGAA,KS,HG,94.16,16.96,28.02,2.8,3.21
20210512210428 ,BAU,KS,EL,91.19,16.53,27.27,2.46,32.37
20210512210428 ,GOCB,KS,HH,90.04,16.43,26.86,2.38,10.73
20210512210428 ,WDL,KG,HG,88.29,16.07,26.39,2.55,6.24
20210512210428 ,HACA,KS,HG,88.19,15.9,26.24,2.46,6.87
20210512210428 ,PORA,KS,HG,85.43,15.55,25.5,2.35,8.4
20210512210428 ,JNUA,KS,HG,90.18,16.31,26.71,2.2,9.13
20210512210428 ,SACA,KS,HG,73.29,13.53,22.06,2.47,8.54
20210512210428 ,CPR2,KS,EL,69.24,12.73,20.7,2.32,16
20210512210428 ,GICA,KS,HG,73.43,13.45,21.89,2.42,8.18
20210512210428 ,LIWA,KS,HG,48.3,9.26,14.84,2.65,5.78
20210512210428 ,WICA,KS,HG,47.19,9.15,14.66,2.61,4.5
20210512210428 ,NPR,KG,HH,46.21,9.05,14.51,2.34,13.19
20210512210428 ,TAIA,KS,HG,45.84,9.11,14.47,2.55,5.21
20210512210428 ,DUSB,KS,HH,41.24,8.2,12.9,2.57,5.3
20210512210428 ,ISGB,KS,HH,34.01,7.02,11.07,2.52,4.68
20210512210428 ,YDGA,KS,HG,48.56,9.3,14.79,2.62,5.32
20210512210428 ,JASA,KS,HG,32.63,6.9,10.68,2.58,5.83
20210512210428 ,IMSB,KS,HG,32.62,6.88,10.75,2.5,6.54
20210512210428 ,IKSA,KS,HG,32.21,6.69,10.41,2.76,3.39
20210512210428 ,BLGA,KS,HG,29.5,6.13,9.49,2.4,6.35
20210512210428 ,KMSB,KS,HH,29.33,6.11,9.42,2.5,7.7
20210512210428 ,DGHA,KS,HG,24.72,5.39,8.21,2.53,7.84
20210512210428 ,CHOA,KS,HG,22.35,5.09,7.66,2.57,4.07
20210512210428 ,MALA,KS,HG,19.06,4.53,6.7,2.65,4.93
20210512210428 ,JEO2,KS,HH,11.81,3.05,4.17,2.63,8.79
20210512210428 ,NOSA,KS,HG,48.39,9.34,14.89,2.37,7.05
20210512210428 ,TEJ2,KS,HG,54.55,10.38,16.79,2.47,11.93
20210512210428 ,NACA,KS,HG,67.78,12.64,20.74,2.51,6.12
20210512210428 ,KOJ2,KS,EL,67.31,12.52,20.27,2.16,18.11
20210512210428 ,OKCB,KS,HH,66.63,12.24,19.91,2.4,4.66
20210512210428 ,JLSA,KS,HG,66.49,12.47,20.15,2.5,7.93
20210512210428 ,HONA,KS,HG,66.36,12.15,19.85,2.66,4.26
20210512210428 ,IBA,KG,HG,65.81,12.39,20.11,2.59,7.64
20210512210428 ,JGNA,KS,HG,65.66,12.2,19.84,2.5,10.1
20210512210428 ,KCH2,KS,EL,62.24,11.75,18.93,2.5,28.86
20210512210428 ,SUCA,KS,HG,60.69,11.52,18.72,2.49,6.61
20210512210428 ,NAWB,KS,HH,53.3,10.31,16.56,2.1,9.1
20210512210428 ,SECA,KS,HG,59.99,11.31,18.24,2.49,7.01
20210512210428 ,PUAA,KS,HG,59.06,11.25,18.19,2.5,5.11
20210512210428 ,JEU2,KS,EL,57.89,11.14,17.78,2.46,32.37
20210512210428 ,HAMB,KS,HH,57.24,10.99,17.56,2.55,7.36
20210512210428 ,KMC,KG,EL,57.2,10.85,17.4,2.3,15.54
20210512210428 ,BUYB,KS,HG,57.12,10.78,17.33,2.5,4.54
20210512210428 ,TJN,KG,HH,55.41,10.5,16.96,2.33,9.23
20210612211351 ,YODB,KS,HH,96.72,16.84,28.7,2.65,3.38
20210612211351 ,TAHA,KS,HG,74.24,13.43,22.44,3.1,2.32
20210612211351 ,UJNA,KS,HG,83.12,15.25,25.36,2.89,2.95
20210612211351 ,ULJ2,KS,HH,88.83,15.71,26.93,2.7,3.41
20210612211351 ,IMWB,KS,HH,94.11,16.41,27.98,2.64,3.83
20210614134217 ,BUS3,KS,HH,86.81,14.81,25.46,2.62,8.16
20210614134217 ,DAG2,KS,HH,79.69,13.95,23.84,2.78,5.47
20210614134217 ,HMGA,KS,HG,36.17,6.94,11.68,2.59,3.39
20210614134217 ,YOCB,KS,HH,76.88,13.53,23.21,3.1,2.24
20210614134217 ,PKNU,KG,HG,75.3,13.05,22.51,2.7,2.95
20210614134217 ,MSNA,KS,HG,78.49,13.76,23.51,2.95,3.66
20210614134217 ,YODB,KS,HH,87.13,14.73,25.53,2.9,2.22
20210614134217 ,SKBA,KS,HG,95.68,16.3,28.04,3.1,1.63
20210614134217 ,CSOA,KS,HG,89.5,15.4,26.32,2.94,1.95
20210614134217 ,MLGA,KS,HG,89.86,15.5,26.51,2.93,2.83
20210614134217 ,CHS,KG,HH,74.67,13.05,22.37,2.75,3.91
20210614134217 ,OJR,KG,HG,98.32,16.69,28.76,3.09,1.96
20210614134217 ,SNNA,KS,HG,99.71,17.23,29.35,3.1,2.35
20210614134217 ,MIYA,KS,HG,99.87,17.19,29.44,3.22,1.36
20210614134217 ,HDB,KG,HH,36.01,7.01,11.95,2.73,2.88
20210614134217 ,YGBA,KS,HG,36.11,7.14,12.29,2.86,2.56
20210614134217 ,CGD,KG,EL,87.45,15.17,25.89,2.86,5.42
20210614134217 ,HAK,KG,HG,29.48,6.13,10.49,2.7,5.18
20210614134217 ,MAK,KG,EL,73.31,12.82,21.98,2.82,5.52
20210614134217 ,YSB,KG,HG,73.79,12.92,22.07,2.65,3.87
20210614134217 ,JEJB,KS,HG,36.77,7.11,12.18,2.95,1.95
20210614134217 ,BBK,KG,EL,40.85,7.68,13.09,2.74,4.5
20210614134217 ,CGU,KG,HG,46.31,8.67,14.81,2.5,5.05
20210614134217 ,POSB,KG,HH,48.81,8.99,15.4,2.42,7.11
20210614134217 ,MKL,KG,HH,49.54,9.17,15.64,2.5,9.34
20210614134217 ,GGDA,KS,HG,50.2,9.26,15.92,2.5,4.7
20210614134217 ,HCH,KG,HH,52.46,9.83,17.01,2.78,5
20210614134217 ,BOG,KG,HG,53.3,9.7,16.55,2.65,3.79
20210614134217 ,SIG,KG,HG,41.67,7.9,13.51,2.49,4.89
20210614134217 ,PHA2,KS,EL,56.57,10.17,17.51,2.49,7.75
20210614134217 ,GGGA,KS,HG,71.01,12.26,21.17,2.5,5.32
20210614134217 ,DUC,KG,HG,55.13,10.01,17.07,2.5,5.35
20210614134217 ,JKJA,KS,HG,70,12.25,21.2,2.8,3.33
20210614134217 ,GSNA,KS,HG,69.6,12.32,20.96,2.65,4.99
20210614134217 ,DKJ,KG,EL,62.4,11.22,19.22,2.55,6.17
20210614134217 ,UNCA,KS,HG,61.94,10.98,18.95,2.5,6.54
20210614134217 ,UNI,KG,HG,59.91,10.72,18.38,2.68,4
20210614134217 ,GCN,KG,HG,58.15,10.54,18.05,2.35,6.5
20210614134217 ,DES,KG,HH,57.12,10.37,17.93,2.64,8.97
20210614134217 ,USN2,KS,EL,60.53,10.9,18.58,2.55,12.07
20210706215727 ,BURB,KS,HH,82.07,14.71,24.36,2.8,3.68
20210706215727 ,CRB,KG,HG,82.57,14.71,24.45,2.7,4.99
20210706215727 ,GICA,KS,HG,83.51,14.58,24.56,2.76,3.91
20210706215727 ,SNGB,KS,HH,85.41,15.14,25.01,2.89,2.54
20210706215727 ,ULJ2,KS,HH,85.63,14.72,25.02,2.75,4.35
20210706215727 ,CE2A,KS,HG,86.64,15.36,26.01,2.59,5.12
20210706215727 ,SNNA,KS,HG,83.59,14.4,24.36,2.5,5.98
20210706215727 ,CIGB,KS,HH,81.94,14.04,23.79,2.51,4.82
20210706215727 ,KNUD,KG,HH,76.67,13.72,22.76,2.71,6.35
20210706215727 ,WJU2,KS,EL,79.71,14.29,23.76,2.57,16
20210706215727 ,EMSB,KS,HH,78.56,14.2,23.54,2.7,9.1
20210706215727 ,OKCB,KS,HH,76.36,13.64,22.8,2.45,3.63
20210706215727 ,CHS,KG,HH,86.82,14.82,25.1,2.74,5.73
20210706215727 ,HESA,KS,HG,97.04,17.07,28.5,2.79,3.48
20210706215727 ,LMGA,KS,HG,88.34,15.59,25.99,2.8,4.01
20210706215727 ,YSUM,KG,HG,76.08,13.72,22.74,2.64,4.31
20210706215727 ,KMC,KG,EL,99.03,17.1,28.9,2.83,6.21
20210706215727 ,GKP2,KG,HH,98.97,16.86,28.63,2.8,3.19
20210706215727 ,YOCB,KS,HH,98.91,16.75,28.64,2.71,3.39
20210706215727 ,YDGA,KS,HG,96.52,16.75,28.36,2.76,4.27
20210706215727 ,HONA,KS,HG,87.21,15.36,25.64,2.69,4.96
20210706215727 ,GGGA,KS,HG,95.25,16.35,27.49,2.8,3.38
20210706215727 ,CGIA,KS,HG,94.71,16.64,28.04,2.63,5.11
20210706215727 ,IMWB,KS,HH,94.65,16.49,27.47,2.6,3.19
20210706215727 ,SLSA,KS,HG,93.57,16.65,27.8,2.95,2.87
20210706215727 ,JKJA,KS,HG,90.04,15.46,26.24,2.92,4.25
20210706215727 ,YODB,KS,HH,89.43,15.41,25.86,2.91,2.22
20210706215727 ,UJNA,KS,HG,89.09,15.56,26.14,1.58,32.37
20210706215727 ,PYCA,KS,HG,88.77,15.76,26.36,2.67,6.32
20210706215727 ,YAGA,KS,HG,94.9,16.83,27.9,2.79,3.5
20210706215727 ,CPR2,KS,EL,75.66,13.34,22.51,2.39,16
20210706215727 ,JESA,KS,HG,73.24,13.64,22.7,2.05,16.23
20210706215727 ,JECB,KS,HH,50.28,9.54,15.73,2.46,7.38
20210706215727 ,SAJB,KS,HH,49.47,9.08,15.13,2.35,8.02
20210706215727 ,JAEA,KS,HG,48.49,9.08,14.89,2.49,6.89
20210706215727 ,YOW2,KS,EL,46.72,8.92,14.69,2.61,8.95
20210706215727 ,CHYB,KS,HH,45.99,8.71,14.21,2.65,3.72
20210706215727 ,CHJ3,KS,HG,45.88,8.95,14.65,2.72,9.31
20210706215727 ,DNBA,KS,HG,43.37,8.32,13.66,2.65,3.08
20210706215727 ,EUSB,KS,HG,51.22,9.53,15.64,2.5,5.74
20210706215727 ,YEAB,KS,HH,41.27,7.86,12.85,2.46,7.51
20210706215727 ,YOJB,KS,HH,15.93,4.48,6.97,2.32,6.23
20210706215727 ,YCHB,KS,HH,19.31,4.89,7.76,2.39,10.79
20210706215727 ,PGEA,KS,HG,23.06,5.29,8.42,2.52,10.85
20210706215727 ,DNYA,KS,HG,27.75,6.16,9.94,2.7,3.91
20210706215727 ,MGB,KG,HH,28.08,6.14,9.91,2.61,6.63
20210706215727 ,BUSA,KS,HG,30.99,6.45,10.45,2.71,4.63
20210706215727 ,ADOA,KS,HG,32.32,6.58,10.7,2.8,3.52
20210706215727 ,DKSA,KS,HG,33.31,7.07,11.41,2.77,4.72
20210706215727 ,MGY2,KS,HG,39.22,7.83,12.82,2.35,8.3
20210706215727 ,GAGA,KS,HG,75.49,13.4,22.26,2.62,3.8
20210706215727 ,DGLA,KS,HG,19.78,5.25,8.31,2.64,5.19
20210706215727 ,SND,KG,HH,53.37,10.05,16.4,2.77,4.2
20210706215727 ,CSOA,KS,HG,70.94,12.47,20.96,2.77,2.96
20210706215727 ,SKBA,KS,HG,70.69,12.44,20.84,2.83,3.92
20210706215727 ,AGSA,KS,HG,68.9,12.6,20.86,2.7,5.74
20210706215727 ,SUBA,KS,HG,68.69,12.28,20.29,2.61,5.18
20210706215727 ,OJR,KG,HG,68.49,12.07,20.33,2.52,5.55
20210706215727 ,GUWB,KS,HH,67.15,11.88,19.87,2.56,3.41
20210706215727 ,CGAA,KS,HG,66.67,12.21,20.45,2.63,6.02
20210706215727 ,GGSA,KS,HG,64.96,11.68,19.31,2.47,5.83
20210706215727 ,BON2,KS,EL,64.87,11.9,19.99,2.44,32.37
20210706215727 ,JSB,KG,HH,64.76,11.83,19.51,2.8,3.74
20210706215727 ,PYCB,KS,HH,68.4,12.21,20.54,2.46,6.75
20210706215727 ,GUMA,KS,HG,62.13,11.07,18.79,2.8,3.42
20210706215727 ,SNDA,KS,HG,56.77,10.56,17.34,2.72,5.3
20210706215727 ,TBA2,KS,EL,56.9,11.01,18.01,2.77,6.97
20210706215727 ,YEYB,KS,HH,59.23,10.78,17.72,2.59,5.66
20210706215727 ,JCUA,KS,HG,59.43,10.98,18.38,2.54,4.31
20210706215727 ,HWSA,KS,HG,59.67,10.96,18.32,2.7,4.28
20210706215727 ,ADO2,KS,EL,59.92,10.86,17.94,2.57,32.37
20210706215727 ,GWLA,KS,HG,60.2,11.1,18.3,2.8,3.09
20210706215727 ,BKWA,KS,HG,61.82,11.44,18.96,2.65,7.4
20210725215056 ,SKBA,KS,HG,90.29,15.63,26.54,2.65,4.06
20210725215056 ,JAEA,KS,HG,88.42,15.27,25.88,2.5,4.56
20210725215056 ,DAG2,KS,HH,87.62,15.19,25.58,2.67,10.76
20210725215056 ,EMSB,KS,HH,90.07,15.55,26.23,2.55,7.11
20210725215056 ,BLGA,KS,HG,84.55,14.45,24.2,2.63,5.25
20210725215056 ,HCNA,KS,HG,84.42,14.44,24.44,2.57,5.42
20210725215056 ,BUSA,KS,HG,84.13,14.59,24.79,2.75,4.5
20210725215056 ,HKU,KG,HH,83.59,14.5,24.24,2.9,5.53
20210725215056 ,CHS,KG,HH,81.03,13.96,23.73,2.6,7.64
20210725215056 ,CHRB,KS,HG,91.03,15.56,26.28,2.5,7.62
20210725215056 ,CGDA,KS,HG,84.51,14.5,24.56,2.8,4.01
20210725215056 ,JKJA,KS,HG,91.26,15.74,26.75,2.93,3.99
20210725215056 ,CGD,KG,EL,98.02,16.64,28.24,2.52,15.32
20210725215056 ,CSOA,KS,HG,79.57,13.92,23.48,2.5,5.78
20210725215056 ,JNUA,KS,HG,99.86,17.12,28.66,2.9,5.09
20210725215056 ,HAMB,KS,HH,99.52,16.89,28.3,2.76,5.18
20210725215056 ,YOW2,KS,EL,98.59,16.97,29.03,2.6,8.95
20210725215056 ,KOJ2,KS,HG,97.54,16.71,27.97,2.65,6.54
20210725215056 ,DKJ,KG,EL,91.44,15.8,26.72,2.9,5.35
20210725215056 ,JASA,KS,HG,96.85,16.57,27.63,2.74,6.48
20210725215056 ,CHYB,KS,HH,94.15,16.2,27.37,2.83,3.74
20210725215056 ,GIGA,KS,HG,93.79,16.07,27.35,2.71,4.5
20210725215056 ,JECB,KS,HH,93.72,16.25,27.34,2.5,4.78
20210725215056 ,AGSA,KS,HG,93.4,16.11,27.22,2.6,4.5
20210725215056 ,JEO2,KS,HH,93.35,15.95,26.69,2.52,17.74
20210725215056 ,GSNA,KS,HG,95.93,16.44,27.77,2.95,4.23
20210725215056 ,DGHA,KS,HG,79.41,13.7,22.81,2.52,8.77
20210725215056 ,KCH2,KS,EL,83.23,14.32,23.98,2.65,16.04
20210725215056 ,YOCB,KS,HH,77.43,13.54,22.8,2.59,4.86
20210725215056 ,BON2,KS,EL,45.88,8.37,13.78,2.62,25.79
20210725215056 ,KMC,KG,EL,45.22,8.04,13.32,2.74,9.1
20210725215056 ,EUSB,KS,HH,44.22,8.24,13.59,2.46,6.87
20210725215056 ,MGY2,KS,EL,40.63,7.51,12.46,2.42,9.1
20210725215056 ,YCHB,KS,HH,40.5,7.61,12.46,2.34,6.41
20210725215056 ,YDGA,KS,HG,46.2,8.24,13.51,2.6,6.87
20210725215056 ,OKCB,KS,HH,38.64,7.12,11.66,2.15,11.86
20210725215056 ,MGB,KG,HH,36.91,6.93,11.41,2.37,8.77
20210725215056 ,CIGB,KS,HH,36.1,6.66,10.98,2.46,4.7
20210725215056 ,GICA,KS,HG,29.94,5.59,9.14,2.37,11.23
20210725215056 ,HWSA,KS,HG,29.16,5.62,9.05,2.5,8.3
20210725215056 ,DNBA,KS,HG,23.36,4.92,7.98,2.79,2.39
20210725215056 ,GUMA,KS,HG,15.54,3.55,5.54,2.39,17.64
20210725215056 ,SAJB,KS,HH,14.74,3.38,5.29,2.27,12.07
20210725215056 ,JNPA,KS,HG,79.06,13.73,23.01,2.64,7.46
20210725215056 ,JGNA,KS,HG,52.4,9.26,15.34,2.39,14.8
20210725215056 ,GUWB,KS,HH,38.99,7.24,12.02,2.39,6.91
20210725215056 ,SNNA,KS,HG,55.03,9.86,16.4,2.46,9.1
20210725215056 ,DGLA,KS,HG,53.45,9.71,16.17,2.58,4.86
20210725215056 ,TJN,KG,HH,77.09,13.37,22.24,2.6,9.1
20210725215056 ,TEJ2,KS,HG,76.16,13.25,22.07,2.9,6.87
20210725215056 ,DNYA,KS,HG,75.9,13.37,22.44,2.8,4.51
20210725215056 ,YEAB,KS,HH,72.22,12.52,21.35,2.31,5.96
20210725215056 ,YOJB,KS,HH,67.86,11.97,20.03,2.67,6.12
20210725215056 ,ADO2,KS,EL,67.83,12.05,20.18,2.4,28.36
20210725215056 ,KMSB,KS,HH,70.39,12.16,20.27,2.48,8.9
20210725215056 ,LIWA,KS,HG,55.08,9.68,16.15,2.55,7.15
20210725215056 ,YALB,KS,HH,66.47,11.54,19.26,2.42,9.26
20210725215056 ,HONA,KS,HG,59.14,10.46,17.32,2.62,11.13
20210725215056 ,GKP2,KG,HH,60.38,10.68,17.84,2.45,6.87
20210725215056 ,OJR,KG,HG,56.33,10.09,16.93,2.49,7.79
20210725215056 ,PGEA,KS,HG,65.61,11.6,19.38,2.5,6.97
20210725215056 ,DKSA,KS,HG,65.87,11.61,19.42,2.5,6.26
20210725215056 ,DUSB,KS,HH,62.28,10.84,18.02,2.62,6.6
20210730201710 ,JRB,KG,HH,84.91,14.38,24.39,2.91,3.99
20210730201710 ,BSAA,KS,HG,89.72,15.55,26.59,3.08,2.8
20210730201710 ,PKNU,KG,HG,88.49,15.1,25.77,2.8,3.13
20210730201710 ,GMNA,KS,HG,87.66,14.88,25.29,2.7,4.52
20210730201710 ,SAJB,KS,HH,87.46,14.87,25.21,2.6,5
20210730201710 ,KUJA,KS,HG,87.09,14.85,25.72,2.65,3.52
20210730201710 ,GIGA,KS,HG,86.46,14.88,25.03,2.95,3.76
20210730201710 ,CHS,KG,HH,86.2,14.78,24.83,2.94,7.66
20210730201710 ,HADA,KS,HG,85.87,14.53,24.89,2.8,6.3
20210730201710 ,GDDB,KS,HH,83.16,14.37,24.42,3.01,3.12
20210730201710 ,EUSB,KS,HH,83.16,14.24,24.2,2.61,10.07
20210730201710 ,DNBA,KS,HG,82.82,14.18,24.06,2.81,3.46
20210730201710 ,CGU,KG,HG,81.52,14.27,24.01,2.65,4.43
20210730201710 ,HAIA,KS,HG,81.14,13.89,23.7,2.8,4.56
20210730201710 ,JASA,KS,HG,80.28,13.9,23.72,2.64,6.12
20210730201710 ,UNCA,KS,HG,79.33,13.81,23.52,2.78,4.59
20210730201710 ,BUS3,KS,HH,79.17,13.75,23.03,3.15,3.39
20210730201710 ,YGBA,KS,HG,91.26,15.83,26.98,3.1,1.9
20210730201710 ,GGDA,KS,HG,84.57,14.67,24.65,2.85,4.52
20210730201710 ,DES,KG,HH,99.31,16.99,28.86,2.92,10.3
20210730201710 ,DGHA,KS,HG,78.38,13.62,22.81,2.71,5.96
20210730201710 ,JKJA,KS,HG,99.12,16.81,28.51,3.04,5.53
20210730201710 ,ADO2,KS,EL,98.48,16.69,28.34,2.92,16
20210730201710 ,LIWA,KS,HG,97.66,16.78,27.96,2.89,5.96
20210730201710 ,KMSB,KS,HH,97.65,16.71,28.03,2.95,4.06
20210730201710 ,GRE,KG,EL,97.53,16.09,27.8,2.85,4.93
20210730201710 ,HWSA,KS,HG,97.45,16.58,28.13,2.96,3.81
20210730201710 ,MALA,KS,HG,96.33,16.55,27.82,2.77,4.64
20210730201710 ,BAU,KS,EL,95.47,16.09,27.77,2.86,10.48
20210730201710 ,OKCB,KS,HH,95.21,16.32,27.29,2.69,4.26
20210730201710 ,HCH,KG,HH,95.15,16.45,27.97,3.35,2.22
20210730201710 ,NAWB,KS,HH,95.01,16.25,27.3,2.7,3.39
20210730201710 ,BBK,KG,EL,94.68,16.23,27.7,2.94,3.81
20210730201710 ,POSB,KG,HH,92.86,16.02,26.95,2.5,10.27
20210730201710 ,HDB,KG,HH,91.45,15.67,26.93,2.62,4.59
20210730201710 ,GSU,KG,HH,62.22,11.12,18.82,2.8,4.17
20210730201710 ,MKL,KG,HH,77.4,13.53,22.99,2.62,7.34
20210730201710 ,CGWB,KS,HH,56.35,10.29,17.25,2.83,4.88
20210730201710 ,GICA,KS,HG,55.83,10.04,16.6,2.71,5.96
20210730201710 ,WICA,KS,HG,55.81,10.05,16.7,2.91,3.28
20210730201710 ,SACA,KS,HG,54.99,9.77,16.58,2.89,3.91
20210730201710 ,SNNA,KS,HG,53.49,9.67,16.06,2.81,7.7
20210730201710 ,MSNA,KS,HG,51.61,9.54,15.93,2.69,5.18
20210730201710 ,JNYA,KS,HG,50.94,9.57,15.77,2.6,8.35
20210730201710 ,DAG2,KS,HH,47.91,9,14.98,2.64,10.51
20210730201710 ,KCH2,KS,EL,44.9,8.36,13.89,2.77,9.23
20210730201710 ,CIGB,KS,HH,44.43,8.23,13.65,2.57,6.99
20210730201710 ,JGNA,KS,HG,41.66,8.02,13.1,2.92,5.93
20210730201710 ,CGD,KG,HG,41.6,8.07,13.35,2.65,8.92
20210730201710 ,EURB,KS,HH,39.01,7.54,12.51,2.55,5.42
20210730201710 ,CHRB,KS,HH,17.75,4.85,7.62,2.59,10.48
20210730201710 ,YALB,KS,HH,22.9,5.22,8.46,2.47,7.51
20210730201710 ,YGAA,KS,HG,24.86,5.53,8.89,2.64,6.69
20210730201710 ,HCNA,KS,HG,24.96,5.61,9.08,2.8,2.99
20210730201710 ,CGDA,KS,HG,26.49,5.89,9.65,2.7,4.5
20210730201710 ,KMC,KG,EL,56.62,10.25,16.92,2.77,11.53
20210730201710 ,CLSA,KS,HG,34.39,7.02,11.55,2.75,4.95
20210730201710 ,DAGA,KS,HG,35.6,7.11,11.65,2.82,6.5
20210730201710 ,MIYA,KS,HG,37.2,7.45,12.27,2.99,3.02
20210730201710 ,HACA,KS,HG,38.97,7.54,12.58,2.72,5.42
20210730201710 ,MAK,KG,EL,77.63,13.54,23.07,2.77,8.3
20210730201710 ,GKP2,KG,HH,34.08,6.86,11.21,2.8,5.98
20210730201710 ,JUCA,KS,HG,60.47,10.99,18.33,2.75,5.96
20210730201710 ,MLGA,KS,HG,66.68,11.91,19.94,2.95,4.7
20210730201710 ,JNHA,KS,HG,68.5,12.25,20.48,2.88,3.91
20210730201710 ,GCN,KG,HG,69.86,12.32,20.84,2.61,7.55
20210730201710 ,DUC,KG,HG,71.69,12.68,21.3,2.59,5.6
20210730201710 ,UNI,KG,HG,72.32,12.76,21.61,2.77,5.63
20210730201710 ,DKJ,KG,EL,72.74,12.74,21.5,2.75,7.91
20210730201710 ,YDGA,KS,HG,74.18,13.06,21.61,2.86,6.28
20210730201710 ,CPR2,KS,EL,74.88,13.08,21.82,2.75,10.3
20210730201710 ,GSNA,KS,HG,57.44,10.39,17.41,2.56,9.1
20210730201710 ,OJR,KG,HG,75.41,13.08,22.01,2.97,4.96
20210730201710 ,JLSA,KS,HG,76.21,12.87,22.1,2.6,6.87
20210730201710 ,BOG,KG,HG,73.93,12.96,22.03,2.65,4.03
20210730201710 ,YSB,KG,HH,65.63,11.65,19.76,2.84,6.87
20210730201710 ,GUMA,KS,HG,66.39,11.63,19.58,2.73,5.86
20210730201710 ,GACA,KS,HG,60.93,10.8,18.19,2.56,5.58
20210730201710 ,HAMB,KS,HH,62.09,10.99,18.34,2.65,5.41
20210730201710 ,GUWB,KS,HH,62.27,11,18.56,2.85,3.91
20210730201710 ,YOCB,KS,HH,62.43,11.08,18.54,2.76,5.93
20210730201710 ,DUSB,KS,HH,63.62,11.32,18.83,2.82,4.33
20210730201710 ,JINA,KS,HG,63.82,11.26,19.09,2.79,3.58
20210801051926 ,CGDA,KS,HG,78.49,14.14,23.58,2.65,4.21
20210801051926 ,BSAA,KS,HG,77.54,13.92,23.37,2.55,5.96
20210801051926 ,MIYA,KS,HG,74.03,13.48,22.34,1.9,13.78
20210801051926 ,CHS,KG,HH,71.86,12.84,21.49,2.44,5.18
20210801051926 ,YOCB,KS,HH,64.46,11.73,19.52,2.47,4.86
20210801051926 ,CGD,KG,EL,63.24,11.69,19.23,2.44,13.82
20210801051926 ,JUCA,KS,HG,78.8,14.1,23.65,2.35,7.84
20210801051926 ,GGGA,KS,HG,80.8,14.11,23.75,2.5,3.29
20210801051926 ,CHRB,KS,HG,96.73,17.08,28.49,2.71,5.58
20210801051926 ,GKP2,KG,HH,88.23,15.75,26.08,2.54,5.18
20210801051926 ,OJR,KG,HG,91.67,16.02,26.92,2.69,3.91
20210801051926 ,CSOA,KS,HG,91.7,15.79,26.95,2.5,3.58
20210801051926 ,JNHA,KS,HG,92.93,16.51,27.55,2.8,4.67
20210801051926 ,GDDB,KS,HH,97.51,17.16,28.79,2.3,10.48
20210801051926 ,PHA2,KS,EL,62.73,11.38,19.06,2.3,10.48
20210801051926 ,DAGA,KS,HG,83.89,15.14,25.04,1.9,27.72
20210801051926 ,MLGA,KS,HG,62.07,11.51,18.99,2.24,12.07
20210801051926 ,SNNA,KS,HG,86.86,15.4,25.64,2.45,6.67
20210801051926 ,GCN,KG,HG,41.38,8.05,13.21,2.65,3.01
20210801051926 ,DUC,KG,HG,35.18,7.05,11.47,2.62,4.67
20210801051926 ,UNCA,KS,HG,34.56,7.05,11.41,2.41,6.03
20210801051926 ,BBK,KG,EL,15.29,3.87,5.97,2.62,5.5
20210801051926 ,HDB,KG,HH,18.07,4.29,6.68,2.44,4.86
20210801051926 ,YGBA,KS,HG,23,5.15,8.28,2.8,2.27
20210801051926 ,SIG,KG,HG,24.97,5.45,8.69,1.9,15.86
20210801051926 ,MKL,KG,HH,29.37,6.13,9.87,2.46,6.87
20210801051926 ,BOG,KG,HG,31.45,6.47,10.47,2.78,3.75
20210801051926 ,CGU,KG,HG,31.74,6.52,10.54,2.27,5.96
20210801051926 ,HAK,KG,HG,32.7,6.65,10.88,2.8,2.41
20210801051926 ,UNI,KG,HG,33.89,6.92,11.2,2.7,3.03
20210801051926 ,DES,KG,HH,59.77,10.99,18.43,2.49,6.89
20210801051926 ,GGDA,KS,HG,42.82,8.25,13.62,2.51,3.79
20210801051926 ,MAK,KG,EL,45.74,8.89,14.58,2.39,24.42
20210801051926 ,DAG2,KS,HH,59.62,11.09,18.32,2.49,9.45
20210801051926 ,BUS3,KS,HH,59.33,10.98,18.14,2.37,14.38
20210801051926 ,MSNA,KS,HG,53.59,10.14,16.62,2.47,8.54
20210801051926 ,HCH,KG,HH,52.74,10.03,16.83,2.57,4.68
20210801051926 ,DKJ,KG,EL,51.31,9.65,15.86,2.31,8.25
20210801051926 ,GSNA,KS,HG,49.49,9.4,15.38,2.65,4.1
20210801051926 ,PKNU,KG,HG,48.63,9.28,15.35,2.4,6.24
20210801051926 ,POSB,KG,HH,47.17,8.87,14.72,1.94,12.07
20210801051926 ,YSB,KG,HH,46.61,8.99,14.71,2.5,5.91
20210801051926 ,POHB,KG,HH,51.07,9.69,16.23,2.65,3.19
20210820132652 ,NAMB,KS,HH,75.69,13.31,22.18,2.32,18.11
20210820132652 ,YAYB,KS,HH,75.75,13.24,22.03,2.38,5.88
20210820132652 ,HOCA,KS,HG,77.43,13.66,22.69,2.35,6.77
20210820132652 ,MOGA,KS,HG,83.51,14.57,24.25,2.32,10.24
20210820132652 ,JMJ2,KS,EL,86.9,15.28,25.42,3.38,8.45
20210820132652 ,CGIA,KS,HG,89.17,15.61,26.17,2.35,7.88
20210820132652 ,CGUB,KS,HG,93.85,16.29,27.59,2.53,4.11
20210820132652 ,PYCA,KS,HG,96.45,16.74,28.08,2.78,7.97
20210820132652 ,DGY2,KS,HG,96.95,17,28.26,2.47,10.42
20210820132652 ,DDCA,KS,HG,97.11,16.85,28.27,2.65,5.13
20210820132652 ,KAWA,KS,HG,98.98,17.5,28.88,2.5,5.08
20210820132652 ,PCH,KG,EL,88.21,15.34,25.67,2.37,14.55
20210820132652 ,SESA,KS,HG,74.6,13.24,22.04,2.29,9.1
20210820132652 ,CHNB,KG,HH,77.42,13.52,22.67,2.2,25.21
20210820132652 ,YKB,KG,HH,18.91,3.6,5.65,2.43,5.96
20210820132652 ,SH2B,KS,HH,27.45,5.08,8.27,2.22,7.66
20210820132652 ,YGGA,KS,HG,31.81,5.92,9.59,2.24,7.91
20210820132652 ,GAPB,KS,HH,72.11,12.84,21.3,2.39,5.49
20210820132652 ,GEJB,KS,HH,36.36,6.66,10.75,2.4,24.42
20210820132652 ,HWCA,KS,HG,40.77,7.2,11.86,2.36,10.1
20210820132652 ,IJBA,KS,HG,41.06,7.51,12.35,2.65,6.81
20210820132652 ,KSA,KG,HH,41.49,7.4,12.04,2.4,18.42
20210820132652 ,KOSB,KS,HG,42.52,7.55,12.29,2.5,5.08
20210820132652 ,HWCB,KS,HH,33.94,6.15,9.96,2.47,32.37
20210820132652 ,IJA2,KS,EL,45,8.25,13.45,2.32,32.37
20210820132652 ,YOGA,KS,HG,70.28,12.36,20.48,2.65,4.72
20210820132652 ,GLCA,KS,HG,70.21,12.47,20.74,2.48,9.08
20210820132652 ,CHC2,KS,HG,68.27,12.06,20.08,2.42,9.26
20210820132652 ,NCNA,KS,HG,62.54,11.13,18.52,2.39,8.77
20210820132652 ,KNUC,KG,HH,60.14,10.63,17.61,2.24,9.1
20210820132652 ,YAYA,KS,HG,60.05,10.74,17.83,2.5,4.85
20210820132652 ,IJAA,KS,HG,56.17,10.11,16.63,2.15,11.13
20210820132652 ,CWO2,KS,HG,52.93,9.4,15.44,2.27,32.37
20210820132652 ,GMHB,KS,HH,52.49,9.36,15.45,2.35,25.35
20210820132652 ,SKC2,KS,EL,48.39,8.75,14.33,2.4,12.71
20210826065814 ,AJD,KG,EL,98.96,17.68,29.53,2.81,9.5
20210826065814 ,HGDB,KS,HH,42.17,8.25,13.5,2.64,3.08
20210826065814 ,HUK2,KS,EL,53.07,10.19,16.68,2.68,4.85
20210826065814 ,BGDB,KS,HH,83.05,15.14,25.09,2.8,4.15
20210826065814 ,IJDB,KS,HG,86.84,15.5,25.98,2.5,6.5
20210826065814 ,HEDA,KS,HG,98.86,17.81,29.65,3.03,3.39
20210826065814 ,HTDA,KS,HG,77.73,14.09,23.47,2.5,6.54
20210827220322 ,KKDA,KS,HG,82.73,14.78,24.55,2.43,5.96
20210827220322 ,KJM,KG,EL,81.6,14.82,24.46,2.39,32.37
20210827220322 ,JAHA,KS,HG,82.39,14.98,24.61,2.48,4.49
20210827220322 ,WICA,KS,HG,82,14.76,24.56,2.6,4.86
20210827220322 ,KUJA,KS,HG,81.47,14.8,24.46,2.6,5.9
20210827220322 ,CGWB,KS,HH,79.75,14.54,24.03,2.53,5.27
20210827220322 ,IMSB,KS,HH,79.7,14.5,23.93,2.59,3.91
20210827220322 ,NAJA,KS,HG,83.12,15.18,24.83,2.65,4.51
20210827220322 ,MALA,KS,HG,90.16,16.14,26.8,2.2,7.62
20210827220322 ,CHRB,KS,HH,90.79,16.44,27.25,2.65,4.7
20210827220322 ,JAGA,KS,HG,91.51,16.48,27.22,2.8,3.08
20210827220322 ,YALB,KS,HH,91.63,16.3,27.3,2.63,4.97
20210827220322 ,HWSB,KG,HH,76.53,14.21,23.25,2.79,3.31
20210827220322 ,JEU2,KS,EL,91.66,16.49,27.36,2.52,15.15
20210827220322 ,DGHA,KS,HG,94.31,16.8,27.96,2.5,4.38
20210827220322 ,CHDA,KS,HG,95.96,17.03,28.4,2.73,3.84
20210827220322 ,IBA,KG,HG,96.43,17.35,28.79,2.95,2.86
20210827220322 ,DUSB,KS,HH,99.8,17.73,29.45,2.75,2.75
20210827220322 ,MMD,KS,HH,87.3,15.92,26.51,3.16,9.1
20210827220322 ,HCNA,KS,HG,75.06,13.98,22.85,2.65,3.94
20210827220322 ,BOSB,KS,HG,55.05,10.58,17.07,2.41,5.21
20210827220322 ,GACA,KS,HG,55.05,10.65,17.3,2.55,5.96
20210827220322 ,GKSA,KS,HG,53.59,10.19,16.72,2.65,3.52
20210827220322 ,MNDB,KS,HG,53.05,10.25,16.52,2.49,5.57
20210827220322 ,SACA,KS,HG,48.83,9.44,15.41,2.55,3.91
20210827220322 ,GWYB,KS,HG,12.3,3.95,5.64,2.39,6.91
20210827220322 ,JRB,KG,HH,26.92,6.2,9.53,2.68,3.94
20210827220322 ,NAHA,KS,HG,28.89,6.48,10.02,2.52,6.58
20210827220322 ,WDL,KG,HG,35.93,7.45,11.83,2.71,2.95
20210827220322 ,GSU,KG,HH,38.95,8.18,13.03,2.65,2.94
20210827220322 ,GRE,KG,EL,40.39,8.18,13.11,2.6,4.97
20210827220322 ,JLSA,KS,HG,41.58,8.46,13.49,2.86,3.45
20210827220322 ,JASA,KS,HG,76,13.85,23,1.9,10.21
20210827220322 ,NAWB,KS,HH,56.63,10.74,17.62,2.8,2.15
20210827220322 ,HAIA,KS,HG,43.86,8.79,14.09,2.65,7.7
20210827220322 ,HACA,KS,HG,57.9,11.12,18.2,2.65,4.1
20210827220322 ,HAMB,KS,HH,57.65,10.77,17.88,2.67,2.42
20210827220322 ,KCH2,KS,EL,70.96,12.86,21.53,2.5,12.24
20210827220322 ,KWJ2,KS,HH,70.41,13.08,21.3,2.55,6.91
20210827220322 ,YGJA,KS,HG,69.56,12.84,21.18,2.5,6.5
20210827220322 ,YKDB,KS,HH,65.78,12.28,20.13,2.79,13.04
20210827220322 ,KWJU,KS,HH,70.4,13.09,21.31,2.14,13.89
20210827220322 ,YNDB,KS,HH,64.07,11.93,19.45,2.48,5.76
20210827220322 ,EURB,KS,HH,62.98,11.89,19.4,2.23,9.02
20210827220322 ,KH2B,KS,HH,60.15,11.3,18.49,2.75,4.5
20210827220322 ,NLDA,KS,HG,58.04,11.21,18.12,2.77,3.8
20210827220322 ,CGPA,KS,HG,71.38,13.27,21.62,2.65,3.96
20210829040323 ,MKL,KG,HH,83.35,14.86,24.75,2.77,3.02
20210829040323 ,GCN,KG,HG,81.84,14.63,24.25,2.79,2.72
20210829040323 ,YKDB,KS,HH,79.44,14,23.29,2.65,9.18
20210829040323 ,JRB,KG,HH,78.7,13.75,22.92,2.55,5.65
20210829040323 ,WICA,KS,HG,78.63,14.08,23.35,2.65,4.81
20210829040323 ,JLSA,KS,HG,77.38,13.58,22.66,2.5,4.78
20210829040323 ,NAHA,KS,HG,75.77,13.53,22.05,2.75,3.28
20210829040323 ,JGNA,KS,HG,75.08,13.51,22.42,2.62,5.79
20210829040323 ,MMD,KS,HH,74.46,13.33,21.7,2.95,5.44
20210829040323 ,SNNA,KS,HG,85.12,15.15,25.43,2.65,4.01
20210829040323 ,BOG,KG,HG,78.82,14.16,23.46,2.8,2.73
20210829040323 ,SIG,KG,HG,91.92,16.43,27.36,2.95,2.14
20210829040323 ,KMC,KG,EL,90.54,16.06,26.74,2.46,11.59
20210829040323 ,GGDA,KS,HG,99.58,17.52,29.27,2.95,1.62
20210829040323 ,GUWB,KS,HH,97.63,17.14,28.69,2.65,2.44
20210829040323 ,JASA,KS,HG,96.56,17.5,28.22,2.57,5.24
20210829040323 ,HDB,KG,HH,95.44,16.84,28.21,2.95,1.69
20210829040323 ,GICA,KS,HG,93.06,16.4,27.32,2.63,4.78
20210829040323 ,DUSB,KS,HG,92.32,16.37,27.25,2.78,3.48
20210829040323 ,BBK,KG,EL,91.47,16.28,27.25,2.95,2.72
20210829040323 ,CGU,KG,HG,91.06,16.21,26.86,2.95,1.73
20210829040323 ,DKJ,KG,EL,90.74,15.96,26.84,2.85,3.39
20210829040323 ,YOCB,KS,HH,85.57,15.14,25.46,2.88,2.77
20210829040323 ,USN2,KS,EL,72.77,13.11,21.71,2.71,5.36
20210829040323 ,DUC,KG,HG,79.33,14.14,23.53,2.2,7.13
20210829040323 ,MLGA,KS,HG,47.17,8.86,14.22,2.68,3.19
20210829040323 ,CGD,KG,EL,47.05,8.91,14.47,2.57,6.87
20210829040323 ,CGDA,KS,HG,43.58,8.34,13.59,2.5,4.21
20210829040323 ,GSU,KG,HH,40.92,7.84,12.54,2.48,4.89
20210829040323 ,HACA,KS,HG,38.43,7.54,11.82,2.5,5.19
20210829040323 ,JUCA,KS,HG,33.2,6.48,10.27,2.73,3.39
20210829040323 ,YGJA,KS,HG,32.87,6.27,10.02,2.63,2.89
20210829040323 ,MIYA,KS,HG,32.25,6.4,10.2,2.79,2.8
20210829040323 ,GACA,KS,HG,29.19,5.65,8.93,2.78,3.96
20210829040323 ,CHRB,KS,HH,26.83,5.57,8.68,2.64,3.44
20210829040323 ,JNYA,KS,HG,23.18,4.75,7.3,2.62,3.88
20210829040323 ,EURB,KS,HH,20.96,4.37,6.65,2.44,4.92
20210829040323 ,HAMB,KS,HH,71.92,12.78,21.27,2.46,4.25
20210829040323 ,CLSA,KS,HG,11.6,2.56,3.59,2.83,4.26
20210829040323 ,KUJA,KS,HG,48.95,8.97,14.61,2.65,2.7
20210829040323 ,HAIA,KS,HG,49.79,9.16,14.85,2.8,3.81
20210829040323 ,CGWB,KS,HH,19.9,4.08,6.18,2.8,2.19
20210829040323 ,MSNA,KS,HG,53.17,9.86,16.03,2.7,4.5
20210829040323 ,UNCA,KS,HG,71.06,12.89,21.2,2.5,4.13
20210829040323 ,GKP2,KG,HH,66.04,11.97,19.82,2.62,3.91
20210829040323 ,GMNA,KS,HG,66.02,11.82,19.53,2.78,2.72
20210829040323 ,DAGA,KS,HG,65.59,11.91,19.68,2.73,2.95
20210829040323 ,DAG2,KS,HH,63.64,11.58,19.24,2.92,4.42
20210829040323 ,MAK,KG,EL,63.56,11.58,19.1,2.62,6.12
20210829040323 ,KJM,KG,EL,54.6,9.92,16.28,2.35,13.78
20210829040323 ,YSB,KG,HH,57.27,10.59,17.2,2.75,3.06
20210829040323 ,SACA,KS,HG,57.57,10.53,17.42,2.45,5.96
20210829040323 ,YALB,KS,HH,54.53,10.18,16.59,2.43,4.5
20210829040323 ,BUS3,KS,HH,57.91,10.63,17.37,2.52,6.32
20210829040323 ,BSAA,KS,HG,60.51,11.1,18.21,2.5,3.36
20210829040323 ,KCH2,KS,EL,62.66,11.32,18.82,2.39,18.42
20210911170446 ,BBK,KG,EL,82.9,14.22,24.16,2.5,4.7
20210911170446 ,KJM,KG,EL,78.11,13.31,22.6,2.01,21.21
20210911170446 ,GUMA,KS,HG,81.75,13.88,23.55,2.2,7.7
20210911170446 ,GMNA,KS,HG,84.4,14.32,24.31,2.17,11.53
20210911170446 ,GGDA,KS,HG,80.91,13.95,23.38,2.5,3.87
20210911170446 ,DUSB,KS,HH,80.16,13.85,23.25,2.5,3.9
20210911170446 ,YGBA,KS,HG,83.56,14.36,24.54,2.35,3.7
20210911170446 ,OJR,KG,HG,82.7,14.08,23.75,2.65,5.16
20210911170446 ,GUWB,KS,HH,73.17,12.53,21.25,2.33,4.86
20210911170446 ,CGU,KG,HG,74.95,12.93,21.91,2.5,4.31
20210911170446 ,KMC,KG,EL,74.11,12.91,21.58,2.33,14.42
20210911170446 ,GICA,KS,HG,73.08,12.6,21.14,2.37,7.88
20210911170446 ,HAIA,KS,HG,72.55,12.54,20.98,2.65,3.87
20210911170446 ,PKNU,KG,HG,72.32,12.46,21.01,2.5,3.68
20210911170446 ,GIGA,KS,HG,85.66,14.62,24.57,2.5,4.41
20210911170446 ,SIG,KG,HG,77.45,13.33,22.75,2.5,3.72
20210911170446 ,DNBA,KS,HG,96.45,16.17,27.62,2.2,5.61
20210911170446 ,BSAA,KS,HG,72.09,12.63,20.47,2.5,4.72
20210911170446 ,DES,KG,HH,98.68,16.92,28.59,2.57,5.96
20210911170446 ,MMD,KS,HH,98.37,16.68,28.33,2.56,8.42
20210911170446 ,BAU,KS,EL,97.72,16.43,28.1,2.39,28.12
20210911170446 ,NAHA,KS,HG,96.9,16.47,27.87,2.65,4.43
20210911170446 ,DGHA,KS,HG,93.71,16.03,26.93,2.62,5.76
20210911170446 ,HCH,KG,HH,93.4,16.27,27.49,2.65,4.03
20210911170446 ,EUSB,KS,HH,93.32,15.72,26.76,2.18,9.56
20210911170446 ,JASA,KS,HG,93.11,15.97,26.85,2.33,9.13
20210911170446 ,CPR2,KS,EL,92.3,15.71,26.47,2.28,13.89
20210911170446 ,YDGA,KS,HG,91.74,15.82,26.35,2.65,5.02
20210911170446 ,POSB,KG,HH,90.11,15.51,25.86,2.3,5.18
20210911170446 ,JRB,KG,HH,88.73,14.9,25.31,2.31,9.1
20210911170446 ,CHS,KG,HH,88.66,15.2,25.43,2.5,6.02
20210911170446 ,HAMB,KS,HH,71.89,12.21,20.83,1.99,10.01
20210911170446 ,GDDB,KS,HH,66.15,11.63,19.41,2.37,4.54
20210911170446 ,DKJ,KG,EL,70.57,12.19,20.59,2.47,7.05
20210911170446 ,GSNA,KS,HG,51.33,9.08,15.14,2.5,5.53
20210911170446 ,MLGA,KS,HG,49.87,8.94,14.75,2.5,4.41
20210911170446 ,DAG2,KS,HH,43.65,7.89,13.13,2.44,9.95
20210911170446 ,JUCA,KS,HG,43.04,7.92,12.95,2.35,4.9
20210911170446 ,HACA,KS,HG,42.15,7.64,12.85,2.3,5.18
20210911170446 ,GKP2,KG,HH,41.82,7.54,12.58,2.43,4.47
20210911170446 ,DAGA,KS,HG,41.5,7.47,12.48,2.45,4.13
20210911170446 ,CGWB,KS,HH,41.3,7.59,12.49,2.31,5.96
20210911170446 ,YSB,KG,HH,51.35,9.1,15.23,2.57,5.42
20210911170446 ,MSNA,KS,HG,40.23,7.34,12.22,2.5,4.31
20210911170446 ,CHRB,KS,HH,11.07,2.94,4.52,2.23,12.42
20210911170446 ,CLSA,KS,HG,21.36,4.53,7.17,2.49,5.88
20210911170446 ,CGDA,KS,HG,21.88,4.5,7.33,2.39,5.55
20210911170446 ,CGD,KG,EL,31.26,5.97,9.81,2.35,7.53
20210911170446 ,EURB,KS,HH,33.35,6.32,10.35,2.21,7.01
20210911170446 ,JNYA,KS,HG,33.85,6.45,10.42,2.35,6.08
20210911170446 ,HCNA,KS,HG,34.36,6.54,10.78,2.5,3.34
20210911170446 ,YALB,KS,HH,38.88,7.21,11.91,2.4,9.75
20210911170446 ,YGAA,KS,HG,40.09,7.34,12.11,2.44,4.5
20210911170446 ,GACA,KS,HG,51.43,9.17,15.18,2.45,7.82
20210911170446 ,MIYA,KS,HG,22.28,4.54,7.29,2.61,2.56
20210911170446 ,YGJA,KS,HG,56.77,10.02,16.69,2.1,6.5
20210911170446 ,JNHA,KS,HG,51.59,9.3,15.42,2.4,4.74
20210911170446 ,WICA,KS,HG,70.37,12.28,20.59,2.5,5.13
20210911170446 ,MKL,KG,HH,69.01,11.91,20.12,2.3,6.87
20210911170446 ,BOG,KG,HG,64.96,11.29,18.97,2.35,4.2
20210911170446 ,GCN,KG,HG,64.24,11.18,18.75,2.62,3.28
20210911170446 ,YOCB,KS,HH,63.34,11.07,18.65,2.54,4.04
20210911170446 ,BUS3,KS,HH,62.25,10.96,18.27,2.39,9.64
20210911170446 ,UNCA,KS,HG,65.49,11.35,18.99,2.35,5.53
20210911170446 ,SACA,KS,HG,61.31,10.45,18,2.1,9.1
20210911170446 ,KCH2,KS,EL,57.07,10.09,16.89,2.29,18.21
20210911170446 ,MAK,KG,EL,62.13,10.92,18.4,2.32,10.76
20210911170446 ,USN2,KS,EL,57.92,10.17,17.13,2.11,21.21
20210911170446 ,GSU,KG,HH,58.12,10.31,17.27,2.35,5.61
20210911170446 ,CIGB,KS,HH,59.01,10.22,17.2,2.16,7.82
20210911170446 ,UNI,KG,HG,60.42,10.6,17.9,2.35,4.81
20210911170446 ,SNNA,KS,HG,60.82,10.59,17.65,2.46,5.96
20210911170446 ,JINA,KS,HG,61.07,10.72,18.03,2.5,4.38
20210911170446 ,JGNA,KS,HG,58.89,10.4,17.45,2.39,12.07
20210913183601 ,CIGB,KS,HH,79.28,13.89,23.27,2.35,5.5
20210913183601 ,GIGA,KS,HG,82.97,14.59,24.33,2.5,4.7
20210913183601 ,SACA,KS,HG,82.45,14.25,24.1,2.35,8.82
20210913183601 ,KCH2,KS,EL,81.95,14.23,23.99,2.49,15.28
20210913183601 ,GSU,KG,HH,68.98,12.32,20.61,2.5,5.98
20210913183601 ,JINA,KS,HG,73.3,12.92,21.71,2.43,6.56
20210913183601 ,SNNA,KS,HG,72,12.81,21.34,2.5,4.78
20210913183601 ,HDB,KG,HH,67.37,12,20.28,2.25,5.96
20210913183601 ,JGNA,KS,HG,84.59,14.68,24.69,2.5,7.25
20210913183601 ,DKJ,KG,EL,67.33,11.86,20.13,2.55,6.87
20210913183601 ,HAIA,KS,HG,75.03,13.12,21.99,2.44,10.01
20210913183601 ,KJM,KG,EL,66.93,11.65,19.46,2.18,32.37
20210913183601 ,KMC,KG,EL,99.71,17.13,28.75,2.47,9.78
20210913183601 ,HADA,KS,HG,99.41,16.79,28.69,2.48,11.33
20210913183601 ,YKDB,KS,HH,99.36,16.97,28.56,2.61,11.59
20210913183601 ,WICA,KS,HG,96.11,16.49,27.75,2.5,4.36
20210913183601 ,DES,KG,HH,95.34,16.65,28.35,2.55,7.11
20210913183601 ,HAMB,KS,HH,95.11,15.8,27.37,2.5,5.05
20210913183601 ,GMNA,KS,HG,94.04,16.1,27.26,2.34,12.75
20210913183601 ,OJR,KG,HG,91.8,15.84,26.72,2.65,3.99
20210913183601 ,HCH,KG,HH,88.72,15.68,26.66,2.93,2.97
20210913183601 ,YOCB,KS,HH,65.57,11.62,19.61,2.45,4.92
20210913183601 ,YALB,KS,HH,64.59,11.5,19.26,2.39,6.58
20210913183601 ,UNCA,KS,HG,43.41,8.2,13.57,2.71,3.93
20210913183601 ,DAG2,KS,HH,42.36,8.01,13.32,2.55,7.95
20210913183601 ,UNI,KG,HG,42.21,8.05,13.32,2.68,3.59
20210913183601 ,MAK,KG,EL,37.65,7.32,11.98,2.45,18.42
20210913183601 ,BUS3,KS,HH,36.53,7.06,11.27,2.34,23.59
20210913183601 ,JNHA,KS,HG,34.6,6.81,11.01,2.78,5.57
20210913183601 ,CGWB,KS,HH,34.09,6.77,10.94,2.45,11.01
20210913183601 ,JNYA,KS,HG,18.26,4.4,6.83,2.31,13.89
20210913183601 ,JUCA,KS,HG,21.58,4.84,7.63,2.59,5.96
20210913183601 ,MLGA,KS,HG,24.67,5.3,8.46,2.33,14.85
20210913183601 ,CGD,KG,EL,24.75,5.4,8.71,2.44,6.87
20210913183601 ,MSNA,KS,HG,27.21,5.75,9.27,2.46,9.05
20210913183601 ,CLSA,KS,HG,28.6,5.99,9.58,2.34,8.4
20210913183601 ,YSB,KG,HH,29.72,6.1,9.83,2.55,5.65
20210913183601 ,CGDA,KS,HG,31.38,6.44,10.48,2.66,3.64
20210913183601 ,CHRB,KS,HH,32.27,6.51,10.44,2.67,5.49
20210913183601 ,USN2,KS,EL,46.05,8.7,14.46,2.48,9.13
20210913183601 ,GSNA,KS,HG,45,8.45,13.97,2.65,4.31
20210913183601 ,SIG,KG,HG,64.37,11.59,19.5,2.5,4.59
20210913183601 ,CGU,KG,HG,64.29,11.6,19.36,2.3,5.6
20210913183601 ,MIYA,KS,HG,13.87,3.89,6.04,2.47,3.34
20210913183601 ,YGAA,KS,HG,62.66,11.19,18.78,2.6,3.91
20210913183601 ,HACA,KS,HG,62.41,11.21,18.74,2.5,5.22
20210913183601 ,KUJA,KS,HG,60.85,10.83,17.86,2.31,6.48
20210913183601 ,PKNU,KG,HG,46.8,8.68,14.28,2.65,3.96
20210913183601 ,GKP2,KG,HH,56.48,10.2,17.17,2.34,7.34
20210913183601 ,MKL,KG,HH,55.96,10.2,17.06,2.35,7.62
20210913183601 ,EURB,KS,HH,46.83,8.83,14.29,2.31,7.38
20210913183601 ,GCN,KG,HG,56.4,10.33,17.09,2.62,4.46
20210913183601 ,BSAA,KS,HG,47.66,8.93,14.77,2.35,5.22
20210913183601 ,YGJA,KS,HG,51.26,9.4,15.57,2.7,4.9
20210913183601 ,GDDB,KS,HH,47.52,8.8,14.34,2.28,7.91
20210913183601 ,DUC,KG,HG,52.58,9.67,16.04,2.35,6.81
20210913183601 ,DAGA,KS,HG,54.22,9.9,16.6,2.5,4.81
20210913183601 ,GACA,KS,HG,55.07,9.97,16.59,2.27,9.1
20210913183601 ,BOG,KG,HG,51.4,9.5,15.83,2.65,3.74
20210916203013 ,HAWB,KS,HH,73,12.48,20.82,2.16,9.95
20210916203013 ,NACA,KS,HG,95.23,16.53,27.56,2.5,8.72
20210916203013 ,ASNA,KS,HG,82.22,14.11,23.85,2.4,8.47
20210916203013 ,CJDB,KS,HH,71.03,12.32,20.69,2.16,12.07
20210916203013 ,OYDB,KS,HH,54.37,9.53,15.86,2.05,16.51
20210916203013 ,CGYA,KS,HG,68.51,11.83,20.12,2.34,8.82
20210916203013 ,WNBA,KS,HG,20.79,3.73,6.03,2.68,5.3
20210916203013 ,ANMA,KS,HG,29.14,5.43,8.86,2.31,5.96
20210916203013 ,SES2,KS,HH,33.41,6.03,9.98,2.44,24.42
20210916203013 ,GLSA,KS,HG,45.09,8,13.21,2.35,5.81
20210916203013 ,NJDA,KS,HG,47.96,8.37,13.93,2.51,4.14
20210916203013 ,TANB,KS,HH,11.04,2.11,3.28,2.2,13.62
20210916203013 ,HSB,KG,HH,51.06,8.99,15.01,2.42,5.96
20210916203013 ,GBI2,KS,HH,51.08,8.9,14.91,2.46,17.8
20210916203013 ,YSAB,KS,HH,63.92,11.08,18.64,2.24,10.48
20210916203013 ,DGJA,KS,HG,50.47,8.78,14.83,2.53,5.42
20210916203013 ,ECDB,KS,HG,67.42,11.72,19.68,2.27,12.21
20210919215849 ,SACA,KS,HG,82.97,13.84,23.75,2.61,5.96
20210919215849 ,MOPB,KS,HH,80.42,13.81,23.26,2.24,12.07
20210919215849 ,GOCB,KS,HH,79.57,13.7,22.84,2.46,10.48
20210919215849 ,MUN,KG,EL,76.02,13.09,22.09,2.45,9.1
20210919215849 ,JINA,KS,HG,79.34,13.59,22.95,2.5,4.72
20210919215849 ,IBA,KG,HG,75.27,13,21.74,2.65,5.91
20210919215849 ,JEU2,KS,EL,74.71,12.86,21.41,2.4,32.37
20210919215849 ,GSU,KG,HH,83.72,14.33,24.31,2.37,5.74
20210919215849 ,GMDB,KS,HH,93.68,15.87,26.81,2.33,8.4
20210919215849 ,YEGA,KS,HG,84.07,14.48,24.19,2.39,10.6
20210919215849 ,CSDB,KS,HH,84.71,14.57,24.38,2.5,7.09
20210919215849 ,HAIA,KS,HG,87.03,14.85,25.28,2.56,5.18
20210919215849 ,JASA,KS,HG,90.2,15.47,26,2.68,5.74
20210919215849 ,MANA,KS,HG,91.8,15.66,26.39,2.48,9.56
20210919215849 ,SMWA,KS,HG,96.28,16.43,27.49,2.62,4.78
20210919215849 ,JDO2,KS,EL,96.66,16.59,28.03,3.41,18.37
20210919215849 ,MALA,KS,HG,96.84,16.48,27.9,2.5,10.39
20210919215849 ,HACA,KS,HG,98.14,16.23,27.9,2.61,5.96
20210919215849 ,YKDB,KS,HH,98.48,16.7,28.22,2.56,13.89
20210919215849 ,WAN2,KS,EL,74.23,12.96,21.91,2.74,18.42
20210919215849 ,HAMB,KS,HH,83.94,14.09,23.87,2.45,6.87
20210919215849 ,HANB,KS,HH,72.81,12.7,21.34,2.9,7.91
20210919215849 ,HADA,KS,HG,53.39,9.34,15.68,2.49,10.1
20210919215849 ,CHDA,KS,HG,72.05,12.44,20.9,2.49,6.12
20210919215849 ,BAU,KS,EL,41.39,7.41,12.14,2.35,27.24
20210919215849 ,KWJ2,KS,HH,40.29,7.18,11.73,2.39,14.06
20210919215849 ,KWJU,KS,HH,40.28,7.19,11.74,2.04,32.37
20210919215849 ,GKSA,KS,HG,40.2,7.13,11.65,2.53,5.11
20210919215849 ,MNDB,KS,HH,16.07,2.89,4.39,2.56,9.1
20210919215849 ,BOSB,KS,HH,16.71,3.09,5.13,2.71,32.37
20210919215849 ,SCHA,KS,HG,21.43,3.94,6.28,2.55,12.07
20210919215849 ,CGPA,KS,HG,27.4,4.96,8.09,2.64,4.64
20210919215849 ,WDL,KG,HG,28.63,5.13,8.38,2.39,9.75
20210919215849 ,KH2B,KS,HH,30.77,5.58,9.16,2.37,10.91
20210919215849 ,HWSB,KG,HH,35.23,6.42,10.51,2.59,5.18
20210919215849 ,JAHA,KS,HG,38.28,6.93,11.3,2.65,5.28
20210919215849 ,BLLA,KS,HG,22.02,4.07,6.61,2.85,4.68
20210919215849 ,GWYB,KS,HH,42.16,7.55,12.34,2.46,4.5
20210919215849 ,NLDA,KS,HG,44.52,7.97,13.26,2.6,5.18
20210919215849 ,YNDB,KS,HH,71.52,12.35,20.66,2.5,6.12
20210919215849 ,NAJA,KS,HG,43.11,7.69,12.7,2.52,6.89
20210919215849 ,HMPA,KS,HG,65.36,11.38,18.92,2.57,6.87
20210919215849 ,JLSA,KS,HG,64.98,11.2,18.71,2.46,9.78
20210919215849 ,JAGA,KS,HG,63.91,11.09,18.48,2.59,5.63
20210919215849 ,NAHA,KS,HG,63.03,10.93,18.36,2.44,6.67
20210919215849 ,SIJA,KS,HG,61.35,10.65,17.88,2.35,8.3
20210919215849 ,GHR,KG,HG,55.11,9.73,16.2,2.61,5.93
20210919215849 ,NAWB,KS,HH,62.32,10.84,17.95,2.56,4.82
20210919215849 ,JRB,KG,HH,52.27,9.16,15.1,2.5,8.45
20210919215849 ,YOA,KS,EL,49.56,8.8,14.69,2.43,32.37
20210919215849 ,KKDA,KS,HG,49.52,8.74,14.49,2.58,5.96
20210919215849 ,YESA,KS,HG,48.55,8.61,14.29,2.5,7.36
20210919215849 ,GRE,KG,EL,46.93,8.25,13.67,2.36,16.75
20210923030243 ,GICA,KS,HG,81.96,14.26,23.9,2.79,6.3
20210923030243 ,NAHA,KS,HG,84.98,14.64,24.57,2.98,5.39
20210923030243 ,GUWB,KS,HG,85.57,14.76,24.96,2.88,3.88
20210923030243 ,DUSB,KS,HH,84.16,14.58,24.59,3.1,3.27
20210923030243 ,DKJ,KG,EL,81.58,14.22,23.87,2.95,7.29
20210923030243 ,GCN,KG,HG,73.95,12.96,21.62,2.95,5.44
20210923030243 ,KMC,KG,EL,80.69,14.16,23.55,3.01,7.91
20210923030243 ,JLSA,KS,HG,77.46,13.06,22.27,2.63,9.34
20210923030243 ,MKL,KG,HH,77.11,13.42,22.6,2.74,6.87
20210923030243 ,YOCB,KS,HH,75.25,13.17,22.21,3.05,3.39
20210923030243 ,SIG,KG,HG,85.69,14.88,25.23,2.84,3.39
20210923030243 ,JRB,KG,HH,81.22,13.76,23.25,2.61,11.86
20210923030243 ,BBK,KG,EL,88.17,15.19,25.77,2.99,3.91
20210923030243 ,NAWB,KS,HH,99.82,16.77,28.61,2.9,4.5
20210923030243 ,SNNA,KS,HG,73.41,12.79,21.38,2.95,5.19
20210923030243 ,YDGA,KS,HG,98.12,17.01,28.43,2.99,5.02
20210923030243 ,GRE,KG,EL,97.35,16.12,27.94,2.74,12.07
20210923030243 ,GIGA,KS,HG,96.97,16.65,28.01,3.06,3.37
20210923030243 ,DGHA,KS,HG,95.66,16.42,27.67,2.92,5.22
20210923030243 ,OJR,KG,HG,95.34,16.3,27.55,3.25,3.34
20210923030243 ,GUMA,KS,HG,92.72,15.85,27.04,2.9,5.57
20210923030243 ,JASA,KS,HG,92.32,15.9,26.81,2.76,6.75
20210923030243 ,GGDA,KS,HG,91.25,15.73,26.5,2.91,3.52
20210923030243 ,YKDB,KS,HH,91.22,15.47,26.09,2.77,12.07
20210923030243 ,GWYB,KS,HH,90.46,15.29,25.86,2.82,6.97
20210923030243 ,JEJB,KS,HG,90.12,15.59,26.42,2.95,3.01
20210923030243 ,HDB,KG,HH,90,15.51,26.29,3,2.35
20210923030243 ,BAU,KS,EL,89.14,15.06,25.63,2.85,28.12
20210923030243 ,GMNA,KS,HG,73.4,12.55,21.14,3.03,4.92
20210923030243 ,DUC,KG,HG,72.53,12.68,21.19,3.1,2.67
20210923030243 ,YGAA,KS,HG,50.37,9.22,15.21,2.9,4.5
20210923030243 ,MLGA,KS,HG,48.66,8.8,14.53,2.75,5.79
20210923030243 ,GSU,KG,HH,47.34,8.51,14.17,2.8,5.35
20210923030243 ,MSNA,KS,HG,47.11,8.62,14.16,3.09,3.69
20210923030243 ,YGJA,KS,HG,44.65,8.03,13.2,2.84,3.91
20210923030243 ,YALB,KS,HH,44.61,8.29,13.68,2.94,7.13
20210923030243 ,JNHA,KS,HG,42.91,7.88,12.83,2.93,4.38
20210923030243 ,CGD,KG,EL,39.45,7.42,12.19,3.01,5.21
20210923030243 ,GACA,KS,HG,39.15,7.19,11.66,2.81,6.19
20210923030243 ,JUCA,KS,HG,37.86,7.08,11.54,2.83,7.57
20210923030243 ,HACA,KS,HG,36.65,6.88,11.37,2.75,5.86
20210923030243 ,CGDA,KS,HG,33.06,6.43,10.55,2.95,4.99
20210923030243 ,CGWB,KS,HH,30.37,5.84,9.3,3.07,3.17
20210923030243 ,BOG,KG,HG,72.78,12.75,21.38,2.93,3.3
20210923030243 ,EURB,KS,HH,23.53,4.74,7.45,2.75,6.52
20210923030243 ,CHRB,KS,HH,16.18,3.74,5.7,2.92,6.79
20210923030243 ,CLSA,KS,HG,11.84,2.94,4.38,2.76,4.5
20210923030243 ,JINA,KS,HG,50.79,9.04,15.14,2.95,4.88
20210923030243 ,DAGA,KS,HG,53.94,9.68,16.16,2.9,6.67
20210923030243 ,JNYA,KS,HG,27.59,5.43,8.69,2.76,4.86
20210923030243 ,GKP2,KG,HH,54.2,9.69,16.22,2.88,4.4
20210923030243 ,PKNU,KG,HG,72.18,12.65,21.32,2.96,2.4
20210923030243 ,WICA,KS,HG,72.01,12.62,21.18,2.9,5.96
20210923030243 ,CIGB,KS,HH,70.2,12.18,20.75,2.54,11.49
20210923030243 ,HAMB,KS,HH,69.07,11.89,20.15,2.56,9.1
20210923030243 ,UNCA,KS,HG,69,12.18,20.28,2.84,3.91
20210923030243 ,KJM,KG,EL,66.48,11.5,18.8,2.55,13.89
20210923030243 ,UNI,KG,HG,66.09,11.65,19.62,3.05,3.54
20210923030243 ,JGNA,KS,HG,65.21,11.61,19.38,3.03,6.67
20210923030243 ,GSNA,KS,HG,61.09,10.88,18.02,2.91,5.35
20210923030243 ,MAK,KG,EL,63.41,11.24,18.78,2.8,7.29
20210923030243 ,DAG2,KS,HH,54.36,9.81,16.35,2.99,7.23
20210923030243 ,YSB,KG,HH,54.75,9.85,16.28,2.9,4.22
20210923030243 ,SACA,KS,HG,56.39,9.88,16.76,2.62,7.91
20210923030243 ,HAIA,KS,HG,60.14,10.55,17.47,2.97,6.21
20210923030243 ,BUS3,KS,HH,60.54,10.82,17.93,2.86,6.87
20210923030243 ,KUJA,KS,HG,60.71,10.6,17.79,2.8,3.67
20210923030243 ,KCH2,KS,EL,56.99,10.07,17.06,2.69,24.42
20211006125548 ,JUCA,KS,HG,88.67,15.5,25.89,2.77,4.62
20211006125548 ,KH2B,KS,HH,88.63,15.42,26.16,2.71,9.1
20211006125548 ,NLDA,KS,HG,87.89,15.6,26.2,2.89,4.95
20211006125548 ,CGDA,KS,HG,87.23,15.34,25.87,2.5,4.67
20211006125548 ,JNHA,KS,HG,83.42,14.65,24.37,2.95,4.06
20211006125548 ,KJM,KG,EL,81.89,14.49,24.02,2.65,11.23
20211006125548 ,YGAA,KS,HG,81.74,14.39,24.27,3.06,2.15
20211006125548 ,BOSB,KS,HH,80.7,14.33,24.16,2.66,32.37
20211006125548 ,KWJ2,KS,HH,80.38,14.33,23.93,2.66,17.64
20211006125548 ,KWJU,KS,HH,80.38,14.35,23.94,2.35,32.37
20211006125548 ,JEU2,KS,EL,89.31,15.84,26.48,2.7,24.42
20211006125548 ,KMC,KG,EL,82.71,14.73,24.49,2.76,8.21
20211006125548 ,TAIA,KS,HG,95.8,16.95,28.4,2.8,6.16
20211006125548 ,YNDB,KS,HH,91.39,15.92,26.45,2.65,7.44
20211006125548 ,GKP2,KG,HH,98.65,16.98,28.91,2.82,3.76
20211006125548 ,CGD,KG,EL,98.16,17,28.62,2.61,6.79
20211006125548 ,NAJA,KS,HG,97.92,17.16,28.79,2.8,4.93
20211006125548 ,JAGA,KS,HG,96.29,16.96,28.45,2.9,6.87
20211006125548 ,IBA,KG,HG,96.22,17.01,28.59,2.8,8.02
20211006125548 ,GICA,KS,HG,95.32,16.74,27.92,2.64,7.29
20211006125548 ,CHOA,KS,HG,94.52,16.85,28.03,2.66,7.44
20211006125548 ,HWSB,KG,HH,93.2,16.48,27.61,2.72,6.87
20211006125548 ,YKDB,KS,HH,79.84,14.1,23.47,2.55,12.64
20211006125548 ,GDDB,KS,HH,93.12,16.29,27.11,2.8,3.15
20211006125548 ,JEO2,KS,HH,92.56,16.56,27.35,2.62,13.74
20211006125548 ,CGPA,KS,HG,91.6,16.31,27.13,2.93,4.13
20211006125548 ,YDGA,KS,HG,94.2,16.75,27.69,2.74,5.96
20211006125548 ,JNYA,KS,HG,78.74,13.93,23.1,2.62,6.56
20211006125548 ,HAIA,KS,HG,46.59,8.69,14.15,2.53,7.11
20211006125548 ,HCNA,KS,HG,46,8.68,14.36,2.66,4.59
20211006125548 ,GACA,KS,HG,44.58,8.47,13.68,2.79,3.92
20211006125548 ,KCH2,KS,EL,41.95,8,13.2,2.71,9.1
20211006125548 ,EURB,KS,HH,41,7.89,12.66,2.55,4
20211006125548 ,GRE,KG,EL,39.32,7.54,12.46,2.55,18.42
20211006125548 ,GWYB,KS,HH,38.61,7.59,12.16,2.53,9.26
20211006125548 ,HAMB,KS,HH,32.41,6.53,10.59,2.55,6.1
20211006125548 ,GMNA,KS,HG,31.4,6.27,9.94,2.77,5.35
20211006125548 ,BAU,KS,EL,30.69,6.38,10.21,2.53,32.37
20211006125548 ,HACA,KS,HG,30.22,6.28,10,2.82,4.26
20211006125548 ,GSU,KG,HH,26.02,5.57,8.68,2.82,2.79
20211006125548 ,JLSA,KS,HG,24.78,5.43,8.6,2.74,9.1
20211006125548 ,HADA,KS,HG,22.87,4.96,7.81,2.7,9.92
20211006125548 ,JRB,KG,HH,22.73,5.14,7.96,2.74,5.93
20211006125548 ,KUJA,KS,HG,79.51,14.17,23.39,2.95,3.48
20211006125548 ,SACA,KS,HG,20.75,4.7,7.4,2.9,3.69
20211006125548 ,NAWB,KS,HH,47.3,8.88,14.76,2.57,12.07
20211006125548 ,NAHA,KS,HG,49.47,9.33,15.16,2.71,4.07
20211006125548 ,DUSB,KS,HH,72.61,13.17,21.63,2.64,6.16
20211006125548 ,MALA,KS,HG,72.59,13.22,21.74,2.58,7.91
20211006125548 ,JGNA,KS,HG,72.16,12.74,21.49,2.77,7.13
20211006125548 ,MNDB,KS,HH,71.77,12.98,21.49,2.45,12.07
20211006125548 ,DGHA,KS,HG,70.73,12.87,21.23,2.5,6.73
20211006125548 ,SUCA,KS,HG,67.76,12.28,20.45,2.6,10.24
20211006125548 ,IMSB,KS,HH,66.63,12.2,20.11,2.55,16
20211006125548 ,CGWB,KS,HH,66.23,11.9,19.56,2.86,4.55
20211006125548 ,WDL,KG,HG,48.52,9.15,15.05,2.55,10.48
20211006125548 ,YGJA,KS,HG,62.73,11.3,18.6,2.81,4.49
20211006125548 ,YALB,KS,HH,61.86,11.17,18.56,2.75,4.78
20211006125548 ,CLSA,KS,HG,59.57,10.87,17.85,2.65,4.96
20211006125548 ,GKSA,KS,HG,58.69,10.74,17.91,2.83,4.31
20211006125548 ,YESA,KS,HG,58.53,10.89,17.68,2.9,5.18
20211006125548 ,BLLA,KS,HG,56.87,10.56,17.51,2.82,5.05
20211006125548 ,JASA,KS,HG,55.58,10.36,17.05,2.7,6.14
20211006125548 ,WICA,KS,HG,54.58,10.18,16.67,2.79,5.35
20211006125548 ,SCHA,KS,HG,52.47,9.84,16.15,2.46,8.84
20211006125548 ,CHRB,KS,HH,65.16,11.83,19.57,2.65,3.5
20211009171851 ,HUK2,KS,EL,58.92,11.36,18.55,2.31,9.1
20211009171851 ,IJDB,KS,HH,92.19,16.73,27.68,2.45,4.25
20211009171851 ,BGDB,KS,HH,89.36,16.4,27.13,2.4,5.96
20211009171851 ,HTDA,KS,HG,82.24,14.96,24.54,2.5,5.41
20211009171851 ,AMD,KS,HH,92.92,16.7,28.04,2.46,13.89
20211019131331 ,MSNA,KS,HG,80.51,14.88,24.79,2.7,4.5
20211019131331 ,MAK,KG,EL,79.08,14.67,24.29,2.81,4.76
20211019131331 ,DAG2,KS,HH,79.07,14.63,24.44,2.64,5.19
20211019131331 ,YSB,KG,HH,77.95,14.44,23.96,2.86,3.57
20211019131331 ,CSOA,KS,HG,81.29,14.67,24.66,2.95,1.7
20211019131331 ,PKNU,KG,HG,82.28,15.05,25.18,2.8,2.52
20211019131331 ,ADO2,KS,EL,92.34,16.37,27.7,2.46,21.21
20211019131331 ,CGD,KG,EL,88.81,16.11,26.92,2.75,4.97
20211019131331 ,OJR,KG,HG,92.28,16.53,27.79,2.88,2.56
20211019131331 ,BUS3,KS,HH,93.07,16.67,27.88,2.69,5.18
20211019131331 ,MLGA,KS,HG,94.99,17.07,28.57,3.07,1.89
20211019131331 ,YOCB,KS,HH,73.28,13.8,22.81,2.44,4.5
20211019131331 ,SKBA,KS,HG,86.53,15.56,25.94,2.64,3.11
20211019131331 ,CHS,KG,HH,68.05,12.73,21.16,2.42,6.95
20211019131331 ,BBK,KG,EL,46.6,9.54,15.69,2.56,6.87
20211019131331 ,GGDA,KS,HG,46.29,9.52,15.64,2.22,9.18
20211019131331 ,CGU,KG,HG,45.4,9.44,15.51,2.3,6.23
20211019131331 ,POSB,KG,HH,43.09,9.06,14.73,2.11,11.04
20211019131331 ,SIG,KG,HG,42.18,8.98,14.65,2.41,4.85
20211019131331 ,POHB,KG,HH,42.06,9.04,14.82,2.65,4.17
20211019131331 ,JEJB,KS,HG,41.56,8.84,14.51,2.6,3.77
20211019131331 ,HDB,KG,HH,38.03,8.27,13.42,2.2,5.78
20211019131331 ,YGBA,KS,HG,36.23,8.18,13.27,2.5,3.96
20211019131331 ,HMGA,KS,HG,27.48,6.63,10.52,2.65,3.21
20211019131331 ,GSNA,KS,HG,69.35,13.15,21.76,2.5,5.11
20211019131331 ,PHA2,KS,EL,48.21,9.72,15.96,2.51,7.7
20211019131331 ,HCH,KG,HH,45.88,9.63,16,2.5,6.23
20211019131331 ,UNCA,KS,HG,67.21,12.76,21.12,2.5,6.37
20211019131331 ,UNI,KG,HG,63.41,12.16,20.09,2.7,4.66
20211019131331 ,GGGA,KS,HG,61.59,11.53,19.07,2.5,3.83
20211019131331 ,GCN,KG,HG,57.08,11.21,18.77,2.2,6.37
20211019131331 ,DUC,KG,HG,55.59,10.99,18.03,2.05,12.24
20211019131331 ,BOG,KG,HG,54.75,10.85,17.75,2.5,4.06
20211019131331 ,GIGA,KS,HG,54,10.64,17.54,2.5,4.54
20211019131331 ,MKL,KG,HH,50.54,10.28,16.79,2.35,10.15
20211019131331 ,DKJ,KG,EL,58.94,11.51,19.01,2.32,8.95
20211019131331 ,DES,KG,HH,49.61,10.02,16.62,2.65,5.19
20211021215148 ,ADO2,KS,EL,85.31,15.2,25.35,2.5,32.37
20211021215148 ,CGUB,KS,HH,86.36,15.33,25.55,2.31,7.25
20211021215148 ,CEA2,KS,EL,86.84,15.4,25.58,2.54,11.23
20211021215148 ,ICN2,KS,EL,84.15,15,24.72,2.47,32.37
20211021215148 ,GUWB,KS,HH,87.03,15.29,25.56,2.41,6.87
20211021215148 ,KNUD,KG,HH,86.59,15.58,25.68,2.52,11.04
20211021215148 ,YEYB,KS,HH,83.89,14.97,24.89,2.75,4.4
20211021215148 ,CGIA,KS,HG,76.6,13.65,22.63,2.55,7.91
20211021215148 ,HKU,KG,HH,83.88,15.02,24.9,2.46,11.01
20211021215148 ,GGSA,KS,HG,83.7,15.02,24.89,2.8,3.66
20211021215148 ,BOGA,KS,HG,80.93,14.57,23.99,2.83,4.96
20211021215148 ,CPR2,KS,EL,79.19,14.17,23.61,2.62,10.24
20211021215148 ,YIN,KG,EL,79.16,14.17,23.55,2.44,15.91
20211021215148 ,HONA,KS,HG,76.97,13.81,23.03,2.6,6.87
20211021215148 ,LMGA,KS,HG,87.64,15.61,25.76,2.48,6.89
20211021215148 ,GAGA,KS,HG,88.87,15.93,26.05,2.67,4.76
20211021215148 ,PTKA,KS,HG,97.72,17.35,28.72,2.86,3.95
20211021215148 ,LIWA,KS,HG,90.98,16.13,27.08,2.6,5.96
20211021215148 ,NAMB,KS,HH,98.3,17.24,28.69,2.77,5.35
20211021215148 ,YINB,KS,HH,97.97,17.34,28.78,2.95,2.18
20211021215148 ,YDGA,KS,HG,97.9,17.23,29.27,2.77,5.63
20211021215148 ,CIGB,KS,HH,97.05,16.77,28.2,2.6,4.37
20211021215148 ,DGY2,KS,HH,97.04,16.85,28.59,2.45,15.1
20211021215148 ,TJN,KG,HH,96.51,16.7,28.42,2.69,5.96
20211021215148 ,TEJ2,KS,HG,96.39,17.11,28.5,2.7,11.49
20211021215148 ,JNUA,KS,HG,94.44,16.69,27.73,2.75,4.67
20211021215148 ,HOCA,KS,HG,92.59,16.33,27.06,2.75,3.39
20211021215148 ,YAPA,KS,HG,92.32,16.29,27.09,2.74,3.91
20211021215148 ,SNGB,KS,HH,92.09,16.49,26.92,2.05,19.68
20211021215148 ,GICA,KS,HG,92.01,16.19,27.13,2.8,4.75
20211021215148 ,OJR,KG,HG,91.95,16.28,27.12,2.63,5.41
20211021215148 ,SESA,KS,HG,91.65,16.14,26.85,2.76,5.96
20211021215148 ,SUBA,KS,HG,90.79,16.18,26.93,2.95,3.31
20211021215148 ,HESA,KS,HG,75.52,13.55,22.25,2.65,5.53
20211021215148 ,BUSA,KS,HG,41.48,8.09,13.07,2.64,4.64
20211021215148 ,GUMA,KS,HG,74.77,13.32,22.3,2.44,7.91
20211021215148 ,BON2,KS,EL,55.18,10.38,17.11,2.65,17.64
20211021215148 ,EMSB,KS,HH,54.68,10.17,16.51,2.68,6.87
20211021215148 ,SNDA,KS,HG,53.17,9.8,16.13,2.62,5.83
20211021215148 ,YSUM,KG,HG,51.91,9.69,15.85,2.49,6.45
20211021215148 ,CGAA,KS,HG,50.01,9.45,15.5,2.56,10.79
20211021215148 ,PGEA,KS,HG,46.14,8.82,14.4,2.46,5.96
20211021215148 ,AGSA,KS,HG,43.55,8.32,13.45,2.61,5.73
20211021215148 ,JCUA,KS,HG,43.06,8.17,13.35,2.5,6.97
20211021215148 ,PYCA,KS,HG,75.45,13.59,22.33,2.62,10.76
20211021215148 ,YCHB,KS,HH,37.76,7.49,12.07,2.68,3.97
20211021215148 ,BKWA,KS,HG,37.59,7.36,11.83,2.6,5.12
20211021215148 ,MGY2,KS,HG,32.38,6.58,10.59,2.65,10.57
20211021215148 ,JECB,KS,HH,30.58,6.22,9.89,2.45,15.54
20211021215148 ,MGB,KG,HH,30.52,6.27,10.21,2.75,5.96
20211021215148 ,YOJB,KS,HH,28.44,6.02,9.61,2.51,6.43
20211021215148 ,CHJ3,KS,HH,24.22,5.27,8.24,2.49,10.27
20211021215148 ,DNYA,KS,HG,18.47,4.35,6.82,2.71,5.96
20211021215148 ,DGLA,KS,HG,16.36,4.19,6.43,2.7,5.96
20211021215148 ,DKSA,KS,HG,12.01,3.46,5.16,2.49,8.4
20211021215148 ,YOW2,KS,EL,38.96,7.52,12.18,2.54,12.07
20211021215148 ,SAJB,KS,HH,55.8,10.31,17.13,2.6,5.57
20211021215148 ,OKCB,KS,HH,72.76,13.11,22.03,2.22,7.11
20211021215148 ,CE2A,KS,HG,70.7,12.85,21.14,2.35,14.02
20211021215148 ,YAGA,KS,HG,70.42,12.7,20.73,2.34,7.75
20211021215148 ,JAEA,KS,HG,70.3,12.84,21.22,2.75,3.39
20211021215148 ,SLSA,KS,HG,68.3,12.4,20.5,2.54,9.1
20211021215148 ,TBA2,KS,EL,67.2,12.94,21.08,2.64,8.21
20211021215148 ,YEAB,KS,HH,65.96,12.04,19.89,2.53,4.31
20211021215148 ,GWLA,KS,HG,64.95,11.97,19.52,2.78,3.24
20211021215148 ,JSB,KG,HH,62.91,11.33,18.76,2.66,4.96
20211021215148 ,EUSB,KS,HH,74.1,13.36,22.12,2.39,6.69
20211021215148 ,CHYB,KS,HH,62.87,11.57,18.95,2.37,7.15
20211021215148 ,BURB,KS,HH,56.68,10.43,17.06,2.56,5.96
20211021215148 ,ADOA,KS,HG,57.15,10.66,17.71,2.65,4.46
20211021215148 ,HWSA,KS,HG,57.44,10.71,17.88,2.57,4.71
20211021215148 ,WJU2,KS,EL,58.67,10.76,17.62,2.6,28.12
20211021215148 ,PYCB,KS,HH,56.12,10.12,16.92,2.39,13.31
20211021215148 ,SND,KG,HH,59.56,11.11,18,2.41,10.48
20211021215148 ,CRB,KG,HG,59.94,10.97,17.85,2.48,8.07
20211021215148 ,DNBA,KS,HG,60.36,11.09,18.32,2.49,3.99
20211021215148 ,JNPA,KS,HG,60.66,11.17,18.36,2.65,5.28
20211111163105 ,YEAB,KS,HH,72.59,13.26,22.19,2.44,3.56
20211111163105 ,EUSB,KS,HH,67.05,12.4,20.63,2.46,2.69
20211111163105 ,ULJ2,KS,HH,62.12,11.5,19.13,2.65,2.72
20211111163105 ,SNNA,KS,HG,62.05,11.5,19.23,2.65,3.48
20211111163105 ,DAG2,KS,HH,61.57,11.41,18.9,2.65,4.08
20211111163105 ,MSNA,KS,HG,73.92,13.41,22.29,2.65,3.76
20211111163105 ,UNI,KG,HG,67.05,12.12,20.34,2.35,5.19
20211111163105 ,MAK,KG,EL,89.02,15.71,26.51,2.32,10.48
20211111163105 ,ADOA,KS,HG,77.54,14.18,23.73,2.5,3.19
20211111163105 ,CGD,KG,EL,77.96,14.06,23.2,2.65,3.56
20211111163105 ,CIGB,KS,HH,91.31,16.37,27.37,2.74,2.22
20211111163105 ,PGEA,KS,HG,91.79,16.42,27.49,2.35,4.13
20211111163105 ,MIYA,KS,HG,93.47,16.71,27.83,2.93,1.76
20211111163105 ,YEYB,KS,HH,59.71,11.25,18.61,2.64,2.33
20211111163105 ,GKP2,KG,HH,76.09,13.91,22.93,2.55,3.66
20211111163105 ,PHA2,KS,EL,11.11,2.4,3.46,3.06,2.95
20211111163105 ,GSNA,KS,HG,55.72,10.39,17.11,2.5,4.36
20211111163105 ,HAK,KG,HG,28.57,5.78,9.11,2.84,3.39
20211111163105 ,CHS,KG,HH,28.31,6,9.66,2.67,2.37
20211111163105 ,GGDA,KS,HG,26.92,5.53,8.88,2.68,2.97
20211111163105 ,GGGA,KS,HG,25.75,5.34,8.52,2.68,1.83
20211111163105 ,HMGA,KS,HG,21.2,4.29,6.71,2.5,4.99
20211111163105 ,DES,KG,HH,11.99,2.83,4.33,2.79,4.33
20211111163105 ,JUC,KG,HG,12.26,2.44,3.62,3.27,2.54
20211111163105 ,POHB,KG,HH,13.04,2.97,4.6,3.08,2.35
20211111163105 ,HCH,KG,HH,14.38,3.44,5.46,2.89,3.13
20211111163105 ,JEJB,KS,HH,57.96,10.71,17.76,2.4,12.14
20211111163105 ,GIGA,KS,HG,21.1,4.6,7.31,2.63,2.7
20211111163105 ,JKJA,KS,HG,20.6,4.61,7.4,2.95,1.29
20211111163105 ,DKJ,KG,EL,34.72,6.96,11.31,2.55,4.82
20211111163105 ,CSOA,KS,HG,38.69,7.73,12.67,2.5,2.79
20211111163105 ,CGU,KG,HG,39.3,7.7,12.62,2.46,3.91
20211111163105 ,USN2,KS,EL,55.71,10.42,17.23,2.46,6.63
20211111163105 ,BOG,KG,HG,53.12,9.91,16.45,2.49,4.03
20211111163105 ,OJR,KG,HG,52.39,10.01,16.63,2.35,5.08
20211111163105 ,DUC,KG,HG,49.63,9.36,15.41,1.75,11.36
20211111163105 ,ADO2,KS,EL,49.46,9.48,15.7,2.4,9.81
20211111163105 ,MKL,KG,HH,49.03,9.31,15.37,2.53,5.49
20211111163105 ,POSB,KG,HH,18.12,3.87,5.98,2.52,3.99
20211111163105 ,HDB,KG,HH,47.3,8.9,14.73,2.35,3.74
20211111163105 ,YOCB,KS,HG,44.29,8.6,14.12,2.5,3.5
20211111163105 ,GCN,KG,HG,44.14,8.51,13.86,2.35,4.41
20211111163105 ,YODB,KS,HH,43.76,8.47,13.85,2.65,1.79
20211111163105 ,SIG,KG,HG,43.53,8.32,14.18,2.64,2.09
20211111163105 ,YGBA,KS,HG,40.59,7.89,13.12,2.65,2.55
20211116025758 ,BGDB,KS,HG,87.66,15.89,26.71,2.65,4.88
20211116025758 ,HTDA,KS,HG,78.01,14.38,23.94,2.65,4.21
20211116025758 ,HUK2,KS,EL,55.55,10.8,17.94,2.41,6.87
20211116025758 ,HGDB,KS,HH,42.45,8.65,14.16,2.64,2.38
20211116025758 ,AMD,KS,HH,94.32,16.17,27.39,2.57,13.89
20211116115324 ,MANA,KS,HG,75.41,13.19,22.19,2.48,6.02
20211116115324 ,SIJA,KS,HG,77.45,13.65,22.81,2.35,5.44
20211116115324 ,GHR,KG,HG,92.35,16.1,26.93,2.37,7.75
20211116115324 ,HMPA,KS,HG,97.32,16.88,28.32,2.71,3.51
20211116115324 ,CSDB,KS,HH,98.7,17.13,28.92,2.65,3.79
20211116115324 ,WAN2,KS,EL,75.25,13.46,22.46,2.55,16
20211116115324 ,JAHA,KS,HG,96.36,16.76,28.25,2.55,5.18
20211116115324 ,BGD,KG,HH,71.84,12.74,21.22,2.4,8.14
20211116115324 ,IJDB,KS,HH,69.28,12.09,20.35,2.98,1.37
20211116115324 ,JODB,KS,HH,26.68,5.07,8.19,2.65,2.44
20211116115324 ,BGDB,KS,HG,32.14,5.99,9.92,3.06,1.68
20211116115324 ,HEDA,KS,HG,19.91,3.81,6.08,2.93,2.54
20211116115324 ,JDO2,KS,EL,40.3,7.38,12.22,3.37,10.07
20211116115324 ,HAWA,KS,HG,44.77,8.1,13.42,2.71,2.95
20211116115324 ,AJD,KG,HG,35.74,6.56,10.81,2.53,7.4
20211116115324 ,HUK2,KS,EL,47.24,8.45,14.08,2.49,5.53
20211116115324 ,MUN,KG,EL,67.06,11.92,19.88,2.94,1.8
20211116115324 ,HGDB,KS,HH,68.81,11.94,19.95,2.36,4.38
20211116115324 ,HTDA,KS,HG,57.45,10.1,16.99,2.5,3.02
20211116115324 ,MOPB,KS,HG,57.26,10.29,17.25,2.65,2.7
20211116115324 ,MJDB,KS,HH,52.2,9.23,15.73,2.17,6.3
20211116115324 ,HANB,KS,HH,62.51,11.2,18.75,2.62,6.79
20211116163911 ,PHA2,KS,EL,69.05,12.5,21.45,3.16,2.7
20211116163911 ,MSNA,KS,HG,73.25,13.28,22.21,3.19,2.95
20211116163911 ,BUS3,KS,HH,74.38,13.19,22.39,3.1,4.23
20211116163911 ,DAG2,KS,HH,78.76,14.18,24.01,3.23,3.38
20211116163911 ,MLGA,KS,HG,79.17,13.99,23.77,3.19,2.77
20211116163911 ,YOCB,KS,HH,80.93,14.51,24.63,3.22,2.31
20211116163911 ,CGDA,KS,HG,98.27,17.28,29.47,3.4,1.62
20211116163911 ,CGD,KG,EL,83,14.84,25.02,3.24,3.15
20211116163911 ,CHS,KG,HH,83.74,14.84,25.34,3.25,2.58
20211116163911 ,GGGA,KS,HG,85.12,14.75,25.38,3.05,1.92
20211116163911 ,BSAA,KS,HG,90.63,15.8,27.12,3.4,1.81
20211116163911 ,MIYA,KS,HG,93.58,16.52,27.94,3.4,1.89
20211116163911 ,JUCA,KS,HG,96.2,16.75,28.48,3.3,2.41
20211116163911 ,GSNA,KS,HG,68.49,12.51,21.08,3.19,2.75
20211116163911 ,JKJA,KS,HG,81.24,14.4,24.76,3.1,2.79
20211116163911 ,DES,KG,HH,68.17,12.49,21.42,3.11,5.22
20211116163911 ,GIGA,KS,HG,68.05,12.35,21.12,3.25,2.06
20211116163911 ,UNCA,KS,HG,51.85,9.73,16.36,3.25,2.31
20211116163911 ,BOG,KG,HG,50.4,9.57,16.09,3.1,2.58
20211116163911 ,HMGA,KS,HG,50.06,9.39,15.96,3.24,1.5
20211116163911 ,CGU,KG,HG,47.95,9.25,15.65,3.19,1.79
20211116163911 ,SIG,KG,HG,41.59,8.25,13.93,3.25,1.81
20211116163911 ,UNI,KG,HG,53.02,9.93,16.75,3.21,2.43
20211116163911 ,HAK,KG,HG,38.78,7.84,13.3,3.37,1.56
20211116163911 ,HDB,KG,HH,34.29,7.09,11.88,3.24,1.69
20211116163911 ,BBK,KG,EL,31.47,6.49,10.87,3.31,2.3
20211116163911 ,JEJB,KS,HG,29.84,6.36,10.64,3.46,1.28
20211116163911 ,YGBA,KS,HG,37.52,7.65,12.94,3.4,1.1
20211116163911 ,DUC,KG,HG,53.75,10.12,17.07,3.1,2.66
20211116163911 ,MKL,KG,HH,47.73,9.18,15.46,3.2,2.7
20211116163911 ,GGDA,KS,HG,56.14,10.55,17.9,3.27,1.6
20211116163911 ,YSB,KG,HH,65.14,11.85,19.97,3.19,2.21
20211116163911 ,HCH,KG,HH,62.28,11.66,20.06,3.25,2.49
20211116163911 ,MAK,KG,EL,61.97,11.3,19.08,3.24,3.48
20211116163911 ,PKNU,KG,HG,61.96,11.33,19.12,3.25,1.83
20211116163911 ,POHB,KG,HH,59.43,11.23,19.25,3.23,2.14
20211116163911 ,DKJ,KG,EL,66.86,12.3,20.81,2.99,3.93
20211116163911 ,USN2,KS,EL,57.81,10.81,18.27,3.2,4.22
20211116163911 ,POSB,KG,HH,57.56,10.75,18.22,3.06,1.65
20211116163911 ,GCN,KG,HG,59.04,11,18.62,3.09,2.96
20211118173508 ,GGDB,KS,HH,41.08,8.25,13.46,2.44,9.1
20211118173508 ,HTDA,KS,HG,77.97,14.41,23.83,2.98,4.6
20211118173508 ,MJDB,KS,HH,76.42,13.95,23.43,2.42,9.21
20211121201931 ,BOSB,KS,HH,80.67,14.51,23.99,2.95,6.37
20211121201931 ,JAHA,KS,HG,90.05,16.04,26.42,2.77,3.99
20211121201931 ,NOSA,KS,HG,89.75,15.94,26.52,2.75,3.39
20211121201931 ,MUN,KG,EL,89.28,15.6,25.93,2.57,6.32
20211121201931 ,SIJA,KS,HG,81.03,14.26,23.67,2.65,3.6
20211121201931 ,SECA,KS,HG,80.9,14.45,23.77,2.35,7.53
20211121201931 ,KMSB,KS,HH,77.78,14.04,23.07,2.5,5.65
20211121201931 ,DUSB,KS,HG,76.26,13.78,22.7,2.64,4.43
20211121201931 ,BLLA,KS,HG,76.16,13.65,22.8,2.6,5.93
20211121201931 ,BLGA,KS,HG,75.86,13.6,22.62,2.65,5.25
20211121201931 ,KCH2,KS,EL,75.5,13.7,22.56,2.49,13.86
20211121201931 ,GWYB,KS,HH,80.27,14.36,23.58,2.5,4.28
20211121201931 ,BUYB,KS,HH,90.16,15.98,26.55,2.75,10.48
20211121201931 ,AMD,KS,HH,99.74,17.48,29.09,2.51,13.38
20211121201931 ,HACA,KS,HG,90.9,15.95,26.82,2.65,4.43
20211121201931 ,MOPB,KS,HH,99.63,17.33,28.84,2.61,3.69
20211121201931 ,KH2B,KS,HH,97.27,17.1,28.22,2.45,11.79
20211121201931 ,GSU,KG,HH,97.25,17.14,28.42,2.65,4.23
20211121201931 ,LIWA,KS,HG,97.13,17.38,28.68,2.8,3.42
20211121201931 ,JGNA,KS,HG,96.14,17.06,28.4,2.55,6.99
20211121201931 ,KMC,KG,EL,94.54,16.82,27.88,2.38,9.98
20211121201931 ,CJDB,KS,HH,93.76,16.54,27.44,2.45,4.27
20211121201931 ,YDGA,KS,HG,92.44,16.5,27.22,2.65,5.28
20211121201931 ,JINA,KS,HG,92.1,16.09,26.93,2.65,5.53
20211121201931 ,GMNA,KS,HG,90.77,16,26.54,2.63,7.38
20211121201931 ,WID,KG,EL,75.22,13.41,22.22,2.5,6.37
20211121201931 ,JEO2,KS,HH,54.36,10.15,16.49,2.39,10.97
20211121201931 ,SACA,KS,HG,70.92,12.71,21.09,2.5,7.09
20211121201931 ,GOCB,KS,HG,49.74,9.12,14.91,2.34,5.22
20211121201931 ,WDL,KG,HG,49.44,9.26,14.95,2.34,7.17
20211121201931 ,JASA,KS,HG,43.24,8.28,13.46,2.48,6.08
20211121201931 ,CHOA,KS,HG,41.26,7.95,12.85,2.54,3.91
20211121201931 ,GRE,KG,EL,39.98,7.63,12.28,2.41,21.21
20211121201931 ,KWJ2,KS,HH,38.45,7.31,11.67,2.39,7.91
20211121201931 ,KWJU,KS,HH,38.45,7.32,11.68,2.01,14.59
20211121201931 ,SUCA,KS,HG,15.69,3.41,5.06,2.59,5.18
20211121201931 ,IMSB,KS,HH,23.86,4.97,7.76,2.38,6.35
20211121201931 ,IBA,KG,HG,26.6,5.27,8.29,2.54,5.78
20211121201931 ,TAIA,KS,HG,26.83,5.41,8.49,2.6,4.5
20211121201931 ,NAWB,KS,HH,28.61,5.77,9.14,2.42,7.91
20211121201931 ,GKSA,KS,HG,31.25,6.13,9.85,2.55,3.39
20211121201931 ,JAGA,KS,HG,33.99,6.46,10.33,2.43,4.5
20211121201931 ,JEU2,KS,EL,19.24,3.99,6.09,2.54,8.77
20211121201931 ,JLSA,KS,HG,51.69,9.68,15.8,2.65,6.39
20211121201931 ,MALA,KS,HG,37.76,7.32,11.8,2.49,9.23
20211121201931 ,SMWA,KS,HG,51.82,9.45,15.45,2.5,3.87
20211121201931 ,WICA,KS,HG,69.31,12.65,20.71,2.38,6.35
20211121201931 ,CGPA,KS,HG,68.84,12.32,20.41,2.8,3.72
20211121201931 ,NPR,KG,HH,66.94,12.15,20.05,2.51,6.93
20211121201931 ,IKSA,KS,HG,65.18,11.84,19.49,2.65,3.99
20211121201931 ,YEGA,KS,HG,62.25,11.18,18.43,2.2,9.18
20211121201931 ,BAU,KS,HG,61.75,11.35,18.52,2.47,18.21
20211121201931 ,HWSB,KG,HH,59.87,10.9,18,2.65,5.88
20211121201931 ,HMPA,KS,HG,59.31,10.58,17.46,2.33,7.64
20211121201931 ,HAMB,KS,HH,58.63,10.78,17.65,2.34,8.97
20211121201931 ,NAJA,KS,HG,57.47,10.35,17.04,2.44,5.57
20211121201931 ,ISGB,KS,HH,52.86,9.81,16.09,2.5,3.79
20211121201931 ,SMKB,KS,HH,56.2,10.31,16.88,2.65,5.19
20211121201931 ,DGHA,KS,HG,58.28,10.76,17.61,2.64,4.93
20211121201931 ,MNDB,KS,HH,58.03,10.5,17.18,2.55,6
20211121201931 ,SCHA,KS,HG,57.11,10.46,17.09,2.25,9.1
20211121201931 ,JRB,KG,HH,57.47,10.5,17.22,2.41,12.56
20211204033322 ,BAR2,KS,HH,20.34,4.87,8.04,3.07,1.88
20211204033322 ,DACB,KS,HH,28.4,6.25,10.21,2.5,3.94
20211204033322 ,BRS,KG,HG,21.29,5.14,8.49,2.8,2.72
20211209015747 ,HGDB,KS,HH,99.71,17.33,29.19,3.06,1.99
20211209015747 ,HEDA,KS,HG,97.43,16.89,28.7,3.06,4.2
20211209015747 ,MJDB,KS,HH,41.06,8.02,13.2,2.82,7.57
20211209015747 ,GGDB,KS,HH,43.13,8.18,13.6,2.74,9.1
20211209015747 ,HTDA,KS,HG,63.89,11.58,19.47,2.66,6.69
20211209015747 ,JODB,KS,HH,71.74,12.79,21.38,2.67,12.24
20211209015747 ,HA2B,KS,HH,86.57,15.09,25.33,2.94,3.36
20211209015747 ,GOS2,KS,EL,87.04,15.67,26.19,3.69,0.99
20211209015747 ,HUK2,KS,EL,93.56,16.37,27.61,3.07,5.73
20211214081914 ,UDO,KS,HH,88.72,15.95,27.03,4.72,1.04
20211214081914 ,PYSB,KS,HH,68.57,12.72,21.14,4.71,0.77
20211214081914 ,JJU2,KS,HH,53.03,10.35,17.41,4.74,1.56
20211214081914 ,SGP2,KS,HH,38.02,7.91,13.03,4.71,1.13
20211214081914 ,HA2B,KS,HG,36.19,7.61,12.61,4.75,1.13
20211214081914 ,GOS2,KS,EL,24.74,5.97,9.58,4.73,1.32
20211214081914 ,MRD,KG,HH,14.37,4.13,6.61,4.7,1.46
20211215060647 ,UDO,KS,HH,86.64,15.47,26.36,2.95,4.19
20211215060647 ,GUJA,KS,HG,72.77,13.33,22.48,3.1,2.64
20211215060647 ,MRD,KG,HH,14.96,3.52,5.28,3.06,5.18
20211215060647 ,HA2B,KS,HH,31.4,7.04,11.53,3.4,2.29
20211215060647 ,JJU2,KS,HH,49.93,9.89,16.56,3.15,3.95
20211215060647 ,JJB,KG,HH,59.28,11.29,18.99,3.1,2.31
20211215130214 ,NOSA,KS,HG,82.32,15.09,24.65,2.61,6.26
20211215130214 ,WDL,KG,HG,86.44,15.67,25.72,2.74,7.86
20211215130214 ,BON2,KS,EL,84.72,15.44,25.17,2.81,11.83
20211215130214 ,SNNA,KS,HG,87.72,15.65,25.98,2.6,8.9
20211215130214 ,GUWB,KS,HH,84.23,15.24,25.29,2.47,17.29
20211215130214 ,GKSA,KS,HG,81.7,14.99,24.41,2.7,7.91
20211215130214 ,BAU,KS,EL,79.09,14.4,23.57,2.71,32.37
20211215130214 ,CGDA,KS,HG,80.63,14.56,23.93,2.77,4.5
20211215130214 ,CLSA,KS,HG,79.16,14.32,23.54,2.77,5.12
20211215130214 ,DNBA,KS,HG,88,15.82,26.07,2.76,3.71
20211215130214 ,DAGA,KS,HG,78.32,14.19,23.45,2.7,6.32
20211215130214 ,TJN,KG,HH,77.15,14.22,23.11,2.41,10.6
20211215130214 ,ISGB,KS,HH,76.95,14.23,23.17,2.62,8.21
20211215130214 ,SAJB,KS,HH,76.4,13.91,22.83,2.63,5.06
20211215130214 ,TAIA,KS,HG,80.68,14.89,24.22,2.5,7.21
20211215130214 ,GACA,KS,HG,88.61,15.75,26.39,2.58,7.68
20211215130214 ,NPR,KG,HH,89.36,16.18,26.67,2.69,13.46
20211215130214 ,DAG2,KS,HH,99.72,17.47,29.3,2.68,12.07
20211215130214 ,MGY2,KS,HG,99.18,17.72,29.67,3,4.09
20211215130214 ,PUAA,KS,HG,98.7,17.84,29.41,2.63,6.77
20211215130214 ,CGWB,KS,HH,98.69,17.48,28.98,2.76,6.45
20211215130214 ,CGD,KG,EL,97.03,17.18,28.74,2.59,13.89
20211215130214 ,CE2A,KS,HG,96.88,17.41,28.59,2.77,5.22
20211215130214 ,KOJ2,KS,EL,96.36,17.36,28.46,2.55,7.91
20211215130214 ,BUYB,KS,HH,96.17,17.33,28.62,2.76,13.58
20211215130214 ,GWYB,KS,HH,94.94,16.9,27.98,2.81,5.11
20211215130214 ,IBA,KG,HG,94.87,17.19,28.18,2.76,5.47
20211215130214 ,SCHA,KS,HG,94.51,16.92,28.03,2.9,5.73
20211215130214 ,MIYA,KS,HG,92.26,16.33,27.17,2.9,4.5
20211215130214 ,SUCA,KS,HG,76.34,14.1,22.85,2.65,5.5
20211215130214 ,HONA,KS,HG,76.07,13.98,22.61,2.46,7.64
20211215130214 ,JLSA,KS,HG,50.92,9.78,15.65,2.67,9.75
20211215130214 ,HACA,KS,HG,50.9,9.64,15.76,2.65,4.19
20211215130214 ,JEO2,KS,HH,49.68,9.72,15.41,2.76,6.56
20211215130214 ,KMSB,KS,HH,46.4,9.1,14.4,2.79,3.71
20211215130214 ,SACA,KS,HG,43.59,8.41,13.52,2.69,5.71
20211215130214 ,GICA,KS,HG,43.42,8.43,13.4,2.68,5.81
20211215130214 ,HCNA,KS,HG,42.94,8.43,13.5,2.92,4.06
20211215130214 ,MALA,KS,HG,42.4,8.48,13.41,2.49,6.97
20211215130214 ,YALB,KS,HH,37.59,7.41,11.76,2.77,5
20211215130214 ,GSU,KG,HH,76.08,13.65,22.66,2.71,4.5
20211215130214 ,WICA,KS,HG,11.94,3.03,4.17,2.65,9.45
20211215130214 ,DUSB,KS,HH,15.49,3.73,5.37,2.8,4.83
20211215130214 ,DGHA,KS,HG,23.52,5.24,7.9,2.8,4.08
20211215130214 ,KCH2,KS,EL,24.43,5.33,8.13,2.74,9.1
20211215130214 ,JGNA,KS,HG,26.34,5.53,8.49,2.75,8.69
20211215130214 ,KMC,KG,EL,27.26,5.71,8.79,2.62,13.89
20211215130214 ,JASA,KS,HG,30.95,6.52,10.17,2.77,5.35
20211215130214 ,YDGA,KS,HG,35.03,7.13,11,2.67,7.75
20211215130214 ,CPR2,KS,HG,51.26,9.74,15.67,2.65,9.5
20211215130214 ,IMSB,KS,HH,51.54,10.05,15.94,2.46,9.1
20211215130214 ,TEJ2,KS,HG,75.91,14.06,22.9,2.8,7.57
20211215130214 ,GKP2,KG,HH,74.4,13.52,22.21,2.75,5.5
20211215130214 ,HWSA,KS,HG,74.1,13.56,22.28,2.68,5.58
20211215130214 ,IKSA,KS,HG,73.69,13.66,22.37,2.72,5.96
20211215130214 ,EURB,KS,HH,68.89,12.57,20.64,2.49,8.5
20211215130214 ,CHRB,KS,HH,68.36,12.52,20.47,2.8,7.57
20211215130214 ,GRE,KG,EL,67.72,12.64,20.46,2.59,24.42
20211215130214 ,JRB,KG,HH,66.41,12.25,19.92,2.63,11.46
20211215130214 ,CHOA,KS,HG,62.77,11.92,19.16,2.71,5.18
20211215130214 ,OKCB,KS,HH,62.71,11.68,18.82,2.5,5.78
20211215130214 ,CIGB,KS,HH,60.18,11.16,18.08,2.52,7.62
20211215130214 ,BLGA,KS,HG,60.08,11.39,18.38,2.78,5.73
20211215130214 ,NAWB,KS,HG,55.78,10.68,17.06,2.57,7.95
20211215130214 ,LIWA,KS,HG,54.47,10.4,16.61,2.59,4.5
20211215130214 ,YGAA,KS,HG,52.56,9.96,16.09,2.7,5.18
20211215130214 ,GUMA,KS,HG,67,12.31,20.14,2.65,5.53
20211215130214 ,HAMB,KS,HH,32.84,6.76,10.45,2.74,6.67
20211216212210 ,PYSB,KS,HH,65.52,11.6,19.83,3.31,2.56
20211216212210 ,UDO,KS,HH,85.38,14.81,25.49,3.25,4.75
20211216212210 ,MRD,KG,HH,12.83,3.27,5.16,3.08,5.47
20211216212210 ,GOS2,KS,EL,21.79,4.92,7.93,3.25,4.36
20211216212210 ,HA2B,KS,HH,32.66,6.48,10.76,3.43,3.53
20211216212210 ,SGP2,KS,HH,34.9,6.85,11.26,3.32,4.58
20211216212210 ,JJU2,KS,HH,49.42,9.24,15.66,3.44,5.68
20211216212210 ,JJB,KG,HH,58.45,10.6,18.2,3.23,3.4
20220127214653 ,SIJA,KS,HG,88.08,15.55,25.97,2.64,5.41
20220127214653 ,WDL,KG,HG,81.87,14.44,24.13,2.61,7.91
20220127214653 ,NAJA,KS,HG,85.31,15.1,25.17,2.75,5
20220127214653 ,BAU,KS,EL,86.29,15.24,25.49,2.61,27.16
20220127214653 ,GMNA,KS,HG,87.73,15.25,25.51,2.6,6.87
20220127214653 ,KWJU,KS,HH,92.62,16.37,27.08,2.2,22.47
20220127214653 ,KWJ2,KS,HH,92.62,16.35,27.07,2.55,12.07
20220127214653 ,GKSA,KS,HG,96.22,16.84,28.32,2.8,5.16
20220127214653 ,MOPB,KS,HH,98.32,17.39,28.88,2.05,15.15
20220127214653 ,JRB,KG,HH,99.07,17.05,28.78,2.77,6.71
20220127214653 ,HWSB,KG,HH,77.33,13.93,23.1,2.55,7.11
20220127214653 ,GWYB,KS,HH,73.75,13.13,21.72,2.59,9.1
20220127214653 ,CHDA,KS,HG,18.43,3.76,5.77,2.61,7.68
20220127214653 ,KKDA,KS,HG,21.38,4.47,6.93,2.48,9.13
20220127214653 ,NLDA,KS,HG,25.71,5.28,8.23,2.71,5.96
20220127214653 ,KH2B,KS,HH,29.42,5.91,9.37,2.62,8.02
20220127214653 ,GMDB,KS,HH,37.87,7.1,11.38,2.59,7.68
20220127214653 ,GHR,KG,HG,40.29,7.63,12.39,2.3,8.95
20220127214653 ,CSDB,KS,HH,43.92,8.22,13.29,2.53,5.33
20220127214653 ,BOSB,KS,HH,45.49,8.57,14.1,2.53,32.37
20220127214653 ,NAHA,KS,HG,76.52,13.56,22.43,2.7,5.52
20220127214653 ,YNDB,KS,HH,47.66,8.73,14.21,2.31,9.1
20220127214653 ,JAHA,KS,HG,50.7,9.43,15.37,2.39,7.44
20220127214653 ,YSDA,KS,HG,55.97,10.08,16.54,2.47,7.59
20220127214653 ,BLLA,KS,HG,57.76,10.63,17.52,2.93,4.3
20220127214653 ,CGPA,KS,HG,64.58,11.78,19.43,2.57,4.58
20220127214653 ,WAN2,KS,EL,55.99,10.25,16.9,2.61,32.37
20220127214653 ,MNDB,KS,HH,68.13,12.26,20.15,2.5,8.21
20220127214653 ,YOA,KS,EL,68.45,12.38,20.4,2.62,20.85
20220127214653 ,HANB,KS,HH,70.91,12.77,21.3,2.79,8.92
20220127214653 ,SCHA,KS,HG,73.06,13,21.64,2.5,10.45
20220202030455 ,CSOA,KS,HG,75.26,13.71,22.71,2.78,4.51
20220202030455 ,BSAA,KS,HG,73.62,13.44,22.56,2.7,3.39
20220202030455 ,YALB,KS,HH,72.77,13.24,22.05,2.76,4.27
20220202030455 ,CGWB,KS,HH,72.48,13.28,22.05,2.8,4.21
20220202030455 ,JNHA,KS,HG,71.47,13.16,21.91,3.1,2.18
20220202030455 ,USN2,KS,EL,15.78,4.92,7.54,2.58,8.95
20220202030455 ,HMGA,KS,HG,66.11,12.38,20.48,2.65,5.16
20220202030455 ,PHA2,KS,EL,63.51,12.05,19.78,2.8,6.54
20220202030455 ,EUSB,KS,HH,76.34,13.72,22.9,2.48,6.23
20220202030455 ,GUWB,KS,HH,63.28,11.87,19.51,2.64,14.02
20220202030455 ,JKJA,KS,HG,62.19,11.66,19.33,2.92,5.28
20220202030455 ,CLSA,KS,HG,60.98,11.48,18.93,2.77,4.13
20220202030455 ,CIGB,KS,HH,66.19,12.27,20.25,2.75,6.87
20220202030455 ,HCNA,KS,HG,76.88,14.03,23.31,2.65,4.41
20220202030455 ,GDDB,KS,HH,82.63,14.75,24.76,2.62,4.27
20220202030455 ,KMC,KG,EL,99.64,17.61,29.63,2.81,9.29
20220202030455 ,YODB,KS,HH,98.32,17.45,29.21,3.12,2.05
20220202030455 ,KCH2,KS,EL,98.21,17.2,29,2.74,9.9
20220202030455 ,GACA,KS,HG,92.05,16.32,27.17,2.79,4.01
20220202030455 ,SKBA,KS,HG,91.07,16.14,27.01,2.92,4.03
20220202030455 ,ADO2,KS,EL,77.53,14.06,23.29,2.68,32.37
20220202030455 ,YGJA,KS,HG,90.1,15.98,26.87,2.85,3.19
20220202030455 ,JGNA,KS,HG,87.41,15.73,26.22,2.99,4.52
20220202030455 ,GUMA,KS,HG,85.7,15.32,25.62,2.78,3.77
20220202030455 ,OJR,KG,HG,59.74,11.2,18.47,2.65,6.26
20220202030455 ,GGGA,KS,HG,80.66,14.7,24.32,2.8,3.94
20220202030455 ,GICA,KS,HG,90.22,16.15,26.81,2.69,5.65
20220202030455 ,YGAA,KS,HG,59.19,11.26,18.6,2.77,4.25
20220202030455 ,DES,KG,HH,56.4,10.94,17.97,2.78,8.4
20220202030455 ,YGBA,KS,HG,38.16,8.15,13.22,3.23,1.79
20220202030455 ,UNCA,KS,HG,37.2,7.87,12.55,2.79,4.08
20220202030455 ,DAGA,KS,HG,36.6,7.88,12.46,2.79,4.96
20220202030455 ,GGDA,KS,HG,36.26,7.71,12.27,2.91,4.5
20220202030455 ,MIYA,KS,HG,35.18,7.65,12.25,2.85,3.07
20220202030455 ,SIG,KG,HG,32.41,7.23,11.45,2.95,3.23
20220202030455 ,CGDA,KS,HG,31.26,7.09,11.26,3.05,1.97
20220202030455 ,YSB,KG,HH,30.78,6.92,10.91,2.92,3.42
20220202030455 ,YOCB,KS,HH,30.43,6.76,10.82,2.79,3.31
20220202030455 ,CGU,KG,HG,29.36,6.75,10.65,2.9,4.35
20220202030455 ,DKJ,KG,EL,29.13,6.65,10.49,2.65,10.33
20220202030455 ,UNI,KG,HG,25.97,6.21,9.75,2.73,4.45
20220202030455 ,MKL,KG,HH,24.93,6.08,9.47,2.83,4.85
20220202030455 ,BOG,KG,HG,22.11,5.7,8.82,2.67,3.96
20220202030455 ,CGD,KG,EL,20.83,5.49,8.58,2.65,7.97
20220202030455 ,GCN,KG,HG,19.77,5.36,8.2,2.82,3.1
20220202030455 ,DUC,KG,HG,19.74,5.34,8.21,2.65,3.9
20220202030455 ,MSNA,KS,HG,18,5.21,8.05,2.75,6.87
20220202030455 ,HDB,KG,HH,38.36,8.08,12.94,2.86,2.56
20220202030455 ,GKP2,KG,HH,40.73,8.47,13.42,2.73,3.91
20220202030455 ,CHRB,KS,HH,51.74,10.07,16.5,2.6,6.34
20220202030455 ,POHB,KG,HH,52.46,10.51,17.21,3.12,3.05
20220202030455 ,HAK,KG,HG,52.61,10.41,16.96,3.06,2.95
20220202030455 ,BUS3,KS,HH,54.4,10.55,17.22,2.7,5.18
20220202030455 ,PKNU,KG,HG,55.17,10.6,17.42,2.78,2.63
20220202030455 ,JNYA,KS,HG,55.42,10.7,17.56,2.86,4.16
20220202030455 ,JUCA,KS,HG,55.91,10.7,17.71,2.8,3.9
20220202030455 ,CHS,KG,HH,52.88,10.26,16.69,2.79,6.65
20220202030455 ,HCH,KG,HH,49.99,10.12,16.49,3.16,4.19
20220202030455 ,JEJB,KS,HH,42.99,8.82,13.79,2.71,4.16
20220202030455 ,MAK,KG,EL,43.5,8.84,14.35,2.75,6.34
20220202030455 ,GIGA,KS,HG,44.23,8.85,14.3,2.76,4.62
20220202030455 ,SNNA,KS,HG,45.57,9.16,14.66,2.82,4.85
20220202030455 ,POSB,KG,HH,45.76,9.21,14.9,2.79,5.19
20220202030455 ,MLGA,KS,HG,46.44,9.23,15.08,2.66,5.11
20220202030455 ,BBK,KG,EL,44.39,8.99,14.62,3.08,2.51
20220203174744 ,YOW2,KS,EL,97.28,16.83,28.98,2.69,7.49
20220203174744 ,BUSA,KS,HG,89.82,15.73,26.61,2.65,4.26
20220203174744 ,YEYB,KS,HH,95.38,16.24,27.91,2.96,1.98
20220203174744 ,PYCB,KS,HH,99.33,16.9,29.36,2.98,2.35
20220203174744 ,YAYB,KS,HH,97.41,16.71,28.83,2.65,2.61
20220203174744 ,YODB,KS,HH,98.23,16.48,28.5,2.95,1.59
20220203174744 ,SNDA,KS,HG,83.29,14.56,25.11,2.8,4.15
20220203174744 ,JAEA,KS,HG,82.56,14.34,24.41,2.59,4.47
20220203174744 ,JMJ2,KS,EL,85.24,14.75,25.37,3.35,7.91
20220203174744 ,IMWB,KS,HH,26.2,5.26,8.95,2.67,9.48
20220203174744 ,TOHA,KS,HG,37.19,7.11,12.15,2.64,2.89
20220203174744 ,SNGB,KS,HH,39.48,7.45,12.75,2.52,3.96
20220203174744 ,GAGA,KS,HG,44.41,8.23,13.93,2.65,3.16
20220203174744 ,UJNA,KS,HG,48.16,8.55,14.63,2.5,3.52
20220203174744 ,OKEB,KS,HH,53.31,9.64,16.33,2.59,4.86
20220203174744 ,LMGA,KS,HG,58.75,10.59,18.06,2.49,5.78
20220203174744 ,TBA2,KS,HG,62.7,10.87,18.56,2.49,11.39
20220203174744 ,GGSA,KS,HG,62.89,11.07,18.91,2.47,5.9
20220203174744 ,DGY2,KS,HH,80.77,14.09,24.09,2.75,5.18
20220203174744 ,ULJ2,KS,HH,79.72,13.55,23.37,2.5,4.75
20220203174744 ,JESA,KS,HG,75.45,13.25,22.8,2.5,6.16
20220203174744 ,SUBA,KS,HG,74.88,12.86,22.03,2.5,5.47
20220203174744 ,CHYB,KS,HH,74.65,13.15,22.24,2.46,6.48
20220203174744 ,GWLA,KS,HG,65.37,11.75,20.18,2.65,3.66
20220203174744 ,KAWA,KS,HG,73.23,12.81,21.98,2.77,3.22
20220208065713 ,HUK2,KS,EL,56.38,10.24,17.39,2.74,8.79
20220208065713 ,HGDB,KS,HH,43.48,8.09,13.6,3,2.68
20220208065713 ,AMD,KS,HH,93.95,15.59,26.86,2.99,8.33
20220208065713 ,IJDB,KS,HH,92.27,15.62,26.61,2.97,3.81
20220208065713 ,BGDB,KS,HH,88.07,15.29,26.04,2.97,4.74
20220208065713 ,HTDA,KS,HG,79.07,13.83,23.38,2.96,4.51
20220210082034 ,NPR,KG,HH,87.73,15.96,26.51,2.71,10.48
20220210082034 ,MALA,KS,HG,85.84,15.4,25.73,2.59,6.56
20220210082034 ,BGDB,KS,HH,82.7,15,24.92,2.51,6.16
20220210082034 ,ISGB,KS,HH,80.15,14.76,24.41,2.29,10.36
20220210082034 ,BOSB,KS,HG,82.07,14.93,24.64,2.79,3.81
20220210082034 ,HEDA,KS,HG,91.69,16.37,27.46,2.8,4.81
20220210082034 ,GRE,KG,EL,78.26,14.49,23.66,2.68,9.16
20220210082034 ,HANB,KS,HG,82.3,14.83,24.79,2.65,5.19
20220210082034 ,BLLA,KS,HG,93.16,16.87,28.25,2.88,5.18
20220210082034 ,JASA,KS,HG,94.28,16.69,28.2,2.45,9.1
20220210082034 ,JDO2,KS,EL,94.38,16.77,28.31,3.49,11.2
20220210082034 ,CHOA,KS,HG,78.21,14.41,23.77,2.76,4.22
20220210082034 ,BAU,KS,EL,94.54,16.97,28.4,2.55,28.12
20220210082034 ,IKSA,KS,HG,95.96,17.28,28.81,2.35,11.83
20220210082034 ,SECA,KS,HG,96.19,17.27,28.82,2.64,7.38
20220210082034 ,JRB,KG,HH,96.49,17.25,28.63,2.67,7.7
20220210082034 ,JLSA,KS,HG,97.01,17.33,28.83,2.6,12
20220210082034 ,KH2B,KS,HH,97.84,17.45,28.89,2.55,10.6
20220210082034 ,CJDB,KS,HH,98.75,17.69,29.36,2.52,3.57
20220210082034 ,GHR,KG,HG,94.04,16.85,27.98,2.49,5.08
20220210082034 ,JEO2,KS,HH,96.55,17.16,28.92,2.6,11.2
20220210082034 ,SCHA,KS,HG,77.7,14.31,23.73,2.5,10.63
20220210082034 ,WID,KG,EL,45.86,9.33,14.89,2.54,7.91
20220210082034 ,HWSB,KG,HH,45.85,9.34,14.99,2.3,10.48
20220210082034 ,MUN,KG,EL,45.8,9.18,14.82,2.46,7.25
20220210082034 ,SMKB,KS,HH,45.5,9.24,14.85,2.53,10.33
20220210082034 ,HMPA,KS,HG,19.45,5.35,8.2,2.47,10.01
20220210082034 ,JAGA,KS,HG,22.67,5.85,9.08,2.5,7.4
20220210082034 ,SMWA,KS,HG,28.23,6.6,10.33,2.65,3.74
20220210082034 ,IBA,KG,HG,31.24,7.1,11.21,2.55,7.91
20220210082034 ,MANA,KS,HG,36.65,7.79,12.41,2.2,12.53
20220210082034 ,NAJA,KS,HG,37.71,8,12.83,2.22,15.59
20220210082034 ,JEU2,KS,EL,39.51,8.27,13.17,2.4,32.37
20220210082034 ,KWJ2,KS,HH,40.51,8.44,13.52,2.57,16
20220210082034 ,KWJU,KS,HH,40.52,8.44,13.52,2.25,30.48
20220210082034 ,NAWB,KS,HH,75.39,13.81,22.69,2.26,10.48
20220210082034 ,SIJA,KS,HG,44.91,9.03,14.56,2.36,10.1
20220210082034 ,PUAA,KS,HG,51.1,10.1,16.34,2.33,9.73
20220210082034 ,TAIA,KS,HG,51.61,10.17,16.6,2.55,7.07
20220210082034 ,WDL,KG,HG,74.92,13.84,22.72,2.47,10.24
20220210082034 ,AJD,KG,EL,74.34,13.61,22.56,2.59,13.5
20220210082034 ,NACA,KS,HG,73.96,13.71,22.67,2.2,12.93
20220210082034 ,JAHA,KS,HG,73.86,13.56,22.3,2.47,6.02
20220210082034 ,HAWA,KS,HG,73.4,13.54,22.32,2.58,7.91
20220210082034 ,IMSB,KS,HH,73.26,13.29,22.17,2.4,7.91
20220210082034 ,SUCA,KS,HG,51.71,9.99,16.34,2.43,8.79
20220210082034 ,MNDB,KS,HH,64,12.01,19.55,2.25,21.21
20220210082034 ,YOA,KS,EL,60.57,11.45,18.78,2.44,28.12
20220210082034 ,GKSA,KS,HG,59.02,11.31,18.47,2.62,4.4
20220210082034 ,CGPA,KS,HG,58.38,11.25,18.51,2.4,7.91
20220210082034 ,MOPB,KS,HH,56.73,10.91,17.7,2.76,2.56
20220210082034 ,IJDB,KS,HH,53.07,10.26,16.68,2.1,11.1
20220210082034 ,AMD,KS,HH,52.22,10.16,16.55,2.62,16.7
20220224030710 ,NAHA,KS,HG,96.24,17.03,28.6,2.8,3.52
20220224030710 ,JAHA,KS,HG,98.7,17.2,29.66,2.8,3.4
20220224030710 ,BGD,KG,HH,97.63,16.49,28.3,2.52,12.56
20220224030710 ,BLLA,KS,HG,97.13,17.08,29.16,2.65,4.82
20220224030710 ,YKDB,KS,HH,93.93,16.18,27.71,2.44,13.89
20220224030710 ,GMDB,KS,HH,29.94,6.37,10.42,2.19,22.27
20220224030710 ,CHDA,KS,HG,42.14,8.52,14.2,2.31,11.79
20220224030710 ,YNDB,KS,HH,52.74,10.23,17.07,2.46,17.59
20220224030710 ,NLDA,KS,HG,60.97,11.65,19.45,2.65,4.88
20220224030710 ,KKDA,KS,HG,67.17,12.24,20.81,2.47,8.25
20220224030710 ,CSDB,KS,HH,67.92,12.21,20.46,3.1,2.79
20220224030710 ,YSDA,KS,HG,62.68,11.09,18.68,2.69,5.81
20220224030710 ,KH2B,KS,HH,75.13,13.6,22.94,2.46,6.87
20220224030710 ,UDO,KS,HH,79.83,13.3,22.64,2.65,4.96
20220224030710 ,YESA,KS,HG,83.8,15.16,25.43,2.5,6.05
20220224030710 ,GHR,KG,HG,84.03,14.84,25.26,2.63,5.13
20220224030710 ,BOSB,KS,HG,92.08,16.19,27.53,2.2,16.14
20220224030710 ,WAN2,KS,EL,93.44,16.16,27.74,2.9,21.21
20220305131621 ,EMSB,KS,HH,79.01,13.73,23.1,2.49,7.21
20220305131621 ,KMC,KG,EL,86.27,14.92,24.92,2.7,8.37
20220305131621 ,TAIA,KS,HG,84.55,14.48,24.3,2.65,6.08
20220305131621 ,HAWB,KS,HH,83.96,14.71,25.03,2.19,11.46
20220305131621 ,PUAA,KS,HG,82.8,14.31,24.04,2.82,4.74
20220305131621 ,HWSA,KS,HG,73.92,12.88,21.41,2.2,8.25
20220305131621 ,CPR2,KS,EL,78.55,13.61,22.85,2.55,7.15
20220305131621 ,SES2,KS,HH,75.71,13.3,22.22,2.43,32.37
20220305131621 ,MALA,KS,HG,74.93,12.97,21.52,2.53,5.02
20220305131621 ,ANMA,KS,HG,74.25,13.11,21.59,2.71,5.42
20220305131621 ,DGHA,KS,HG,73.94,12.9,21.4,2.54,6.61
20220305131621 ,CHJ3,KS,HH,93.18,16.05,26.83,2.55,7.62
20220305131621 ,YIN,KG,EL,89.02,15.56,25.85,2.53,8.87
20220305131621 ,AGSA,KS,HG,99.15,17.08,28.73,2.8,3.85
20220305131621 ,NJDA,KS,HG,97.31,16.93,28.26,2.46,7.64
20220305131621 ,WICA,KS,HG,95.42,16.38,27.27,2.65,5.11
20220305131621 ,TANB,KS,HH,94.98,16.38,27.16,2.63,9.29
20220305131621 ,GICA,KS,HG,94.35,16.24,27.11,2.8,4.46
20220305131621 ,IMSB,KS,HH,87.97,15.06,25.09,2.39,9.1
20220305131621 ,SMKB,KS,HH,93.93,16.05,27.46,2.59,7.91
20220305131621 ,SAJB,KS,HH,92.74,15.91,26.52,2.61,3.96
20220305131621 ,WNBA,KS,HG,92.28,16.08,27.02,2.65,7.01
20220305131621 ,SLSA,KS,HG,90.24,15.78,26.19,2.77,5.7
20220305131621 ,JASA,KS,HG,89.18,15.42,25.92,2.55,6.03
20220305131621 ,DGJA,KS,HG,72.61,12.91,21.41,2.49,6.02
20220305131621 ,DUSB,KS,HH,80.47,13.99,23.19,2.47,5.35
20220305131621 ,NACA,KS,HG,69.5,12.07,20.3,2.62,6.56
20220305131621 ,NPR,KG,HH,46.35,8.38,13.79,2.53,12.49
20220305131621 ,KMSB,KS,HH,45.75,8.28,13.66,2.67,4.51
20220305131621 ,CE2A,KS,HG,44.39,8.17,13.37,2.65,5.25
20220305131621 ,HONA,KS,HG,41.97,7.71,12.84,2.5,6.5
20220305131621 ,IKSA,KS,HG,38.53,7.15,11.69,2.47,8.16
20220305131621 ,JNUA,KS,HG,35.41,6.79,11.06,2.71,5.18
20220305131621 ,LIWA,KS,HG,47.27,8.56,14.17,2.65,4.13
20220305131621 ,NOSA,KS,HG,15.47,3.56,5.6,2.45,6.83
20220305131621 ,TJN,KG,HH,23.1,4.71,7.56,2.49,6.12
20220305131621 ,TEJ2,KS,HG,23.94,4.85,7.83,2.6,8.9
20220305131621 ,BUYB,KS,HH,24.95,5.02,8.08,2.5,13.93
20220305131621 ,YUGA,KS,HG,25.44,5.26,8.37,2.42,7.91
20220305131621 ,CGYA,KS,HG,33.27,6.42,10.46,2.7,5.39
20220305131621 ,BLGA,KS,HG,33.42,6.3,10.36,2.55,4.5
20220305131621 ,HKU,KG,HH,33.63,6.46,10.51,2.54,4.74
20220305131621 ,SECA,KS,HG,44.85,8.13,13.32,2.49,6.41
20220305131621 ,YDGA,KS,HG,68.96,12.08,20.16,2.8,3.58
20220305131621 ,CGAA,KS,HG,64.7,11.41,19.03,2.68,6.81
20220305131621 ,BON2,KS,EL,63.2,11.21,18.56,2.4,16.75
20220305131621 ,CHOA,KS,HG,61.78,10.79,18.07,2.74,4.92
20220305131621 ,HSB,KG,HH,48.96,8.97,14.76,2.54,6.87
20220305131621 ,JNPA,KS,HG,60.15,10.71,17.89,2.48,5.76
20220305131621 ,CJDB,KS,HH,59.96,10.6,17.67,2.35,9.67
20220305131621 ,GLSA,KS,HG,55.46,9.93,16.49,2.39,10.48
20220305131621 ,KOJ2,KS,EL,13.5,3.37,5.21,2.38,9.64
20220305131621 ,OKCB,KS,HH,60.75,10.7,17.69,2.3,4.27
20220305131621 ,ISGB,KS,HH,53.4,9.51,15.69,2.53,6.35
20220305131621 ,YSAB,KS,HH,49.18,9.07,14.77,2.17,10.48
20220305131621 ,CEA2,KS,EL,50.39,9.27,15.18,2.6,13.89
20220305131621 ,HGSA,KS,HG,50.52,9.22,15.27,2.49,7.88
20220305131621 ,BOGA,KS,HG,72.11,12.81,21.15,2.75,3.91
20220305131621 ,PORA,KS,HG,52.8,9.43,15.71,2.35,9.61
20220305131621 ,JEO2,KS,HH,53.21,9.52,15.64,2.5,11.62
20220305131621 ,ASNA,KS,HG,50.7,9.27,15.24,2.29,10.07
20220306094032 ,YEYB,KS,HH,86.59,15.16,25.65,2.76,3.01
20220306094032 ,BUSA,KS,HG,86.87,15.41,25.6,2.86,3.49
20220306094032 ,YODB,KS,HH,87.56,15.27,25.92,3.05,1.93
20220306094032 ,DGY2,KS,HH,88,15.23,25.81,2.75,5.18
20220306094032 ,SKBA,KS,HG,93.79,16.34,27.63,2.95,2.66
20220306094032 ,YEAB,KS,HH,93.07,16.2,27.46,2.92,2.46
20220306094032 ,JMJ2,KS,EL,94.43,16.38,27.76,3.68,5.7
20220306094032 ,PGEA,KS,HG,97.83,17.07,28.65,3,2.73
20220306094032 ,YOW2,KS,EL,97.67,17.16,28.66,2.85,7.49
20220306094032 ,KAWA,KS,HG,82.32,14.44,24.23,2.92,3.88
20220306094032 ,SNDA,KS,HG,84.51,14.89,25.02,2.95,4.33
20220306094032 ,IMWB,KS,HH,21.74,4.9,7.91,2.84,7.95
20220306094032 ,UJNA,KS,HG,38.3,7.47,12.31,2.64,4.36
20220306094032 ,GAGA,KS,HG,39.7,7.75,12.67,2.8,3.74
20220306094032 ,KNUD,KG,HH,41.56,8.1,13.33,3.04,4.27
20220306094032 ,SNGB,KS,HH,41.64,7.97,13.18,3.01,2.45
20220306094032 ,GGSA,KS,HG,55.43,10.2,16.93,2.8,3.74
20220306094032 ,TBA2,KS,HG,60.23,10.57,17.57,2.89,6.52
20220306094032 ,OKEB,KS,HH,61.18,10.98,18.23,2.8,4.38
20220306094032 ,TOHA,KS,HG,44,8.48,13.82,2.68,4.43
20220306094032 ,JSB,KG,HH,76.42,13.6,22.71,2.8,4.59
20220306094032 ,JESA,KS,HG,78.8,14.08,23.66,2.71,5.96
20220306094032 ,LMGA,KS,HG,63.97,11.39,19.23,2.69,4.88
20220306094032 ,JAEA,KS,HG,75.45,13.48,22.54,2.8,4.31
20220306094032 ,GWLA,KS,HG,65.3,11.95,19.88,3.09,2.1
20220306094032 ,SUBA,KS,HG,65.81,11.77,19.76,2.65,6.02
20220306094032 ,CHYB,KS,HH,69.57,12.56,20.9,2.95,2.72
20220306094032 ,SND,KG,HH,68.86,12.46,20.87,2.74,5.96
20220306094032 ,ULJ2,KS,HH,69.21,12.31,20.86,2.6,6.45
20220403051919 ,GKP2,KG,HH,71.5,12.62,21.19,2.5,5.61
20220403051919 ,SNNA,KS,HG,70.9,12.38,20.92,2.54,6.87
20220403051919 ,JUCA,KS,HG,69.38,12.29,20.61,2.59,6.87
20220403051919 ,DAGA,KS,HG,67.18,11.85,20.06,2.62,5.5
20220403051919 ,JKJA,KS,HG,63.25,10.95,18.71,2.65,3.9
20220403051919 ,CHS,KG,HH,60.23,10.56,17.71,2.3,7.21
20220403051919 ,GGGA,KS,HG,75.51,12.8,21.81,2.5,4.06
20220403051919 ,MIYA,KS,HG,59.97,10.78,18.14,1.9,13.38
20220403051919 ,PHA2,KS,EL,56.72,9.89,16.8,2.53,6.21
20220403051919 ,BUS3,KS,HH,54.43,9.73,16.3,2.44,12.07
20220403051919 ,OJR,KG,HG,77.62,13.4,22.69,2.56,4.82
20220403051919 ,CHRB,KS,HH,81.5,14.12,24,2.6,5.18
20220403051919 ,JNHA,KS,HG,84.53,14.7,24.84,2.42,7.91
20220403051919 ,GUWB,KS,HH,87.99,15.25,25.66,2.35,19.23
20220403051919 ,YGAA,KS,HG,91.38,15.87,26.84,2.71,3.59
20220403051919 ,CGWB,KS,HH,91.69,15.94,26.85,2.44,6.56
20220403051919 ,SKBA,KS,HG,94.04,15.83,27.06,2.64,3.99
20220403051919 ,YODB,KS,HH,94.25,16.02,27.04,2.65,2.96
20220403051919 ,EUSB,KS,HH,95.55,16.24,27.56,2.39,7.66
20220403051919 ,CIGB,KS,HH,96.24,16.59,27.95,2.5,7.29
20220403051919 ,MLGA,KS,HG,53.78,9.68,16.24,2.35,8.16
20220403051919 ,HAK,KG,HG,31.48,5.73,9.15,2.85,3.59
20220403051919 ,GGDA,KS,HG,31.75,5.84,9.76,2.41,6
20220403051919 ,UNCA,KS,HG,28.26,5.44,8.9,2.35,8.72
20220403051919 ,GCN,KG,HG,25.93,5.04,8.3,2.55,4.5
20220403051919 ,USN2,KS,HG,22.88,4.63,7.57,2.57,10.6
20220403051919 ,UNI,KG,HG,22.12,4.44,7.27,2.65,4.46
20220403051919 ,HDB,KG,HH,11.97,2.16,3.33,2.65,3.81
20220403051919 ,JEJB,KS,HH,14.18,2.61,4.14,2.61,5.96
20220403051919 ,MKL,KG,HH,14.75,3.09,4.88,2.47,8.3
20220403051919 ,YGBA,KS,HG,15.75,3.02,4.87,2.9,2.95
20220403051919 ,BOG,KG,HG,16.43,3.43,5.51,2.73,2.95
20220403051919 ,BBK,KG,EL,17.6,3.35,5.44,2.63,7.21
20220403051919 ,CGU,KG,HG,18.94,3.73,6.09,2.46,4.67
20220403051919 ,DUC,KG,HG,19.63,3.96,6.47,2.4,5.96
20220403051919 ,DES,KG,HH,52.05,9.27,15.74,2.53,8.72
20220403051919 ,GSNA,KS,HG,33.13,6.32,10.37,2.61,5.47
20220403051919 ,SIG,KG,HG,13.62,2.73,4.38,2.65,5.11
20220403051919 ,DKJ,KG,EL,37.23,6.8,11.36,2.4,7.91
20220403051919 ,YOCB,KS,HH,49.13,8.78,14.79,2.36,6.28
20220403051919 ,YSB,KG,HH,36.13,6.83,11.33,2.46,5.96
20220403051919 ,HMGA,KS,HG,48.14,8.41,14.14,2.5,4.21
20220403051919 ,CGD,KG,EL,47.9,8.77,14.57,2.42,10.48
20220403051919 ,GIGA,KS,HG,45.3,8.06,13.55,2.46,4.5
20220403051919 ,HCH,KG,HH,44.53,8.13,13.92,2.2,9.56
20220403051919 ,POHB,KG,HH,44.18,8.07,13.67,2.8,3.11
20220403051919 ,PKNU,KG,HG,46.99,8.54,14.2,2.78,3.46
20220403051919 ,DAG2,KS,HH,43.08,8.01,13.31,2.45,7.91
20220403051919 ,MAK,KG,EL,40.08,7.45,12.33,2.44,18.42
20220403051919 ,MSNA,KS,HG,38.92,7.35,12.17,2.68,4.33
20220403051919 ,POSB,KG,HH,38.71,6.96,11.61,2.49,3.4
20220409015542 ,KOJ2,KS,EL,84.73,14.74,24.75,2.5,6.12
20220409015542 ,BOGA,KS,HG,85.72,15.06,25.08,2.5,5.71
20220409015542 ,CHYB,KS,HH,87.54,15.05,25.34,2.35,7.4
20220409015542 ,JAEA,KS,HG,86.92,14.98,25.54,2.62,3.5
20220409015542 ,YSUM,KG,HG,84.49,14.72,24.61,2.8,2.02
20220409015542 ,JCUA,KS,HG,83.93,14.57,24.73,2.73,2.95
20220409015542 ,ADO2,KS,EL,79.77,13.94,23.61,2.55,21.21
20220409015542 ,BLGA,KS,HG,83.31,14.47,24.37,2.8,3.64
20220409015542 ,BURB,KS,HH,82.86,14.48,24.21,2.26,7.91
20220409015542 ,JNUA,KS,HG,81.06,14.14,23.75,2.65,4.85
20220409015542 ,YGAA,KS,HG,81.04,14.15,24.28,2.5,4.03
20220409015542 ,CEA2,KS,EL,80.57,14.12,23.62,2.57,9.1
20220409015542 ,DAGA,KS,HG,90.19,15.53,26.42,2.65,4.82
20220409015542 ,SLSA,KS,HG,83.41,14.61,24.36,2.61,4.15
20220409015542 ,NOSA,KS,HG,90.61,15.72,26.75,2.58,4.5
20220409015542 ,SKBA,KS,HG,98.96,16.84,28.74,2.79,2.84
20220409015542 ,CHS,KG,HH,99.36,16.93,28.77,2.7,6.07
20220409015542 ,TBA2,KS,HG,98.84,17.53,29.72,2.8,4.9
20220409015542 ,JEO2,KS,HH,97.83,16.8,28.56,2.65,7.09
20220409015542 ,PYCB,KS,HH,97.59,16.6,28.41,2.7,4.26
20220409015542 ,WJU2,KS,EL,96.37,16.61,28.22,2.77,9.34
20220409015542 ,CRB,KG,HG,95.45,16.43,27.66,2.8,3.46
20220409015542 ,SND,KG,HH,94.24,16.38,27.54,2.71,4.74
20220409015542 ,WICA,KS,HG,93.71,16.17,27.49,2.61,5.96
20220409015542 ,SNDA,KS,HG,92.88,16.08,27.17,2.77,5.44
20220409015542 ,CSOA,KS,HG,92.23,15.91,26.94,2.78,3.63
20220409015542 ,YIN,KG,EL,92.17,16.08,26.8,2.47,6.3
20220409015542 ,YEYB,KS,HH,91.25,15.68,26.51,2.5,4.31
20220409015542 ,YALB,KS,HH,91.24,15.78,26.76,2.67,4.49
20220409015542 ,DGHA,KS,HG,91.17,15.77,26.66,2.71,4.5
20220409015542 ,YOW2,KS,EL,79.33,13.94,23.41,2.49,9.56
20220409015542 ,DUSB,KS,HH,77.43,13.7,22.85,2.62,5.35
20220409015542 ,LIWA,KS,HG,53.84,9.9,16.39,2.39,6.54
20220409015542 ,CE2A,KS,HG,52.57,9.66,16.01,2.65,5.84
20220409015542 ,GICA,KS,HG,51.91,9.55,16.04,2.49,6.56
20220409015542 ,HONA,KS,HG,47.15,8.82,14.65,2.54,5.71
20220409015542 ,DKSA,KS,HG,42.07,8.04,13.33,2.5,6.43
20220409015542 ,GUMA,KS,HG,40.05,7.68,12.88,2.44,4.32
20220409015542 ,CHJ3,KS,HH,39.42,7.67,12.51,2.44,7.91
20220409015542 ,CPR2,KS,EL,38.04,7.5,12.37,2.52,10.33
20220409015542 ,CGAA,KS,HG,38.01,7.46,12.23,2.61,5.93
20220409015542 ,SNNA,KS,HG,79.17,13.75,23.28,2.5,7.05
20220409015542 ,YCHB,KS,HH,34.73,6.94,11.32,2.25,6.03
20220409015542 ,OKCB,KS,HH,34.7,7.01,11.38,2.34,4.01
20220409015542 ,DGLA,KS,HG,34.11,6.99,11.44,2.64,4.81
20220409015542 ,BON2,KS,EL,27.17,5.91,9.58,2.52,10.91
20220409015542 ,MGB,KG,HH,19.2,4.82,7.7,2.22,13.23
20220409015542 ,HWSA,KS,HG,19.19,4.81,7.81,2.44,5.06
20220409015542 ,SAJB,KS,HH,19.06,4.79,7.75,2.39,5.42
20220409015542 ,MGY2,KS,EL,16.2,4.47,7.15,2.37,9.29
20220409015542 ,YOJB,KS,HH,54.58,9.98,16.64,2.55,5.96
20220409015542 ,DNBA,KS,HG,36.74,7.31,12.04,2.5,5.08
20220409015542 ,DNYA,KS,HG,56.35,10.44,17.29,2.5,4.81
20220409015542 ,OJR,KG,HG,75.13,13.11,22.27,2.47,8.16
20220409015542 ,JGNA,KS,HG,74.48,13.14,22.16,2.6,5.96
20220409015542 ,YEAB,KS,HH,74.15,12.98,21.8,2.39,6.54
20220409015542 ,KMSB,KS,HH,72.86,12.81,21.58,2.54,5.58
20220409015542 ,BUSA,KS,HG,71.88,12.67,21.43,2.59,5.7
20220409015542 ,JECB,KS,HH,70.23,12.45,20.89,2.5,4.81
20220409015542 ,TJN,KG,HH,67.52,12.02,19.98,2.3,9.1
20220409015542 ,TEJ2,KS,HG,66.95,11.97,19.9,2.53,11.43
20220409015542 ,BKWA,KS,HG,70.9,12.52,21.02,2.5,6.05
20220409015542 ,HKU,KG,HH,65.88,11.77,19.7,2.67,4.11
20220409015542 ,AGSA,KS,HG,66.61,11.85,19.98,2.35,5.41
20220409015542 ,YDGA,KS,HG,56.78,10.35,17.32,2.65,4.51
20220409015542 ,EUSB,KS,HH,59.02,10.65,17.74,2.47,5.93
20220409015542 ,PGEA,KS,HG,60.58,10.86,18.23,2.33,7.51
20220409015542 ,CIGB,KS,HH,62.55,11.12,18.82,2.41,5.18
20220409015542 ,KMC,KG,EL,63.4,11.37,19.16,2.59,10.48
20220409015542 ,GUWB,KS,HH,61.66,11.08,18.63,2.34,19.79
20220409174546 ,PGEA,KS,HG,90.25,16.05,26.94,3.36,3.34
20220409174546 ,DUC,KG,HG,88.47,15.61,26.36,3.55,2.48
20220409174546 ,MKL,KG,HH,87.19,15.37,26.12,3.68,2.32
20220409174546 ,CHYB,KS,HH,84.14,14.9,25.01,3.45,2.48
20220409174546 ,GCN,KG,HG,83.24,14.86,24.91,3.49,2.1
20220409174546 ,IMWB,KS,HH,91.45,16.26,27.53,3.44,6.24
20220409174546 ,GAGA,KS,HG,86.15,15.2,25.61,3.5,2.22
20220409174546 ,BOG,KG,HG,91.57,16.09,27.31,3.7,1.58
20220409174546 ,HDB,KG,HH,82.54,14.65,24.78,3.52,1.37
20220409174546 ,JEJB,KS,HH,92.09,16.13,27.54,3.85,0.89
20220409174546 ,SNNA,KS,HG,93.49,16.49,27.92,3.52,4.2
20220409174546 ,USN2,KS,EL,94.78,16.63,28.22,3.63,2.85
20220409174546 ,GSNA,KS,HG,94.93,16.69,27.99,3.65,2.35
20220409174546 ,GUWB,KS,HH,97.47,17.23,29.15,3.58,3.33
20220409174546 ,TBA2,KS,HG,97.75,17.01,28.76,3.4,6.58
20220409174546 ,KNUD,KG,HH,98.4,17.17,29.19,3.54,2.78
20220409174546 ,BBK,KG,EL,98.49,17.13,29.39,3.71,1.71
20220409174546 ,EUSB,KS,HH,84.86,15.28,25.62,3.49,2.32
20220409174546 ,YOCB,KS,HH,80.44,14.4,24.18,3.57,2.6
20220409174546 ,SUBA,KS,HG,52.3,9.77,16.25,3.44,2.38
20220409174546 ,HCH,KG,HH,50.91,9.95,16.79,3.68,2.52
20220409174546 ,CSOA,KS,HG,49.46,9.69,15.94,3.61,2.65
20220409174546 ,POHB,KG,HH,48.79,9.6,15.87,3.73,1.75
20220409174546 ,YODB,KS,HH,23.27,5.36,8.48,3.39,2.26
20220409174546 ,GGGA,KS,HG,24.79,5.7,9.02,3.43,3.79
20220409174546 ,SKBA,KS,HG,41.51,8.3,13.72,3.52,2.06
20220409174546 ,HMGA,KS,HG,42.95,8.44,13.94,3.6,1.46
20220409174546 ,JKJA,KS,HG,44.2,8.86,14.52,3.53,3.96
20220409174546 ,DES,KG,HH,44.82,8.86,14.79,3.61,3.55
20220409174546 ,JUC,KG,HG,44.9,8.98,15.05,3.81,1.81
20220409174546 ,SIG,KG,HG,80.53,14.31,24.44,3.58,1.67
20220409174546 ,PHA2,KS,EL,37.61,7.68,12.66,3.58,3.34
20220409174546 ,YEYB,KS,HH,52.41,10.06,16.59,3.55,1.89
20220409174546 ,ULJ2,KS,HH,35.22,7.1,11.44,3.55,1.53
20220409174546 ,POSB,KG,HH,55.55,10.45,17.34,3.74,1.46
20220409174546 ,CGU,KG,HG,77.39,13.86,23.39,3.53,1.73
20220409174546 ,OJR,KG,HG,76.67,13.93,23.23,3.62,3.2
20220409174546 ,YGBA,KS,HG,76.26,13.77,23.32,3.55,1.42
20220409174546 ,YEAB,KS,HH,70.37,12.93,21.53,3.25,3.44
20220409174546 ,DKJ,KG,EL,73.01,13.2,22.15,3.48,3.39
20220409174546 ,GGSA,KS,HG,68.44,12.49,20.74,3.37,2.92
20220409174546 ,GGDA,KS,HG,65.35,12.02,20.1,3.59,2.48
20220409174546 ,UJNA,KS,HG,63.76,11.5,19.19,3.41,2.13
20220409174546 ,ADO2,KS,EL,61.16,11.49,19.18,3.5,7.91
20220409174546 ,HAK,KG,HG,59.59,11.11,18.51,3.66,1.92
20220409174546 ,GIGA,KS,HG,57.59,10.76,17.96,3.7,1.83
20220409174546 ,CHS,KG,HH,57.2,10.84,17.93,3.6,3.39
20220409174546 ,JAEA,KS,HG,69.15,12.55,20.93,3.32,2.62
20220412055628 ,EUSB,KS,HH,87.46,15.16,25.57,2.5,8.16
20220412055628 ,GIGA,KS,HG,87.38,14.97,25.43,2.94,2.89
20220412055628 ,YOJB,KS,HH,85.81,15.18,25.49,2.5,6.65
20220412055628 ,HCH,KG,HH,84.1,14.73,25.12,3.07,3.22
20220412055628 ,OJR,KG,HG,88.18,15.24,25.76,2.68,7.32
20220412055628 ,POSB,KG,HH,89.85,15.28,26.05,2.19,16.8
20220412055628 ,SNDA,KS,HG,92.49,16.23,27.3,2.7,7.4
20220412055628 ,YCHB,KS,HH,95.36,16.57,28.2,2.83,3.18
20220412055628 ,JESA,KS,HG,96.93,17.81,29.15,2.86,5.52
20220412055628 ,GGDA,KS,HG,99.01,16.78,28.72,2.79,3.65
20220412055628 ,YOW2,KS,EL,99.19,17.41,29.16,2.75,13.27
20220412055628 ,OKEB,KS,HH,99.45,17.18,29.01,2.61,4.7
20220412055628 ,JSB,KG,HH,89.54,15.68,26.36,2.77,5.41
20220412055628 ,CHS,KG,HH,79.35,13.8,23.26,2.71,7.27
20220412055628 ,UJNA,KS,HG,22.18,4.72,7.66,2.77,2.86
20220412055628 ,GGGA,KS,HG,52.1,9.19,15.45,2.65,5.38
20220412055628 ,IMWB,KS,HG,48.8,9.06,15.04,2.69,4.74
20220412055628 ,JAEA,KS,HG,44.01,8.3,13.87,2.46,7.34
20220412055628 ,SKBA,KS,HG,43.31,8,13.39,2.92,3.11
20220412055628 ,YEYB,KS,HH,41.62,7.92,13.12,2.71,3.39
20220412055628 ,YODB,KS,HH,33.8,6.39,10.54,2.74,4.5
20220412055628 ,GGSA,KS,HG,32.45,6.63,10.73,2.88,4.5
20220412055628 ,SUBA,KS,HG,24.71,5.26,8.57,2.59,4.97
20220412055628 ,ULJ2,KS,HH,17.37,3.92,6.21,2.62,9
20220412055628 ,CHYB,KS,HH,52.36,9.76,16.14,2.46,7.91
20220412055628 ,GAGA,KS,HG,44.77,8.21,13.91,2.49,6.37
20220412055628 ,KNUD,KG,HH,56.79,10.17,17.35,2.75,9.1
20220412055628 ,DES,KG,HH,76.54,13.36,22.68,2.83,8.47
20220412055628 ,YEAB,KS,HH,55.85,10.19,17.09,2.45,5.18
20220412055628 ,GWLA,KS,HG,73.48,13.17,22.23,3.1,2.61
20220412055628 ,SND,KG,HH,71.45,12.89,21.51,2.85,6.07
20220412055628 ,PHA2,KS,EL,70.86,12.33,20.98,2.75,7.91
20220412055628 ,SNGB,KS,HH,68.4,12.03,20.43,2.5,6.89
20220412055628 ,ADO2,KS,EL,65.75,11.66,19.54,2.49,32.37
20220412055628 ,TBA2,KS,EL,60.29,10.71,17.81,2.75,13.89
20220412055628 ,CSOA,KS,HG,59.87,10.68,17.97,2.76,4.83
20220412055628 ,PGEA,KS,HG,70.51,12.56,21.1,2.65,6.85
20220415170834 ,HAIA,KS,HG,88.56,15.35,25.91,2.85,5.3
20220415170834 ,JEU2,KS,EL,88.36,15.31,26.11,2.76,18
20220415170834 ,IBA,KG,HG,88.35,15.41,25.93,2.9,5.18
20220415170834 ,HAWA,KS,HG,86.38,14.96,25.13,2.75,10.07
20220415170834 ,JINA,KS,HG,85.38,14.82,25.13,2.77,4.49
20220415170834 ,GMDB,KS,HH,79.34,13.68,23.14,2.5,9.02
20220415170834 ,MUN,KG,EL,78.94,13.86,23.23,2.81,8.47
20220415170834 ,JLSA,KS,HG,76.78,13.48,22.75,2.75,7.34
20220415170834 ,MOPB,KS,HH,81.42,14.32,23.93,2.82,6.5
20220415170834 ,GSU,KG,HH,89.26,15.45,26.17,2.88,2.53
20220415170834 ,NAWB,KS,HH,76.17,13.6,22.69,2.83,4.36
20220415170834 ,MANA,KS,HG,97.44,16.88,28.41,3.05,4.75
20220415170834 ,IMSB,KS,HH,96.24,16.62,28.25,2.89,5.96
20220415170834 ,HAMB,KS,HH,95.9,16.32,27.84,3.01,3.43
20220415170834 ,GOCB,KS,HG,90.29,15.75,26.37,2.92,5.83
20220415170834 ,YKDB,KS,HG,94.47,16.35,27.61,2.95,4.36
20220415170834 ,SACA,KS,HG,93.27,15.74,27.3,3.04,2.95
20220415170834 ,BGD,KG,HH,92.59,15.8,26.82,2.77,10.48
20220415170834 ,JDO2,KS,EL,91.75,15.78,26.65,3.65,18.11
20220415170834 ,YSDA,KS,HG,90.81,15.51,26.53,2.95,4.21
20220415170834 ,YEGA,KS,HG,93.3,16.24,27.24,2.86,5.24
20220415170834 ,HMPA,KS,HG,73.68,13.1,21.78,2.89,6.71
20220415170834 ,YOA,KS,EL,48.87,9.24,15.12,2.82,18.26
20220415170834 ,GWYB,KS,HH,46.03,8.76,14.43,2.7,5.18
20220415170834 ,GHR,KG,HG,45.25,8.65,14.13,2.68,6.5
20220415170834 ,YESA,KS,HG,45.14,8.66,14.38,2.98,4.63
20220415170834 ,HWSB,KG,HH,42.67,8.31,13.58,3.07,3.46
20220415170834 ,WDL,KG,HG,41.38,8.16,13.27,2.65,5.02
20220415170834 ,KKDA,KS,HG,36.41,7.25,11.81,2.82,7.19
20220415170834 ,JAHA,KS,HG,33.45,6.88,11.07,2.8,5.68
20220415170834 ,SCHA,KS,HG,33.11,6.88,11.16,2.53,10.79
20220415170834 ,NLDA,KS,HG,32.3,6.77,10.97,2.85,4.5
20220415170834 ,CGPA,KS,HG,31.58,6.65,10.64,3.04,3.91
20220415170834 ,MNDB,KS,HG,27.55,6.03,9.62,2.91,5
20220415170834 ,JAGA,KS,HG,76.01,13.54,22.63,3.05,3.54
20220415170834 ,KH2B,KS,HH,17.74,4.66,7.33,2.74,11.93
20220415170834 ,BOSB,KS,HH,11.02,3.81,5.93,2.39,6.1
20220415170834 ,BLLA,KS,HG,24.69,5.64,9.03,2.92,4.45
20220415170834 ,NAJA,KS,HG,51.07,9.55,15.77,2.93,5.02
20220415170834 ,BAU,KS,HG,50.77,9.52,15.89,2.6,16
20220415170834 ,CSDB,KS,HH,72.18,12.67,21.26,2.89,4.27
20220415170834 ,HANB,KS,HH,67.73,12.08,20.23,3,10.48
20220415170834 ,WAN2,KS,EL,65.32,11.69,19.8,2.92,22.66
20220415170834 ,SIJA,KS,HG,64.33,11.56,19.22,2.9,5.86
20220415170834 ,GMNA,KS,HG,64.31,11.68,19.37,2.85,7.11
20220415170834 ,JRB,KG,HH,62.8,11.32,18.98,2.7,7.91
20220415170834 ,YNDB,KS,HH,61.68,11.15,18.62,2.8,10.33
20220415170834 ,NAHA,KS,HG,62.22,11.21,18.71,2.81,4.62
20220415170834 ,GKSA,KS,HG,54.32,10.17,16.77,3.12,3.34
20220415170834 ,KWJ2,KS,HH,52.65,9.84,16.33,2.95,4.93
20220415170834 ,GRE,KG,EL,60.01,10.95,18.22,2.47,23.19
20220415170834 ,CHDA,KS,HG,57.81,10.41,17.44,2.61,9
20220415170834 ,KWJU,KS,HH,52.64,9.85,16.35,2.5,10.1
20220417143329 ,MKL,KG,HH,82,14.48,24.19,2.83,3.87
20220417143329 ,BBK,KG,EL,86.34,15.35,25.51,3.1,3.04
20220417143329 ,HAMB,KS,HH,84.72,14.83,24.9,2.6,5.06
20220417143329 ,GCN,KG,HG,82.79,14.56,24.29,2.65,3.76
20220417143329 ,NAHA,KS,HG,76.71,13.81,22.83,3,3.19
20220417143329 ,DUC,KG,HG,78.85,13.95,23.18,2.85,3.91
20220417143329 ,BOG,KG,HG,77.37,13.73,22.83,2.8,4.15
20220417143329 ,KCH2,KS,EL,76.41,13.51,22.54,2.47,32.37
20220417143329 ,GKP2,KG,HH,75.07,13.33,22.05,2.64,5.47
20220417143329 ,JRB,KG,HH,87.95,15.3,25.72,2.57,6.87
20220417143329 ,JGNA,KS,HG,88.82,15.66,26.14,2.65,8.72
20220417143329 ,HDB,KG,HH,92.77,16.29,27.28,2.95,2.45
20220417143329 ,GWYB,KS,HH,88.91,15.72,26.19,2.59,5.83
20220417143329 ,CIGB,KS,HH,93.64,16.2,27.24,2.46,6.87
20220417143329 ,DKJ,KG,EL,93.43,16.17,27.41,2.71,6.21
20220417143329 ,BAU,KS,EL,92.86,16.16,27.04,2.57,28.12
20220417143329 ,WICA,KS,HG,92.56,16.17,27.13,2.65,5.02
20220417143329 ,CGU,KG,HG,90.63,15.95,26.73,2.77,4.15
20220417143329 ,YOCB,KS,HH,90.38,15.69,26.53,2.95,2.67
20220417143329 ,SIG,KG,HG,90.35,15.92,26.78,2.95,2.58
20220417143329 ,JEJB,KS,HH,89.88,15.8,26.3,3.09,2.02
20220417143329 ,YGAA,KS,HG,74.07,13.29,21.88,2.74,3.37
20220417143329 ,GMNA,KS,HG,70.19,12.59,20.87,2.65,5.95
20220417143329 ,YKDB,KS,HH,73.39,13.13,21.84,2.68,4.79
20220417143329 ,GSU,KG,HH,47.43,8.94,14.57,3.16,2.24
20220417143329 ,KJM,KG,EL,44.02,8.29,13.47,2.35,11.17
20220417143329 ,MLGA,KS,HG,38.82,7.36,11.72,2.6,7.51
20220417143329 ,KUJA,KS,HG,38.12,7.3,11.76,2.44,4.47
20220417143329 ,CHRB,KS,HH,37.92,7.23,11.58,2.68,4.38
20220417143329 ,MIYA,KS,HG,34.35,6.61,10.56,2.85,3.19
20220417143329 ,DAGA,KS,HG,73.94,13.14,21.81,2.95,3.27
20220417143329 ,CGWB,KS,HH,11.68,2.53,3.56,2.74,7.91
20220417143329 ,JNYA,KS,HG,16.18,3.35,4.93,2.9,5.15
20220417143329 ,JNHA,KS,HG,20.95,4.34,6.64,2.64,4.78
20220417143329 ,CLSA,KS,HG,21.21,4.36,6.69,2.53,7.03
20220417143329 ,JUCA,KS,HG,23.17,4.66,7.13,2.71,4.52
20220417143329 ,YGJA,KS,HG,25.84,5.25,8.34,2.7,5.45
20220417143329 ,GACA,KS,HG,30.85,6.09,9.69,2.8,5.28
20220417143329 ,EURB,KS,HH,32.18,6.36,10.13,2.78,3.75
20220417143329 ,BSAA,KS,HG,47.52,8.93,14.46,2.62,3.42
20220417143329 ,GDDB,KS,HH,34.06,6.73,10.69,2.5,4.33
20220417143329 ,HAIA,KS,HG,49.13,9.2,14.94,2.77,7.21
20220417143329 ,MMD,KS,HG,64.19,11.76,19.49,2.24,8.52
20220417143329 ,BUS3,KS,HH,47.82,8.93,14.4,2.71,6.07
20220417143329 ,UNCA,KS,HG,65.16,11.72,19.29,2.77,3.67
20220417143329 ,UNI,KG,HG,66.83,12.03,19.88,2.95,2.94
20220417143329 ,DAG2,KS,HH,67.3,12.02,20.01,2.82,6.5
20220417143329 ,YALB,KS,HH,68.1,12.29,20.26,2.38,8.87
20220417143329 ,SACA,KS,HG,69.7,12.49,20.92,2.98,2.47
20220417143329 ,GSNA,KS,HG,71.05,12.6,20.85,2.95,3.38
20220417143329 ,USN2,KS,EL,72.25,12.92,21.48,2.74,10.48
20220417143329 ,PKNU,KG,HG,61.16,11.11,18.28,2.91,2.32
20220417143329 ,MAK,KG,EL,55.93,10.25,16.65,2.62,9.5
20220417143329 ,HCNA,KS,HG,55.61,10.28,16.81,2.61,6.16
20220417143329 ,MSNA,KS,HG,52.95,9.72,15.77,2.79,5.16
20220417143329 ,YSB,KG,HH,52.55,9.67,15.6,2.86,3.51
20220417143329 ,JINA,KS,HG,52.32,9.77,15.93,2.95,3.01
20220417143329 ,HACA,KS,HG,51.13,9.63,15.78,2.66,5.41
20220417143329 ,CGD,KG,EL,49.33,9.13,14.82,2.67,7.93
20220418052238 ,GBI2,KS,HH,85.88,14.52,24.73,2.79,8.25
20220418052238 ,YSAB,KS,HH,86.37,14.66,24.61,2.53,6.35
20220418052238 ,GLSA,KS,HG,91.19,15.41,25.99,2.9,3.56
20220418052238 ,HSB,KG,HH,92.17,15.53,26.11,2.67,7.79
20220418052238 ,ASNA,KS,HG,94.81,15.98,27.03,2.84,6.99
20220418052238 ,JURA,KS,HG,96.31,16.5,27.78,2.85,4.04
20220418052238 ,SGNA,KS,HG,98.67,16.84,28.37,2.71,6.14
20220418052238 ,HGSA,KS,HG,85.47,14.56,24.51,2.7,6.54
20220418052238 ,MUS2,KS,EL,91.53,15.76,26.67,2.92,14.76
20220418052238 ,SODA,KS,HG,83.88,14.62,24.45,2.74,6.87
20220418052238 ,GGTA,KS,HG,90.98,15.68,26.57,2.98,6.61
20220418052238 ,DEI2,KS,HH,10.02,2.09,3.26,2.26,21.21
20220418052238 ,NJDA,KS,HG,38.21,6.65,11.2,2.61,5.53
20220418052238 ,WNBA,KS,HG,51.37,8.8,14.7,2.83,4.5
20220418052238 ,YPDB,KS,HH,52.73,9.49,15.95,2.64,7.66
20220418052238 ,INCA,KS,HG,53.28,9.46,15.74,2.63,8.3
20220418052238 ,SHHB,KS,HH,55.35,9.71,16.16,2.46,7.91
20220418052238 ,YPD,KG,EL,57.83,10.42,17.49,2.39,13.23
20220418052238 ,SNU,KG,HH,79.33,13.77,22.93,2.8,6.81
20220418052238 ,TANB,KS,HH,65.97,11.17,19,2.53,7.32
20220418052238 ,DGJA,KS,HG,62.52,10.79,17.99,2.54,6.87
20220418052238 ,SEO3,KS,HH,77.53,13.39,22.38,2.71,8.09
20220418052238 ,GSGA,KS,HG,74.1,12.83,21.52,2.76,5.28
20220418052238 ,KIP,KG,HH,73.74,12.88,21.7,3,21.21
20220418052238 ,GMPB,KS,HH,67.01,11.73,19.59,2.66,6.43
20220418052238 ,GH2B,KS,HH,59.23,10.52,17.62,2.57,6.87
20220418052238 ,HAWB,KS,HH,63.74,10.91,18.43,2.29,16
20220512215056 ,GOS2,KS,EL,99.08,16.25,28.23,2.47,6.67
20220512215056 ,CSDB,KS,HH,98.5,16.65,28.69,2.8,2.32
20220512215056 ,GMDB,KS,HH,78.64,13.78,23.51,2.75,4.47
20220512215056 ,YSDA,KS,HG,77.56,13.5,23.15,2.62,5.66
20220512215056 ,SGP2,KS,HH,68.55,12.38,20.94,2.8,3.56
20220512215056 ,JJU2,KS,HH,64.25,11.88,20.05,2.85,3.91
20220512215056 ,JJB,KG,HH,54.84,10.39,17.63,2.86,2.56
20220512215056 ,PYSB,KS,HH,38.88,7.93,13.2,2.59,3.88
20220512215056 ,UDO,KS,HH,33.51,7.29,12.01,2.65,3.44
20220512215056 ,MRD,KG,HH,92.85,16,27.23,2.46,7.05
20220629062606 ,GGDA,KS,HG,42.09,8.76,14.36,2.45,5.57
20220629062606 ,SNNA,KS,HG,91.5,16.68,27.95,2.95,2.81
20220629062606 ,CGU,KG,HG,40.88,8.65,14.18,2.64,3.94
20220629062606 ,ADO2,KS,EL,89.59,15.98,26.94,2.73,10.48
20220629062606 ,BUS3,KS,HH,89.45,16.07,26.84,2.47,7.64
20220629062606 ,OJR,KG,HG,88.68,15.96,26.77,2.91,3.13
20220629062606 ,SKBA,KS,HG,84.85,15.24,25.47,3.1,1.77
20220629062606 ,CGD,KG,EL,84.24,15.4,25.7,2.76,6.34
20220629062606 ,ULJ2,KS,HH,94.36,16.45,27.85,2.94,2.82
20220629062606 ,CGDA,KS,HG,96.97,17.73,29.56,3.1,1.77
20220629062606 ,YEYB,KS,HH,98.89,17.51,29.34,2.85,2.44
20220629062606 ,POSB,KG,HH,39.41,8.34,13.52,2.15,12.07
20220629062606 ,JEJB,KS,HH,37.84,8.06,13.2,2.65,3.52
20220629062606 ,SIG,KG,HG,37.71,8.16,13.34,2.65,3.5
20220629062606 ,YGBA,KS,HG,31.81,7.35,11.97,2.95,1.74
20220629062606 ,HMGA,KS,HG,25.91,6.12,9.58,2.27,5.42
20220629062606 ,YODB,KS,HG,76.66,13.82,23.04,2.78,2.44
20220629062606 ,MLGA,KS,HG,91,16.37,27.46,2.8,3.46
20220629062606 ,HCH,KG,HH,42.53,9.03,15.02,2.8,4.41
20220629062606 ,MSNA,KS,HG,76,14.17,23.62,2.74,4.27
20220629062606 ,PHA2,KS,EL,45.93,9.28,15.31,2.7,4.26
20220629062606 ,MKL,KG,HH,46.04,9.46,15.53,2.43,9.1
20220629062606 ,DES,KG,HG,46.73,9.52,15.75,2.65,7.62
20220629062606 ,BOG,KG,HG,50.26,10.04,16.53,2.65,3.64
20220629062606 ,GIGA,KS,HG,50.31,10,16.51,2.55,4.66
20220629062606 ,DUC,KG,HG,51.04,10.21,16.77,2.35,7.44
20220629062606 ,GCN,KG,HG,52.52,10.39,17.23,2.63,2.96
20220629062606 ,DKJ,KG,EL,54.64,10.81,17.8,2.58,5.96
20220629062606 ,USN2,KS,EL,57.02,11.17,18.52,2.61,12.67
20220629062606 ,BBK,KG,EL,43.09,8.16,14.52,2.6,6.6
20220629062606 ,UNI,KG,HG,59.16,11.4,18.91,2.65,4.81
20220629062606 ,DAG2,KS,HH,74.47,13.89,23.24,2.8,4.51
20220629062606 ,YSB,KG,HH,73.77,13.74,22.94,2.69,14.63
20220629062606 ,YOCB,KS,HH,69,13.05,21.66,2.69,3.39
20220629062606 ,MAK,KG,EL,75.33,13.98,23.21,2.69,6.65
20220629062606 ,GSNA,KS,HG,64.76,12.37,20.5,2.64,5.63
20220629062606 ,CHS,KG,HH,64.69,12.21,20.29,2.5,5.88
20220629062606 ,UNCA,KS,HG,63.36,12.03,19.96,2.5,4.78
20220629062606 ,GGGA,KS,HG,60.32,11.22,18.68,2.35,7.38
20220629062606 ,JKJA,KS,HG,59.45,11.34,18.9,2.65,5.08
20220629175534 ,SKBA,KS,HG,85.47,15.4,25.7,2.65,2.29
20220629175534 ,YSB,KG,HH,76.54,14.03,23.23,2.86,3.95
20220629175534 ,DAG2,KS,HH,77.31,14.14,23.52,2.8,2.66
20220629175534 ,MAK,KG,EL,77.9,14.19,23.57,1.75,32.37
20220629175534 ,YODB,KS,HH,76.6,13.96,23.16,2.48,2.99
20220629175534 ,CGD,KG,EL,87.14,15.64,25.98,2.73,2.85
20220629175534 ,SNNA,KS,HG,93.93,16.94,28,2.65,3.01
20220629175534 ,ADO2,KS,EL,90.94,16.16,27.4,2.28,10.36
20220629175534 ,BUS3,KS,HH,91.96,16.28,27.17,2.5,3.15
20220629175534 ,YEYB,KS,HH,99.51,17.52,29.57,2.8,1.86
20220629175534 ,OJR,KG,HG,90.65,16.27,27.06,2.79,2.11
20220629175534 ,CSOA,KS,HG,79.97,14.46,24.24,2.5,2.64
20220629175534 ,GGDA,KS,HG,44.54,9.01,14.69,2.65,1.96
20220629175534 ,HMGA,KS,HG,26.44,6.34,10,2.65,1.69
20220629175534 ,CGU,KG,HG,43.68,8.9,14.45,2.6,2.22
20220629175534 ,YOCB,KS,HH,71.5,13.28,21.95,2.63,2.55
20220629175534 ,POSB,KG,HH,41.44,8.62,13.81,2.5,2.45
20220629175534 ,SIG,KG,HG,40.54,8.38,13.65,2.5,2.18
20220629175534 ,PHA2,KS,EL,46.95,9.51,15.53,2.67,4.11
20220629175534 ,HAK,KG,HG,23.25,5.95,9.38,2.8,2.54
20220629175534 ,GCN,KG,HG,55.32,10.68,17.51,2.65,1.93
20220629175534 ,USN2,KS,EL,59.91,11.41,18.75,2.61,3.54
20220629175534 ,GGGA,KS,HG,60.66,11.48,18.96,2.35,4.01
20220629175534 ,JKJA,KS,HG,60.76,11.5,19.07,2.64,3.76
20220629175534 ,UNI,KG,HG,61.96,11.61,19.18,2.65,2.42
20220629175534 ,DKJ,KG,EL,57.17,11.05,18.07,2.49,3.87
20220629175534 ,CHS,KG,HH,66.48,12.47,20.48,2.79,2.29
20220629175534 ,DUC,KG,HG,53.91,10.45,17.04,1.3,27.4
20220629175534 ,BOG,KG,HG,53.13,10.3,16.81,2.5,2.42
20220629175534 ,GIGA,KS,HG,52.35,10.24,16.75,2.95,1.61
20220629175534 ,MKL,KG,HH,48.91,9.69,15.75,2.19,7.42
20220629175534 ,UNCA,KS,HG,65.98,12.28,20.31,2.35,3.23
20220630135152 ,GGGA,KS,HG,82.17,14.56,24.33,2.83,2.57
20220630135152 ,PYCA,KS,HG,81.07,14.3,23.99,2.55,9.37
20220630135152 ,MGB,KG,HH,80.86,14.44,23.69,2.49,6.58
20220630135152 ,EUSB,KS,HH,78.79,14.07,23.22,2.67,7.44
20220630135152 ,DKSA,KS,HG,76.08,13.74,22.75,2.64,6.23
20220630135152 ,JECB,KS,HH,72.21,13.07,21.45,2.55,6.87
20220630135152 ,JCUA,KS,HG,69.91,12.66,20.93,2.75,5.18
20220630135152 ,DGLA,KS,HG,68.89,12.65,20.83,2.5,6.39
20220630135152 ,DNBA,KS,HG,86.07,15.33,25.1,2.95,1.99
20220630135152 ,OJR,KG,HG,89.22,15.71,26.24,2.93,3.2
20220630135152 ,BKWA,KS,HG,90.31,16.18,26.56,2.85,4.28
20220630135152 ,GUWB,KS,HH,99.81,17.59,29.55,2.75,9.1
20220630135152 ,NAMB,KS,HH,99.06,17.37,29.01,2.68,4.99
20220630135152 ,PHA2,KS,EL,98.73,17.31,29.39,2.94,3.06
20220630135152 ,JKJA,KS,HG,89.41,15.74,26.4,2.74,4.5
20220630135152 ,CGIA,KS,HG,96.81,16.98,28.38,2.82,4.21
20220630135152 ,ADO2,KS,EL,68.25,12.26,20.23,2.6,16
20220630135152 ,WJU2,KS,EL,93.2,16.59,27.43,2.85,16
20220630135152 ,MGY2,KS,EL,92.06,16.39,26.88,2.53,8.47
20220630135152 ,CHS,KG,HH,94.12,16.46,27.5,2.65,5.88
20220630135152 ,OKEB,KS,HH,67.44,12.21,19.92,2.6,4.81
20220630135152 ,PGEA,KS,HG,40.21,7.69,12.29,2.65,6.46
20220630135152 ,UJNA,KS,HG,39.98,7.58,12.31,2.68,4.66
20220630135152 ,SNGB,KS,HH,38.75,7.53,11.98,2.9,8.5
20220630135152 ,SUBA,KS,HG,35.44,6.85,10.87,2.67,4.51
20220630135152 ,BUSA,KS,HG,30.44,6.09,9.52,2.65,4.7
20220630135152 ,GWLA,KS,HG,28.1,5.75,9.01,2.85,3.91
20220630135152 ,KNUD,KG,HH,27.03,5.44,8.59,2.75,8.5
20220630135152 ,SND,KG,HH,24.52,5.15,7.81,2.75,7.51
20220630135152 ,GAGA,KS,HG,23.14,4.69,7.21,2.73,4.4
20220630135152 ,GGSA,KS,HG,20.85,4.27,6.53,2.8,4.08
20220630135152 ,TBA2,KS,EL,15.87,3.43,4.97,2.96,10.57
20220630135152 ,CHYB,KS,HH,14.33,3.12,4.54,2.86,5.96
20220630135152 ,JAEA,KS,HG,26.39,5.35,8.35,2.8,2.73
20220630135152 ,IMWB,KS,HH,41.47,7.96,12.71,2.8,13.46
20220630135152 ,YEAB,KS,HH,41.89,7.92,12.77,2.78,2.67
20220630135152 ,YCHB,KS,HH,66.27,12.03,19.65,2.8,3.34
20220630135152 ,PYCB,KS,HH,66.14,11.89,19.74,2.8,4.96
20220630135152 ,SKBA,KS,HG,58.99,10.8,17.77,2.8,2.82
20220630135152 ,DNYA,KS,HG,56.56,10.6,17.19,2.71,4.71
20220630135152 ,ADOA,KS,HG,56.43,10.38,16.97,2.79,3.69
20220630135152 ,TOHA,KS,HG,56.43,10.5,17.2,2.77,3.94
20220630135152 ,LMGA,KS,HG,54.3,10.11,16.35,2.5,9.61
20220630135152 ,ULJ2,KS,HH,52.96,9.79,15.97,2.85,3.91
20220630135152 ,YOW2,KS,EL,50.82,9.53,15.31,2.56,14.55
20220630135152 ,YEYB,KS,HH,45.97,8.66,14.08,2.77,2.78
20220630135152 ,YOJB,KS,HH,45.54,8.68,13.85,2.59,4.22
20220630135152 ,SNDA,KS,HG,44.56,8.45,13.58,2.67,9.08
20220630135152 ,JSB,KG,HH,43.3,8.31,13.14,2.67,7.66
20220630135152 ,YODB,KS,HH,66.99,12.01,19.88,2.65,3.04
20220630135152 ,JESA,KS,HG,51.8,10.12,16.44,2.66,5.91
20220702225423 ,YSDA,KS,HG,90.25,15.64,27.63,2.69,5.96
20220702225423 ,JJU2,KS,HH,85.72,14.91,25.98,3.12,4.01
20220702225423 ,SGP2,KS,HH,89.4,14.98,26.1,3.07,4.45
20220702225423 ,UDO,KS,HH,52.78,9.83,17.36,2.8,4.23
20220702225423 ,PYSB,KS,HH,60,10.53,18.53,2.67,5.36
20220702225423 ,GUJA,KS,HG,71.02,12.49,21.94,2.9,4.5
20220702225423 ,JJB,KG,HH,76.2,13.39,23.41,3.08,3.02
20220702225423 ,GMDB,KS,HH,83.05,14.67,25.62,2.96,11.96
20220720071950 ,TANB,KS,HH,79.01,13.47,22.48,2.39,6.03
20220720071950 ,ECDB,KS,HG,82.92,14.25,23.9,2.48,7.05
20220720071950 ,OKCB,KS,HH,83.97,14.41,24.18,2.24,6.24
20220720071950 ,JNPA,KS,HG,84.17,14.36,24.47,2.5,6.65
20220720071950 ,IMSB,KS,HH,84.6,14.7,24.77,1.91,17.14
20220720071950 ,YDGA,KS,HG,86.56,14.84,25.09,2.61,5.96
20220720071950 ,BON2,KS,EL,88.6,15.26,25.72,2.5,30.48
20220720071950 ,JEU2,KS,EL,89.13,15.25,25.55,2.4,16.66
20220720071950 ,HAWB,KS,HH,89.14,15.31,25.9,2.35,6.65
20220720071950 ,CGAA,KS,HG,90.14,15.43,26.16,2.63,6.41
20220720071950 ,WID,KG,EL,90.69,14.99,26.07,2.44,12.07
20220720071950 ,IBA,KG,HG,92.49,15.86,26.7,2.61,6.87
20220720071950 ,OYDB,KS,HH,72.38,12.36,20.98,2.46,32.37
20220720071950 ,DUSB,KS,HH,92.97,15.92,26.93,2.7,4.71
20220720071950 ,HWSA,KS,HG,98.36,16.83,28.68,2.49,6.23
20220720071950 ,CPR2,KS,EL,99.83,17.02,28.87,2.57,6.21
20220720071950 ,TAIA,KS,HG,71.85,12.31,20.92,2.48,6.67
20220720071950 ,SMWA,KS,HG,90.06,15.36,26.06,2.52,4.82
20220720071950 ,CEA2,KS,EL,69.29,12.11,20.33,2.38,15.59
20220720071950 ,GLSA,KS,HG,40.41,7.39,12.19,2.44,6.45
20220720071950 ,HSB,KG,HH,37.52,6.96,11.45,2.18,6.56
20220720071950 ,CJDB,KS,HH,34.77,6.46,10.79,2.44,6.63
20220720071950 ,KOJ2,KS,HG,33.32,6.28,10.45,2.4,10.48
20220720071950 ,IKSA,KS,HG,32.46,6.28,10.34,2.18,10.27
20220720071950 ,YUGA,KS,HG,30.35,5.93,9.67,2.49,5.95
20220720071950 ,NPR,KG,HH,29.23,5.76,9.36,2.32,14.59
20220720071950 ,NOSA,KS,HG,25.19,5.17,8.41,2.52,5.19
20220720071950 ,SECA,KS,HG,21.96,4.61,7.52,2.4,9.92
20220720071950 ,DGJA,KS,HG,70.96,12.26,20.53,2.47,4.15
20220720071950 ,BUYB,KS,HH,11.15,3.25,5.22,2.1,32.37
20220720071950 ,PORA,KS,HG,30.09,5.78,9.54,2.5,7.62
20220720071950 ,ISGB,KS,HH,41.76,7.7,12.68,1.75,22.66
20220720071950 ,CGYA,KS,HG,19.65,4.34,6.97,2.2,12.1
20220720071950 ,HGSA,KS,HG,45.1,8.19,13.45,1.9,12.03
20220720071950 ,BLGA,KS,HG,43.56,8.13,13.3,2.46,9.05
20220720071950 ,LIWA,KS,HG,67.73,11.87,20.05,2.4,7.91
20220720071950 ,SES2,KS,HH,67.55,11.78,19.65,2.18,22.53
20220720071950 ,PUAA,KS,HG,64.48,11.2,18.85,2.43,7.91
20220720071950 ,ASNA,KS,HG,61.83,10.85,18.09,2.39,6.87
20220720071950 ,KMSB,KS,HH,59.53,10.52,17.7,2.63,5.06
20220720071950 ,HKU,KG,HH,57.45,10.12,17.05,2.32,9.1
20220720071950 ,HONA,KS,HG,66.7,11.71,19.64,2.56,6.24
20220720071950 ,JNUA,KS,HG,54.36,9.68,16.15,2.6,5.18
20220720071950 ,YSAB,KS,HH,51.39,9.32,15.29,2.65,7.93
20220720071950 ,TEJ2,KS,HG,47.01,8.59,14.27,2.6,8.54
20220720071950 ,NACA,KS,HG,46.37,8.3,13.93,2.36,8.92
20220720071950 ,TJN,KG,HH,46.37,8.46,14,2.4,10.48
20220720071950 ,JEO2,KS,HH,55.46,9.83,16.41,2.31,13.89
20220720194657 ,YGAA,KS,HG,76.37,13.67,22.86,2.75,2.43
20220720194657 ,JNYA,KS,HG,72.04,13.02,21.54,2.71,5.27
20220720194657 ,CHRB,KS,HH,71.98,12.83,21.45,2.69,3.95
20220720194657 ,GUWB,KS,HH,70.6,12.82,20.96,2.23,18.96
20220720194657 ,CSOA,KS,HG,67.87,12.36,20.36,2.5,3.83
20220720194657 ,BUS3,KS,HH,61.41,11.24,18.56,2.46,7.91
20220720194657 ,OJR,KG,HG,60.78,11.14,18.39,2.35,5.44
20220720194657 ,EUSB,KS,HH,78.6,13.99,23.29,2.32,6.37
20220720194657 ,PKNU,KG,HG,57.38,10.53,17.45,2.41,3.91
20220720194657 ,JUCA,KS,HG,70.23,11.99,21.04,2.79,2.96
20220720194657 ,CLSA,KS,HG,80.49,14.28,23.8,2.79,3.67
20220720194657 ,MLGA,KS,HG,57.1,10.54,17.25,2.61,3.91
20220720194657 ,EURB,KS,HH,98.11,17.02,28.57,2.61,3.46
20220720194657 ,HCNA,KS,HG,97.04,17.01,28.49,2.68,2.68
20220720194657 ,GUMA,KS,HG,96.23,16.88,28.4,2.7,2.7
20220720194657 ,GDDB,KS,HG,95.25,16.55,27.78,2.5,4.06
20220720194657 ,YALB,KS,HH,91.84,15.9,26.8,2.63,4.59
20220720194657 ,CGWB,KS,HH,89.82,15.73,26.43,2.35,6.39
20220720194657 ,JNHA,KS,HG,86.01,15.06,25.25,2.8,2.76
20220720194657 ,YODB,KS,HH,85.18,15.13,25.13,2.65,2.58
20220720194657 ,BSAA,KS,HG,81.73,14.5,24.36,2.65,4.01
20220720194657 ,CIGB,KS,HH,79.56,14.17,23.64,2.46,4.5
20220720194657 ,GKP2,KG,HH,55.67,10.46,17.04,2.8,2.6
20220720194657 ,CGDA,KS,HG,50.94,9.7,15.9,2.8,2.79
20220720194657 ,MIYA,KS,HG,53.84,10.12,16.64,2.94,2.13
20220720194657 ,POSB,KG,HH,29.75,6.28,9.92,2.37,7.11
20220720194657 ,JEJB,KS,HH,29.32,6.15,9.81,2.5,4.79
20220720194657 ,DAG2,KS,HG,29.26,6.19,9.93,2.76,5.03
20220720194657 ,UNI,KG,HG,26.01,5.65,8.92,2.75,2.8
20220720194657 ,DKJ,KG,EL,21.68,4.96,7.82,2.32,8.59
20220720194657 ,HDB,KG,HH,21.52,4.91,7.66,2.62,2.63
20220720194657 ,GSNA,KS,HG,20.13,4.75,7.37,2.75,4.32
20220720194657 ,YGBA,KS,HG,19.61,4.75,7.5,2.89,2.15
20220720194657 ,USN2,KS,EL,15.58,4.13,6.33,2.57,9.1
20220720194657 ,SIG,KG,HG,15.25,4.01,6.16,2.7,4.02
20220720194657 ,BOG,KG,HG,14.03,3.83,5.79,2.4,5.24
20220720194657 ,CGU,KG,HG,12.27,3.61,5.4,2.65,3.83
20220720194657 ,GCN,KG,HG,11.92,3.56,5.38,2.42,5.96
20220720194657 ,DUC,KG,HG,11.41,3.44,5.17,2.39,7.95
20220720194657 ,GGDA,KS,HG,20.91,4.86,7.53,2.5,3.99
20220720194657 ,YOCB,KS,HH,32.19,6.64,10.6,2.62,3.2
20220720194657 ,HAK,KG,HG,32.8,6.87,10.83,2.75,3.17
20220720194657 ,SNNA,KS,HG,53.67,10.09,16.49,2.45,6.87
20220720194657 ,DAGA,KS,HG,51.4,9.73,15.96,2.76,2.91
20220720194657 ,MAK,KG,EL,47.69,9.04,14.83,2.59,4.5
20220720194657 ,HMGA,KS,HG,46.93,8.89,14.79,2.8,2.03
20220720194657 ,GIGA,KS,HG,32.52,6.64,10.6,2.46,3.91
20220720194657 ,DES,KG,HG,42.18,8.32,13.63,2.61,4.2
20220720194657 ,CGD,KG,EL,39.45,7.75,12.52,2.68,5.68
20220720194657 ,CHS,KG,HH,45.67,8.7,14.24,2.21,13.46
20220720194657 ,UNCA,KS,HG,37.11,7.34,11.87,2.5,4.99
20220720194657 ,POHB,KG,HH,36.21,7.54,12.25,2.65,4.01
20220720194657 ,HCH,KG,HH,34.94,7.33,11.95,2.49,5.53
20220720194657 ,BBK,KG,EL,33.15,6.81,10.93,2.53,4.96
20220720194657 ,MSNA,KS,HG,33.12,6.79,10.95,2.85,3.76
20220720194657 ,YSB,KG,HH,38.65,7.62,12.46,2.79,6.65
20220721093809 ,BUYB,KS,HG,84.45,14.99,24.69,2.76,3.08
20220721093809 ,JNUA,KS,HG,86.33,15.22,25.64,2.77,4.2
20220721093809 ,KOJ2,KS,HG,88.53,15.77,26.25,2.65,4.75
20220721093809 ,SNU,KG,HH,96.34,16.81,28.07,2.79,3.48
20220721093809 ,BOGA,KS,HG,99.57,18.78,29.43,2.8,3.31
20220721093809 ,SEO3,KS,HH,97.69,16.98,28.31,2.75,4.81
20220721093809 ,NOSA,KS,HG,97.74,17.15,28.84,2.8,2.9
20220721093809 ,GSGA,KS,HG,99.22,17.27,28.98,2.8,3.44
20220721093809 ,NACA,KS,HG,99.61,17.61,28.65,2.56,5.96
20220721093809 ,INCA,KS,HG,82.84,14.61,24.57,2.76,4.35
20220721093809 ,YJD3,KS,HG,82.62,14.65,24.57,2.82,11.9
20220721093809 ,CEA2,KS,EL,90.48,15.94,26.8,2.7,7.15
20220721093809 ,CJDB,KS,HH,74.48,13.12,21.66,2.61,3.84
20220721093809 ,YSUK,KG,HG,75.05,13.43,22.53,2.2,11.23
20220721093809 ,WNBA,KS,HG,10.36,2.38,3.48,2.7,5.96
20220721093809 ,TANB,KS,HH,20.08,3.92,6.22,2.38,7.79
20220721093809 ,SES2,KS,HH,20.74,4.38,6.93,2.23,16.09
20220721093809 ,ANMA,KS,HG,31.51,6.13,9.72,2.95,2.4
20220721093809 ,DGJA,KS,HG,35.67,6.85,11.16,2.48,5.57
20220721093809 ,GLSA,KS,HG,41.51,7.78,12.61,2.64,3.42
20220721093809 ,HGSA,KS,HG,43.34,8.17,13.32,2.5,4.7
20220721093809 ,HSB,KG,HH,45.02,8.38,13.67,2.49,5.11
20220721093809 ,NJDA,KS,HG,33.27,6.4,10.28,2.71,4.04
20220721093809 ,CGYA,KS,HG,63.9,11.48,18.85,2.61,3.6
20220721093809 ,YUGA,KS,HG,69.39,12.48,20.69,2.54,5.18
20220721093809 ,ASNA,KS,HG,68.82,12.39,20.54,2.61,5.63
20220721093809 ,YSAB,KS,HH,51.88,9.66,15.99,2.64,7.29
20220721093809 ,DEI2,KS,HH,53.15,9.66,15.99,2.7,8.47
20220721093809 ,HAWB,KS,HH,57.23,10.33,17.11,2.35,4.88
20220721093809 ,PORA,KS,HG,60.03,10.81,18.13,2.47,5.98
20220721093809 ,OYDB,KS,HH,65.99,11.88,19.28,2.66,13.7
20220721093809 ,GBI2,KS,HH,65.43,11.62,19.28,2.59,13.89
20220722212714 ,YPD,KG,EL,88.3,15.73,26.83,2.58,7.82
20220722212714 ,BAR2,KS,HH,96.37,16.42,28.67,2.91,2.53
20220722212714 ,YPDB,KS,HH,94.27,16.7,27.94,3.05,2.56
20220728203656 ,MAK,KG,EL,85.71,14.52,24.49,2.7,16
20220728203656 ,YKDB,KS,HG,85.8,14.5,24.53,2.91,6.87
20220728203656 ,USN2,KS,EL,87.84,14.8,25.26,2.75,13.89
20220728203656 ,YESA,KS,HG,85.92,14.65,24.8,2.86,5.18
20220728203656 ,SNNA,KS,HG,85.34,14.3,24.52,2.85,5.96
20220728203656 ,BSAA,KS,HG,84.59,14.53,24.41,2.76,4.86
20220728203656 ,BUS3,KS,HH,81.49,13.94,23.4,2.95,7.05
20220728203656 ,DGHA,KS,HG,78.82,13.63,22.91,2.91,5.96
20220728203656 ,GICA,KS,HG,78.36,13.33,22.67,2.8,4.72
20220728203656 ,YSB,KG,HH,77.41,13.13,22.3,2.82,16.66
20220728203656 ,YDGA,KS,HG,88.32,15.1,25.4,2.92,4.78
20220728203656 ,GSNA,KS,HG,81.53,13.7,23.21,2.8,6.58
20220728203656 ,GCN,KG,HG,94.55,15.81,26.83,2.95,4.21
20220728203656 ,UNI,KG,HG,88.72,14.92,25.47,2.89,4.5
20220728203656 ,MKL,KG,HH,98.96,16.53,28.19,2.65,7.21
20220728203656 ,CPR2,KS,EL,95.86,16.24,27.65,2.55,12.14
20220728203656 ,GKSA,KS,HG,94.51,15.76,27.17,2.78,5.98
20220728203656 ,GUMA,KS,HG,94.37,15.85,27.13,2.97,3.81
20220728203656 ,DUC,KG,HG,94.04,15.7,26.82,2.88,4.5
20220728203656 ,MMD,KS,HH,88.36,15.1,25.52,2.84,17.24
20220728203656 ,GUWB,KS,HH,93.94,15.76,27.15,3,7.95
20220728203656 ,BLLA,KS,HG,92.21,15.72,26.73,3.1,4.51
20220728203656 ,YOCB,KS,HH,92.12,15.31,26.33,2.95,4.64
20220728203656 ,UNCA,KS,HG,91.74,15.48,26.33,2.85,4.5
20220728203656 ,IMSB,KS,HH,90.6,15.42,26.14,2.9,4.27
20220728203656 ,MALA,KS,HG,90.49,15.53,26.17,2.91,5.41
20220728203656 ,SCHA,KS,HG,89.86,15.21,25.89,2.76,7.25
20220728203656 ,GRE,KG,EL,74.58,12.38,21.53,2.79,9.84
20220728203656 ,JLSA,KS,HG,54.84,9.39,16.04,2.92,4.83
20220728203656 ,YGAA,KS,HG,53.58,9.25,15.71,3.09,2.61
20220728203656 ,HAIA,KS,HG,50.62,8.92,14.82,2.74,6.87
20220728203656 ,CGDA,KS,HG,50.39,8.76,14.83,2.95,3.68
20220728203656 ,HAMB,KS,HH,47.93,8.35,14.14,2.65,6.08
20220728203656 ,YGJA,KS,HG,46.97,8.32,13.87,2.75,5.96
20220728203656 ,JNYA,KS,HG,46.12,8.23,13.54,2.84,7.27
20220728203656 ,CGWB,KS,HH,40.1,7.3,12,2.83,8.72
20220728203656 ,WICA,KS,HG,55.79,9.78,16.55,2.95,5.44
20220728203656 ,KCH2,KS,EL,39.58,7.15,12.04,2.92,13.04
20220728203656 ,EURB,KS,HH,13.22,3,4.67,2.92,5.9
20220728203656 ,CIGB,KS,HH,73.91,12.44,21.23,2.94,4.75
20220728203656 ,HACA,KS,HG,16.26,3.54,5.7,2.64,9.56
20220728203656 ,HCNA,KS,HG,22.76,4.43,7.27,3,3.23
20220728203656 ,CLSA,KS,HG,25.07,4.79,7.77,2.99,3.57
20220728203656 ,CHRB,KS,HH,28.68,5.36,8.79,2.74,5.9
20220728203656 ,GSU,KG,HH,30.79,5.89,9.73,3.01,3.7
20220728203656 ,JINA,KS,HG,32.53,6.09,10.07,2.71,9.1
20220728203656 ,YALB,KS,HH,39.03,7.03,11.76,2.79,5.28
20220728203656 ,SACA,KS,HG,34.38,6.29,10.62,2.94,3.99
20220728203656 ,GMNA,KS,HG,55.92,9.62,16.31,2.68,9.59
20220728203656 ,JNHA,KS,HG,56.87,10,16.68,2.89,6.87
20220728203656 ,JASA,KS,HG,72.37,12.5,21.11,2.72,8.23
20220728203656 ,KMC,KG,EL,72.19,12.4,20.99,2.82,9.81
20220728203656 ,GWYB,KS,HH,71.05,12.11,20.46,2.67,6.19
20220728203656 ,DUSB,KS,HH,70.84,12.28,20.69,3.06,3.06
20220728203656 ,NAHA,KS,HG,70.46,12.08,20.49,3.04,4.86
20220728203656 ,KJM,KG,EL,70.32,12.17,20.43,2.69,16
20220728203656 ,MLGA,KS,HG,70.07,12.01,20.19,2.69,10.48
20220728203656 ,JUCA,KS,HG,56.81,9.89,16.52,2.92,7.25
20220728203656 ,GDDB,KS,HH,69.94,12.04,20.34,2.97,4.51
20220728203656 ,MSNA,KS,HG,69.14,11.77,19.87,2.72,9.1
20220728203656 ,BAU,KS,EL,67.4,11.58,19.6,2.68,21.7
20220728203656 ,DAGA,KS,HG,66.64,11.28,19.29,3.09,4.33
20220728203656 ,KUJA,KS,HG,65.58,11.25,18.75,2.81,4.26
20220728203656 ,GKP2,KG,HH,65.48,11.16,18.98,2.95,3.5
20220728203656 ,CGD,KG,EL,60.6,10.44,17.63,2.77,7.55
20220728203656 ,JRB,KG,HH,58.83,10.17,17.16,2.75,6.83
20220728203656 ,JGNA,KS,HG,57.46,10.03,16.92,2.95,6.37
20220728203656 ,GACA,KS,HG,32.83,6.1,9.98,2.77,4.89
20220731130506 ,BAR2,KS,HG,95.05,16.87,28.87,2.8,3.29
20220731130506 ,YPDB,KS,HH,93.24,17.03,28.27,3.1,2.9
20220731130506 ,YPD,KG,HG,87.26,16.07,27.11,2.99,6.91
20220824093124 ,MKL,KG,HH,89.22,15.96,27.18,2.65,4.59
20220824093124 ,EUSB,KS,HH,85.15,15.79,26.16,2.61,5.18
20220824093124 ,GCN,KG,HG,85.12,15.42,25.77,2.8,3.08
20220824093124 ,HDB,KG,HH,84.68,15.22,25.55,2.5,3.96
20220824093124 ,IMWB,KS,HH,89.33,16.23,27.57,2.97,12.56
20220824093124 ,GAGA,KS,HG,84.21,15.25,25.19,2.89,4.37
20220824093124 ,PGEA,KS,HG,89.43,16.3,27.29,2.59,5.18
20220824093124 ,SNNA,KS,HG,94.56,17.11,28.7,2.8,4.38
20220824093124 ,BOG,KG,HG,93.59,16.69,28.14,2.95,2.08
20220824093124 ,JEJB,KS,HH,94.26,16.7,28.4,2.5,5.81
20220824093124 ,TBA2,KS,EL,96.07,17.09,28.63,2.93,9.9
20220824093124 ,KNUD,KG,HH,96.46,17.34,28.72,2.75,8.79
20220824093124 ,USN2,KS,EL,96.73,17.21,29.28,2.67,7.05
20220824093124 ,GUWB,KS,HG,98.16,17.91,29.86,2.79,3.27
20220824093124 ,ADOA,KS,HG,83.69,15.46,25.96,2.79,3.83
20220824093124 ,DUC,KG,HG,90.44,16.18,27.28,2.77,3.32
20220824093124 ,CHYB,KS,HH,82.7,15.06,25.14,2.62,6.05
20220824093124 ,HAK,KG,HG,61.74,11.68,19.15,2.75,4.25
20220824093124 ,HCH,KG,HH,52.72,10.49,17.52,2.92,2.64
20220824093124 ,YEYB,KS,HH,51.63,10.27,16.9,2.56,5.96
20220824093124 ,YODB,KS,HH,22.48,5.46,8.52,2.55,4.58
20220824093124 ,GGGA,KS,HG,25.73,6.04,9.51,2.5,6.46
20220824093124 ,SKBA,KS,HG,41.14,8.55,13.94,2.77,2.78
20220824093124 ,DES,KG,HG,46.49,9.39,15.58,2.76,4.7
20220824093124 ,CSOA,KS,HG,49.81,10.07,16.44,2.8,3.15
20220824093124 ,SUBA,KS,HG,50.76,9.9,16.27,2.71,4.52
20220824093124 ,JKJA,KS,HG,45.39,9.34,15.22,2.69,4.14
20220824093124 ,POSB,KG,HH,57.44,11,18.18,2.49,4.72
20220824093124 ,CHS,KG,HH,58.38,11.37,18.63,2.68,5.71
20220824093124 ,YOCB,KS,HH,81.9,14.94,25.02,2.59,5.03
20220824093124 ,CGU,KG,HG,79.4,14.44,24.26,2.35,4.99
20220824093124 ,YGBA,KS,HG,78.38,14.34,24.06,2.8,1.99
20220824093124 ,OJR,KG,HG,77.39,14.54,24.01,2.95,2.87
20220824093124 ,DKJ,KG,EL,74.72,13.75,23.03,2.6,6.63
20220824093124 ,YEAB,KS,HH,69.65,13.19,21.83,2.55,5.18
20220824093124 ,JAEA,KS,HG,67.92,12.73,21.24,2.44,5.86
20220824093124 ,GGDA,KS,HG,67.24,12.56,20.97,2.57,5.18
20220824093124 ,GGSA,KS,HG,66.72,12.57,20.64,2.79,5.25
20220824093124 ,UJNA,KS,HG,61.67,11.54,19,2.63,5.41
20220824093124 ,GIGA,KS,HG,59.23,11.29,18.79,2.75,2.95
20220827165423 ,WNBA,KS,HG,84.44,15.07,25.06,3,4.14
20220827165423 ,YPD,KG,EL,60.71,11.36,18.72,2.8,8.62
20220827165423 ,YPDB,KS,HH,55.88,10.41,17.35,2.78,3.94
20220827165423 ,TANB,KS,HH,84.87,14.97,24.9,2.8,4.36
20220831233353 ,HTDA,KS,HG,83.07,14.39,23.95,2.8,4.7
20220831233353 ,IJDB,KS,HH,91.28,16.18,27.1,2.95,2.81
20220831233353 ,BGDB,KS,HH,88.98,15.85,26.55,2.85,3.68
20220831233353 ,HGDB,KS,HH,47.38,8.65,14.16,2.88,2.49
20220831233353 ,AMD,KS,HH,91.73,16.17,27.39,2.83,8.77
20220902154446 ,MKL,KG,HH,94,16.44,27.91,2.78,3.87
20220902154446 ,YEAB,KS,HH,95.23,16.65,28.2,2.61,3.39
20220902154446 ,YOCB,KS,HH,96.6,16.74,28.58,2.55,3.59
20220902154446 ,BOG,KG,HG,98.64,17.11,29.05,2.76,3.08
20220902154446 ,BBK,KG,EL,99.3,16.85,29.15,2.65,4.26
20220902154446 ,GGSA,KS,HG,89.68,15.74,26.51,2.65,3.48
20220902154446 ,DKJ,KG,EL,86.36,15.22,25.83,2.57,5.96
20220902154446 ,GGGA,KS,HG,46,8.87,14.81,2.33,5.57
20220902154446 ,YODB,KS,HH,46.99,8.89,14.88,2.5,3.66
20220902154446 ,POHB,KG,HH,60.23,11.34,19,3.1,1.44
20220902154446 ,JKJA,KS,HG,63.58,11.58,19.74,2.5,3.87
20220902154446 ,HCH,KG,HH,63.66,11.83,20.26,2.5,6.37
20220902154446 ,SKBA,KS,HG,66.13,11.97,20.34,2.5,3.08
20220902154446 ,POSB,KG,HH,66.63,12.08,20.48,2.35,5.78
20220902154446 ,GIGA,KS,HG,72.27,12.95,21.97,2.5,3.52
20220902154446 ,HDB,KG,HH,85.79,15.05,25.58,2.62,3.38
20220902154446 ,CSOA,KS,HG,72.88,13.17,22.24,2.5,3.31
20220902154446 ,SUBA,KS,HG,74.71,13.37,22.37,2.63,3.92
20220902154446 ,GGDA,KS,HG,75.96,13.59,23.03,2.5,4.81
20220902154446 ,CHS,KG,HH,76.33,13.52,22.9,2.41,6.43
20220902154446 ,YEYB,KS,HG,77.09,13.8,23.22,2.65,3.64
20220910055948 ,CHNB,KG,HH,77.45,13.75,23.76,3.61,2.95
20220910055948 ,CWO2,KS,EL,98.78,17.42,29.64,3.71,3.25
20220910055948 ,YOGA,KS,HG,95.53,16.91,28.92,3.73,1.94
20220910055948 ,GMHB,KS,HH,79.17,14.17,24.12,3.75,1
20220911072835 ,PGEA,KS,HG,90.66,15.62,26.48,2.65,4.06
20220911072835 ,GAGA,KS,HG,85.6,14.72,24.89,2.8,3.38
20220911072835 ,EUSB,KS,HH,85.89,14.89,25.29,2.64,4.64
20220911072835 ,MKL,KG,HH,88.56,15.01,25.89,2.81,5.02
20220911072835 ,DUC,KG,HG,89.86,15.22,25.98,2.91,3.24
20220911072835 ,IMWB,KS,HH,90.63,15.82,26.91,2.85,10.48
20220911072835 ,BOG,KG,HG,92.94,15.74,27.15,2.94,2.96
20220911072835 ,BBK,KG,EL,99.73,16.86,28.95,3.06,2.22
20220911072835 ,SNNA,KS,HG,94.8,16.17,27.53,2.8,3.85
20220911072835 ,USN2,KS,HG,96.18,16.4,28.07,2.73,5.86
20220911072835 ,GSNA,KS,HG,96.34,16.41,27.72,2.94,4.01
20220911072835 ,KNUD,KG,HH,97.85,16.67,28.32,2.75,5.53
20220911072835 ,GUWB,KS,HH,98.65,16.97,28.79,2.83,4.21
20220911072835 ,ADOA,KS,HG,84.73,14.73,25.34,2.82,2.66
20220911072835 ,JEJB,KS,HH,93.34,15.89,26.96,2.8,3.23
20220911072835 ,GCN,KG,HG,84.65,14.47,24.65,2.89,2.93
20220911072835 ,POHB,KG,HH,50.17,9.2,15.44,2.8,2.97
20220911072835 ,POSB,KG,HH,56.94,10.05,16.95,2.49,4.54
20220911072835 ,YEYB,KS,HH,52.83,9.58,16.09,2.79,2.77
20220911072835 ,SUBA,KS,HG,52.15,9.36,15.69,2.91,2.95
20220911072835 ,DES,KG,HG,46.21,8.42,14.38,2.69,6.87
20220911072835 ,JKJA,KS,HG,45.52,8.43,14.09,2.76,4.95
20220911072835 ,SKBA,KS,HG,42.17,7.81,13.19,2.78,2.61
20220911072835 ,GGGA,KS,HG,25.98,5.17,8.17,2.57,6.03
20220911072835 ,YODB,KS,HG,23.59,4.79,7.77,2.5,4.51
20220911072835 ,CHYB,KS,HH,84.09,14.5,24.49,2.65,3.96
20220911072835 ,CHS,KG,HH,58.53,10.44,17.53,2.8,4.38
20220911072835 ,CSOA,KS,HG,50.49,9.28,15.49,2.95,2.08
20220911072835 ,HAK,KG,HG,60.83,10.74,18.44,2.85,4.14
20220911072835 ,GIGA,KS,HG,58.99,10.35,17.58,2.8,2.92
20220911072835 ,YOCB,KS,HH,81.84,13.99,23.83,2.65,4.26
20220911072835 ,CGU,KG,HG,78.76,13.5,23.03,2.5,5.53
20220911072835 ,OJR,KG,HG,77.87,13.6,22.94,2.85,3.39
20220911072835 ,YGBA,KS,HG,77.57,13.41,22.89,2.8,2.66
20220911072835 ,HDB,KG,HH,83.83,14.28,24.42,2.49,4.64
20220911072835 ,YEAB,KS,HH,70.84,12.46,20.99,2.77,2.94
20220911072835 ,JAEA,KS,HG,69.27,12.13,20.37,2.65,3.99
20220911072835 ,GGSA,KS,HG,68.13,12.04,20.11,2.92,2.67
20220911072835 ,GGDA,KS,HG,66.74,11.62,19.75,2.51,6.05
20220911072835 ,UJNA,KS,HG,62.98,11.06,18.62,2.75,2.8
20220911072835 ,DKJ,KG,EL,74.43,12.83,21.87,2.6,7.46
20220930193753 ,CGUB,KS,HH,86.54,14.88,25.02,2.94,3.54
20220930193753 ,PORA,KS,HG,85.66,14.64,24.66,2.9,6.71
20220930193753 ,ANMA,KS,HG,84.79,14.53,24.5,2.68,7.91
20220930193753 ,BKWA,KS,HG,80.98,13.96,23.57,2.85,3.64
20220930193753 ,HWDB,KS,HH,79.69,13.74,23.1,2.89,4.5
20220930193753 ,BUYB,KS,HH,77.03,13.28,22.31,2.74,13.89
20220930193753 ,YAGA,KS,HG,76.71,13.33,22.18,2.82,7.27
20220930193753 ,CHJ3,KS,HH,76.31,13.14,21.91,2.7,9.1
20220930193753 ,GMPB,KS,HH,88.28,15.01,25.2,2.64,6.19
20220930193753 ,LIWA,KS,HG,88.7,15.21,25.26,2.77,3.48
20220930193753 ,HESA,KS,HG,99.61,17.12,28.55,3,4.55
20220930193753 ,IKSA,KS,HG,98.44,16.75,28.14,3.1,3.09
20220930193753 ,JECB,KS,HH,98.3,16.8,28.11,2.89,2.91
20220930193753 ,DEI2,KS,HG,98.15,16.76,29.11,2.96,4.59
20220930193753 ,SECA,KS,HG,95.32,16.26,27.29,3.05,4.5
20220930193753 ,TANB,KS,HH,94.11,15.93,27.27,2.58,10.01
20220930193753 ,MOGA,KS,HG,93.55,16.01,26.87,2.92,5.09
20220930193753 ,HWSA,KS,HG,91.96,15.62,26.29,2.95,2.79
20220930193753 ,DKSA,KS,HG,91.12,15.56,26.1,2.8,4.1
20220930193753 ,CRB,KG,HG,89.51,15.33,25.77,2.8,4.93
20220930193753 ,MGY2,KS,EL,89.5,15.36,25.58,3.09,2.84
20220930193753 ,INCA,KS,HG,75.36,12.92,21.87,2.69,6.24
20220930193753 ,GSGA,KS,HG,73.14,12.64,21.37,2.64,6.16
20220930193753 ,ICN2,KS,EL,47.59,8.57,14.33,2.7,14.06
20220930193753 ,DGJA,KS,HG,47.1,8.43,14.24,2.79,4.59
20220930193753 ,JNPA,KS,HG,42.9,7.85,12.91,3.06,2.22
20220930193753 ,HKU,KG,HH,42.78,7.92,12.95,2.77,4.49
20220930193753 ,SLSA,KS,HG,42.06,7.69,12.73,2.76,4.5
20220930193753 ,SWO2,KS,HG,41.27,7.54,12.66,2.6,10.07
20220930193753 ,ASNA,KS,HG,19.12,4.19,6.69,2.69,7.4
20220930193753 ,YUGA,KS,HG,48.28,8.74,14.47,2.97,4.03
20220930193753 ,CEA2,KS,EL,19.94,4.35,7.02,2.64,6.89
20220930193753 ,BOGA,KS,HG,21.94,4.57,7.5,2.85,3.45
20220930193753 ,JNUA,KS,HG,30.07,5.86,9.55,2.79,4.01
20220930193753 ,YIN,KG,EL,35.35,6.65,10.98,2.74,6.71
20220930193753 ,HAWB,KS,HH,36.89,6.78,11.27,2.77,5.5
20220930193753 ,YSAB,KS,HH,37,6.92,11.39,2.68,5.78
20220930193753 ,BON2,KS,HG,74.5,12.89,21.33,2.95,4.93
20220930193753 ,CE2A,KS,HG,49.8,8.98,14.72,2.94,2.48
20220930193753 ,SGNA,KS,HG,57.26,10.07,16.91,2.7,5.96
20220930193753 ,NOSA,KS,HG,73.51,12.78,21.22,2.79,5.98
20220930193753 ,HGSA,KS,HG,51.34,9.16,15.35,2.59,7.91
20220930193753 ,SODA,KS,HG,72.45,12.57,21.14,2.65,5.61
20220930193753 ,GLSA,KS,HG,70.32,12.11,20.48,2.8,5.53
20220930193753 ,TEJ2,KS,HG,67.36,11.81,19.54,2.75,9.67
20220930193753 ,TJN,KG,HH,66.21,11.61,19.17,2.65,6.5
20220930193753 ,CGYA,KS,HG,66.14,11.53,19.21,2.86,4.5
20220930193753 ,SEO3,KS,HH,65.08,11.37,18.93,2.52,10.27
20220930193753 ,HONA,KS,HG,68.71,11.98,19.74,2.92,4.1
20220930193753 ,BURB,KS,HH,64.6,11.28,18.83,2.43,7.82
20220930193753 ,NJDA,KS,HG,64.97,11.29,19.05,2.73,6.87
20220930193753 ,CGAA,KS,HG,59.99,10.66,17.62,3.03,3.39
20220930193753 ,HSB,KG,HH,62.2,10.88,18.21,2.85,5.18
20220930193753 ,SES2,KS,HH,63.43,11.12,18.63,2.68,21.58
20220930193753 ,AGSA,KS,HG,63.44,11.11,18.6,2.65,5.44
20220930193753 ,YSUK,KG,HG,64.33,11.18,18.76,2.85,7.27
20220930193753 ,SNU,KG,HH,59.93,10.59,17.72,2.78,6.81
20221028232733 ,YUGA,KS,HG,92,15.77,26.78,3.28,4.16
20221028232733 ,SGNA,KS,HG,88.77,15.43,25.61,3.52,3.11
20221028232733 ,SWO2,KS,EL,91.92,15.96,26.82,3.52,6.05
20221028232733 ,GICA,KS,HG,91.38,15.6,26.35,3.5,3.35
20221028232733 ,HOCA,KS,HG,89.76,15.51,25.96,3.5,3.52
20221028232733 ,GWLA,KS,HG,92.37,16.03,26.93,3.58,3.19
20221028232733 ,PYCA,KS,HG,88.2,15.32,25.65,3.47,5.49
20221028232733 ,SND,KG,HH,87.74,15.28,25.35,3.39,4.28
20221028232733 ,JSB,KG,HH,87.08,14.7,25.3,3.39,3.6
20221028232733 ,CGIA,KS,HG,82.21,14.3,23.97,3.44,3.91
20221028232733 ,ADOA,KS,HG,81.51,14.01,23.81,3.48,2.83
20221028232733 ,YDGA,KS,HG,88.29,15.11,25.52,3.48,4.17
20221028232733 ,CHYB,KS,HH,93,16.01,26.92,3.35,3.91
20221028232733 ,YSAB,KS,HH,96.72,16.5,27.84,3.4,3.21
20221028232733 ,EUSB,KS,HH,93.26,15.89,26.66,3.54,2.99
20221028232733 ,GUMA,KS,HG,81.1,13.83,23.68,3.44,2.95
20221028232733 ,JAEA,KS,HG,99.93,17.14,28.95,3.69,1.95
20221028232733 ,KMC,KG,EL,99.76,16.99,28.73,3.52,6.45
20221028232733 ,BLGA,KS,HG,97.61,16.55,28.11,3.37,4.08
20221028232733 ,SESA,KS,HG,97.3,16.87,28.17,3.62,3.39
20221028232733 ,HWDB,KS,HH,96.75,16.7,28.48,3.56,2.76
20221028232733 ,NOSA,KS,HG,94.96,16.28,27.28,3.58,3
20221028232733 ,MOGA,KS,HG,94.88,16.33,27.35,3.48,3.39
20221028232733 ,YEAB,KS,HH,93.69,15.91,26.89,3.55,2.73
20221028232733 ,KMSB,KS,HH,93.57,16,26.98,3.5,4.03
20221028232733 ,ASNA,KS,HG,78.24,13.49,22.77,3.43,3.94
20221028232733 ,TBA2,KS,EL,96.39,17.27,28.81,3.53,6.41
20221028232733 ,JCUA,KS,HG,56.78,10.01,17,3.42,4.49
20221028232733 ,CEA2,KS,EL,56.77,10.04,16.78,3.22,6.75
20221028232733 ,HKU,KG,HH,56.12,9.96,16.66,3.4,4.81
20221028232733 ,YIN,KG,EL,53.74,9.69,16.07,3.14,8.87
20221028232733 ,BOGA,KS,HG,52.19,9.43,15.62,3.31,4.93
20221028232733 ,HWSA,KS,HG,50.03,9.02,15.02,3.35,3.63
20221028232733 ,YSUM,KG,HG,45.83,8.39,13.89,3.52,2.67
20221028232733 ,CGUB,KS,HH,77.36,13.57,22.58,3.35,2.85
20221028232733 ,CE2A,KS,HG,44.28,8.01,13.17,3.37,4.27
20221028232733 ,SLSA,KS,HG,43.92,8.04,13.34,3.36,2.61
20221028232733 ,JECB,KS,HG,42.98,7.85,13.11,3.27,4.88
20221028232733 ,BURB,KS,HH,41.95,7.76,12.77,3.31,3.59
20221028232733 ,MGB,KG,HH,41.24,7.46,12.43,3.26,4.41
20221028232733 ,CHJ3,KS,HH,13.12,3.22,5.06,3.06,14.59
20221028232733 ,DNYA,KS,HG,45.17,8.19,13.75,3.4,3.83
20221028232733 ,YOJB,KS,HH,57.64,10.28,17.15,3.33,4.42
20221028232733 ,HONA,KS,HG,56.1,9.87,16.51,3.22,5.66
20221028232733 ,SNDA,KS,HG,77.1,13.22,22.71,3.33,5.12
20221028232733 ,LIWA,KS,HG,74.72,12.97,21.8,3.48,3.71
20221028232733 ,PGEA,KS,HG,74.43,12.98,21.79,3.31,5.96
20221028232733 ,HESA,KS,HG,74.31,13.02,21.68,3.45,3.66
20221028232733 ,CRB,KG,HG,57.88,10.33,17.19,3.46,2.95
20221028232733 ,DNBA,KS,HG,73.86,12.73,21.46,3.4,2.51
20221028232733 ,TEJ2,KS,HG,73.12,12.73,21.33,3.36,7.46
20221028232733 ,TJN,KG,HH,72.94,12.7,21.15,3.43,5.3
20221028232733 ,PYCB,KS,HH,72.39,12.55,21.13,3.2,8.3
20221028232733 ,CPR2,KS,EL,74.27,12.91,21.55,3.28,6.54
20221028232733 ,JNUA,KS,HG,64.96,11.34,19.17,3.25,4.51
20221028232733 ,BUSA,KS,HG,71.15,12.5,20.91,3.26,4.99
20221028232733 ,YCHB,KS,HH,58.26,10.26,17.2,3.47,2.7
20221028232733 ,YAGA,KS,HG,60.34,10.74,17.9,3.42,3.53
20221028232733 ,OKCB,KS,HH,60.36,10.65,17.75,3.19,3.39
20221028232733 ,SAJB,KS,HH,58.83,10.37,17.31,3.22,3.56
20221028232733 ,YOW2,KS,EL,62.07,10.84,18.33,3.15,11.1
20221028232733 ,ICN2,KS,EL,62.25,11.07,18.31,3.17,10.48
20221028232749 ,ICN2,KS,EL,62.25,11.83,19.12,2.95,32.37
20221028232749 ,YCHB,KS,HH,58.26,10.94,17.8,2.8,14.51
20221028232749 ,SAJB,KS,HH,58.83,11.05,18,3.7,2.39
20221028232749 ,YAGA,KS,HG,60.34,11.51,18.64,3.9,2.47
20221028232749 ,DNBA,KS,HG,73.86,13.59,22.04,2.65,12.03
20221028232749 ,CPR2,KS,EL,74.27,13.62,22.31,3.79,3.91
20221028232749 ,CGUB,KS,HH,77.36,14.29,23.36,2.5,18.9
20221028232749 ,SGNA,KS,HG,88.77,16.26,26.41,2.8,10.88
20221028232749 ,CRB,KG,HG,57.88,11.08,17.94,2.8,12.24
20221028232749 ,BUSA,KS,HG,71.15,13.23,21.56,3.1,8.72
20221028232749 ,YOJB,KS,HH,57.64,11.01,17.8,2.95,8.4
20221028232749 ,BURB,KS,HH,41.95,8.5,13.56,3.84,2.06
20221028232749 ,CEA2,KS,HG,56.77,10.86,17.58,2.65,18.05
20221028232749 ,CHJ3,KS,HH,13.12,3.96,5.7,3.68,4.67
20221028232749 ,CGAA,KS,HG,25.64,5.81,8.91,3.85,3.81
20221028232749 ,DKSA,KS,HG,25.83,5.83,8.96,3.79,3.39
20221028232749 ,AGSA,KS,HG,26.32,5.99,9.28,2.5,15.06
20221028232749 ,MGY2,KS,HG,31.48,6.64,10.41,2.95,9.5
20221028232749 ,BKWA,KS,HG,34.84,7.35,11.56,2.8,12.82
20221028232749 ,DGLA,KS,HG,37.57,7.75,12.27,2.95,7.05
20221028232749 ,JCUA,KS,HG,56.78,10.78,17.67,3.83,3.02
20221028232749 ,MGB,KG,HH,41.24,8.12,13.07,2.65,20.31
20221028232749 ,HKU,KG,HH,56.12,10.75,17.43,2.65,12.89
20221028232749 ,BOGA,KS,HG,52.19,10.22,16.42,2.8,11.3
20221028232749 ,YSUM,KG,HG,45.83,9.17,14.59,3.89,2.42
20221028232749 ,DNYA,KS,HG,45.17,8.97,14.4,3.85,3.08
20221028232749 ,CE2A,KS,HG,44.28,8.8,13.95,2.95,10.15
20221028232749 ,SLSA,KS,HG,43.92,8.84,14.13,3.1,5.71
20221028232749 ,JECB,KS,HH,42.98,8.58,13.72,2.65,21.27
20221028232749 ,HWSA,KS,HG,50.03,9.73,15.7,2.8,9.81
20221031172752 ,YDGA,KS,HG,88.29,15.5,25.94,3.12,4.85
20221031172752 ,SGNA,KS,HG,88.77,15.76,25.9,3.1,3.21
20221031172752 ,HOCA,KS,HG,89.76,15.86,26.28,3.06,4.03
20221031172752 ,GICA,KS,HG,91.38,15.99,26.78,2.93,5.13
20221031172752 ,SWO2,KS,EL,91.92,16.28,27.1,3.12,6.97
20221031172752 ,JESA,KS,HG,91.29,16.08,27.7,3.01,6.39
20221031172752 ,PYCA,KS,HG,88.2,15.66,25.92,3.08,6.77
20221031172752 ,JSB,KG,HH,87.08,15.19,25.48,2.8,7.66
20221031172752 ,CGIA,KS,HG,82.21,14.64,24.28,3.15,4.5
20221031172752 ,ADOA,KS,HG,81.51,14.4,24.14,3.25,2.77
20221031172752 ,GUMA,KS,HG,81.1,14.24,23.95,2.77,6.3
20221031172752 ,ASNA,KS,HG,78.24,13.85,23.05,3.03,4.47
20221031172752 ,CGUB,KS,HH,77.36,13.89,22.91,2.98,3.38
20221031172752 ,YUGA,KS,HG,92,16.13,26.94,2.76,4.97
20221031172752 ,SND,KG,HH,87.74,15.64,25.71,2.81,10.27
20221031172752 ,GWLA,KS,HG,92.37,16.38,27.19,3.1,3.4
20221031172752 ,CHYB,KS,HH,93,16.38,27.27,2.91,5.96
20221031172752 ,SNDA,KS,HG,77.1,13.6,22.84,2.81,8.92
20221031172752 ,JAEA,KS,HG,99.93,17.52,29.39,3.18,3.26
20221031172752 ,KMC,KG,EL,99.76,17.38,29.13,2.98,10.21
20221031172752 ,BLGA,KS,HG,97.61,16.97,28.47,2.98,5.68
20221031172752 ,SESA,KS,HG,97.3,17.03,28.49,3.33,3.17
20221031172752 ,HWDB,KS,HG,96.75,17.02,29.18,2.93,3.31
20221031172752 ,YSAB,KS,HH,96.72,16.86,28.24,2.95,2.84
20221031172752 ,MOGA,KS,HG,94.88,16.66,27.53,2.89,4.81
20221031172752 ,YEAB,KS,HH,93.69,16.28,27.3,3.16,3.39
20221031172752 ,KMSB,KS,HH,93.57,16.38,27.37,3.25,2.94
20221031172752 ,EUSB,KS,HH,93.26,16.29,27.09,3.01,5.18
20221031172752 ,TBA2,KS,HG,96.39,17.64,29.19,2.98,7.19
20221031172752 ,LIWA,KS,HG,74.72,13.33,22.23,3.1,5.05
20221031172752 ,BKWA,KS,HG,34.84,6.93,11.12,2.9,4.78
20221031172752 ,HESA,KS,HG,74.31,13.35,22,3.06,4.64
20221031172752 ,YIN,KG,EL,53.74,10.01,16.33,2.8,6.19
20221031172752 ,BOGA,KS,HG,52.19,9.75,15.91,3.05,3.91
20221031172752 ,HWSA,KS,HG,50.03,9.41,15.42,2.95,5.16
20221031172752 ,YSUM,KG,HG,45.83,8.71,14.15,3.11,3.46
20221031172752 ,DNYA,KS,HG,45.17,8.54,14.09,3.1,5.38
20221031172752 ,CE2A,KS,HG,44.28,8.38,13.53,2.92,5.7
20221031172752 ,PGEA,KS,HG,74.43,13.32,22.2,2.89,8.84
20221031172752 ,JECB,KS,HH,42.98,8.18,13.34,2.84,8.57
20221031172752 ,BURB,KS,HH,41.95,8.09,13.07,2.86,4.71
20221031172752 ,MGB,KG,HH,41.24,7.84,12.84,3.04,4.5
20221031172752 ,BON2,KS,EL,38.85,7.58,12.3,3,24.42
20221031172752 ,DGLA,KS,HG,37.57,7.47,12.02,3.22,4.78
20221031172752 ,JNPA,KS,HG,31.51,6.33,10.11,2.9,4.5
20221031172752 ,MGY2,KS,EL,31.48,6.34,10.12,2.85,7.19
20221031172752 ,AGSA,KS,HG,26.32,5.52,8.79,3.08,2.72
20221031172752 ,DKSA,KS,HG,25.83,5.49,8.68,2.92,8.69
20221031172752 ,CGAA,KS,HG,25.64,5.36,8.53,3,7.91
20221031172752 ,CHJ3,KS,HH,13.12,3.56,5.41,2.62,27.32
20221031172752 ,HONA,KS,HG,56.1,10.23,16.75,2.86,6.87
20221031172752 ,SLSA,KS,HG,43.92,8.35,13.6,2.97,3.44
20221031172752 ,HKU,KG,HH,56.12,10.32,17.01,2.97,5.16
20221031172752 ,CPR2,KS,EL,74.27,13.29,22.02,2.84,12.93
20221031172752 ,DNBA,KS,HG,73.86,13.13,21.98,3.05,2.95
20221031172752 ,TEJ2,KS,HG,73.12,13.1,21.63,3.08,9.34
20221031172752 ,TJN,KG,HH,72.94,13.07,21.52,3.13,4.79
20221031172752 ,PYCB,KS,HH,72.39,12.9,21.46,3.01,7.91
20221031172752 ,BUSA,KS,HG,71.15,12.88,21.24,2.83,7.07
20221031172752 ,JNUA,KS,HG,64.96,11.68,19.49,2.65,7.88
20221031172752 ,ICN2,KS,EL,62.25,11.4,18.61,2.78,8.69
20221031172752 ,OKCB,KS,HH,60.36,11.02,18.17,2.84,4.85
20221031172752 ,YOW2,KS,EL,62.07,11.26,18.64,2.84,18.42
20221031172752 ,CEA2,KS,EL,56.77,10.38,17.1,2.77,8.16
20221031172752 ,YOJB,KS,HH,57.64,10.65,17.49,2.92,6.93
20221031172752 ,CRB,KG,HG,57.88,10.65,17.48,3,3.76
20221031172752 ,JCUA,KS,HG,56.78,10.36,17.3,3.2,5.18
20221031172752 ,YCHB,KS,HH,58.26,10.63,17.62,3.09,5.95
20221031172752 ,SAJB,KS,HH,58.83,10.76,17.77,2.93,3.6
20221031172752 ,YAGA,KS,HG,60.34,11.07,18.2,2.95,4.03
20221105042122 ,SODA,KS,HG,84.64,14.79,24.67,2.92,5.83
20221105042122 ,KIP,KG,HH,91.02,15.82,26.65,3.12,12.1
20221105042122 ,OYDB,KS,HH,87.17,15.2,26.23,2.75,9.1
20221105042122 ,SGNA,KS,HG,89.3,15.43,25.79,2.75,5.6
20221105042122 ,CJDB,KS,HH,89.88,15.66,26.27,2.65,3.48
20221105042122 ,HKU,KG,HH,96.38,16.77,28.15,3.08,2.99
20221105042122 ,YPDB,KS,HH,92.94,16.32,27.38,2.65,7.13
20221105042122 ,JURA,KS,HG,95.64,16.42,27.62,2.94,4.13
20221105042122 ,YPD,KG,EL,98.15,17.22,29.06,2.86,6.39
20221105042122 ,ICN2,KS,EL,99.27,17.03,28.92,2.7,12.07
20221105042122 ,GH2B,KS,HH,82.69,14.46,24,2.91,4.2
20221105042122 ,BUYB,KS,HH,91.8,16.09,26.7,2.68,14.72
20221105042122 ,CEA2,KS,EL,80.51,14.11,23.56,2.79,6.77
20221105042122 ,TANB,KS,HH,40.77,7.44,12.25,2.8,2.67
20221105042122 ,HGSA,KS,HG,45.32,8.3,13.69,2.95,2.52
20221105042122 ,HAWB,KS,HH,38.6,7.05,11.77,2.61,5.18
20221105042122 ,DGJA,KS,HG,25.05,4.84,7.83,2.71,3.97
20221105042122 ,SES2,KS,HH,23.34,4.6,7.28,2.71,7.91
20221105042122 ,WNBA,KS,HG,21.98,4.39,6.99,2.85,3.59
20221105042122 ,NJDA,KS,HG,13.91,2.77,4.17,2.75,6.6
20221105042122 ,DEI2,KS,HH,41.28,7.69,12.78,2.82,6.02
20221105042122 ,ANMA,KS,HG,49.11,8.96,14.78,2.89,3.39
20221105042122 ,HSB,KG,HH,52.34,9.41,15.69,2.67,5.33
20221105042122 ,JNUA,KS,HG,80.11,14,23.43,2.75,5.18
20221105042122 ,GMPB,KS,HH,79.68,13.97,23.32,2.79,6.02
20221105042122 ,GSGA,KS,HG,77.22,13.47,22.46,2.84,7.36
20221105042122 ,SEO3,KS,HH,75.84,13.24,21.95,2.72,7.27
20221105042122 ,SNU,KG,HH,74.71,13.04,21.83,2.89,4.5
20221105042122 ,CGYA,KS,HG,71.06,12.56,20.89,2.63,5.08
20221105042122 ,YUGA,KS,HG,70.26,12.47,20.82,2.72,3.91
20221105042122 ,SWO2,KS,HG,64.46,11.38,19.3,2.66,12.1
20221105042122 ,GLSA,KS,HG,52.43,9.49,15.78,2.55,5.96
20221105042122 ,YJD3,KS,HG,61.42,11.06,18.42,3.08,7.09
20221105042122 ,INCA,KS,HG,61.2,11.02,18.2,2.95,4.43
20221105042122 ,ASNA,KS,HG,59.38,10.64,17.61,2.95,3.63
20221107154545 ,GMDB,KS,HH,94.51,16.81,29.15,2.8,10.1
20221107154545 ,PYSB,KS,HH,90.44,15.75,27.48,2.52,4.54
20221107154545 ,UDO,KS,HH,81.33,14.86,25.36,2.5,5.16
20221119160117 ,JODB,KS,HG,85.98,14.84,25.39,3.06,8.54
20221119160117 ,HGDB,KS,HH,83.46,14.53,24.54,3.19,3.28
20221119160117 ,HTDA,KS,HG,49.38,9.28,15.55,3.04,5.9
20221119160117 ,MJDB,KS,HH,37.17,7.5,12.41,3.19,5.96
20221201061758 ,HAMB,KS,HH,87.65,15.39,25.52,3.34,3.63
20221201061758 ,GCN,KG,HG,87.95,15.47,25.82,3.4,2.13
20221201061758 ,JASA,KS,HG,88.98,15.72,26.01,3.31,5.18
20221201061758 ,MSNA,KS,HG,89.87,15.6,26.2,3.31,3.51
20221201061758 ,SKBA,KS,HG,90.99,15.9,26.78,3.19,2.72
20221201061758 ,BLGA,KS,HG,87.64,15.5,25.59,3.24,4.2
20221201061758 ,DNYA,KS,HG,91.61,16.05,26.98,3.25,3.13
20221201061758 ,YEYB,KS,HH,89.64,15.49,26.32,3.23,2.86
20221201061758 ,JKJA,KS,HG,85.95,15.02,25.36,3.17,3.91
20221201061758 ,TJN,KG,HH,85.47,15.16,25.21,3.42,3.42
20221201061758 ,CE2A,KS,HG,85.29,15.2,25.2,3.25,4.1
20221201061758 ,GIGA,KS,HG,85.02,14.92,25.21,3.25,2.55
20221201061758 ,CHJ3,KS,HH,82.98,14.73,24.51,2.9,21.21
20221201061758 ,SACA,KS,HG,91.66,15.72,26.71,3.38,3.85
20221201061758 ,DKSA,KS,HG,82.86,14.66,24.4,3.19,3.91
20221201061758 ,CGD,KG,EL,81.66,14.27,23.94,3.13,6.81
20221201061758 ,GSNA,KS,HG,81.61,14.29,23.98,3.34,3.39
20221201061758 ,HACA,KS,HG,85.87,14.89,25.06,3.35,2.95
20221201061758 ,JEO2,KS,HG,92.28,16.27,27.03,3.39,3.48
20221201061758 ,DES,KG,HG,93.83,16.33,28.11,3.16,4.52
20221201061758 ,CLSA,KS,HG,92.29,15.96,26.69,3.23,3.54
20221201061758 ,GUMA,KS,HG,12.44,3.64,5.6,3.13,3.38
20221201061758 ,BOG,KG,HG,99.73,17.23,28.96,3.38,2.4
20221201061758 ,CGU,KG,HG,98.7,17.25,28.85,3.4,1.69
20221201061758 ,POHB,KG,HH,98.56,17.66,29.32,3.4,2.2
20221201061758 ,BUSA,KS,HG,96.89,16.76,28.28,3.49,2.52
20221201061758 ,MALA,KS,HG,96.18,16.87,28.02,3.4,3.21
20221201061758 ,HKU,KG,HH,95.97,16.98,28.29,3.55,2.17
20221201061758 ,POSB,KG,HH,95.7,16.67,28.06,3.07,4.15
20221201061758 ,JAEA,KS,HG,95.68,16.59,27.94,3.21,4.27
20221201061758 ,DUC,KG,HG,94.9,16.46,27.66,3.4,2.24
20221201061758 ,JNPA,KS,HG,94.57,16.66,27.85,3.25,2.49
20221201061758 ,EURB,KS,HH,94.56,16.23,27.54,2.65,19.34
20221201061758 ,HCH,KG,HH,94.26,16.58,28.21,3.45,3.02
20221201061758 ,YOJB,KS,HH,81.59,14.41,24.02,2.92,7.29
20221201061758 ,USN2,KS,EL,93.38,16.18,27.29,3.11,9.18
20221201061758 ,GGDA,KS,HG,92.42,16.21,27.06,3.4,1.9
20221201061758 ,TEJ2,KS,HG,84.39,15.01,25,3.49,4.5
20221201061758 ,DKJ,KG,EL,80.17,14.21,23.64,3.3,4.52
20221201061758 ,YCHB,KS,HH,53.33,9.75,16.09,3.34,2.56
20221201061758 ,OJR,KG,HG,50.69,9.48,15.57,3.28,2.66
20221201061758 ,YALB,KS,HH,50.54,9.33,15.28,3.22,5.12
20221201061758 ,OKCB,KS,HH,48.03,9.12,15,2.81,4.31
20221201061758 ,YDGA,KS,HG,44.81,8.62,13.94,3.41,2.57
20221201061758 ,GKP2,KG,HH,44.51,8.47,13.81,3.25,2.92
20221201061758 ,EUSB,KS,HH,44,8.45,13.85,3.02,7.91
20221201061758 ,HWSA,KS,HG,43.16,8.39,13.59,3.21,2.95
20221201061758 ,SNNA,KS,HG,43.06,8.19,13.42,3.28,3.33
20221201061758 ,JGNA,KS,HG,39.59,7.67,12.44,3.4,4.9
20221201061758 ,YGAA,KS,HG,37.55,7.35,12.04,3.2,2.77
20221201061758 ,KMC,KG,EL,37.18,7.32,11.8,3.28,7.32
20221201061758 ,GUWB,KS,HH,30.73,6.38,10.25,3.31,4.07
20221201061758 ,DNBA,KS,HG,30.03,6.17,10.01,3.25,1.65
20221201061758 ,SAJB,KS,HH,29.98,6.22,10.01,3.35,2
20221201061758 ,CPR2,KS,EL,29.17,6.15,9.78,3.22,5.09
20221201061758 ,GICA,KS,HG,20.66,4.73,7.42,3.39,4.25
20221201061758 ,CIGB,KS,HH,20.22,4.64,7.25,3.07,5.12
20221201061758 ,MGB,KG,HH,53.36,9.81,16.17,2.98,6.87
20221201061758 ,DAGA,KS,HG,48.31,9.06,14.86,3.25,3.72
20221201061758 ,DUSB,KS,HH,55.15,10.26,16.81,3.31,6.87
20221201061758 ,YEAB,KS,HH,78.33,13.78,22.97,3.15,3.47
20221201061758 ,CSOA,KS,HG,77.79,13.72,23.16,3.25,3.01
20221201061758 ,CGAA,KS,HG,77.63,13.96,23.22,3.16,4.21
20221201061758 ,PGEA,KS,HG,75.89,13.32,22.52,3.08,6.19
20221201061758 ,DGHA,KS,HG,73.83,13.26,21.87,3.3,3.39
20221201061758 ,CHRB,KS,HH,73.68,12.95,21.55,2.98,5.58
20221201061758 ,KMSB,KS,HH,72.02,12.99,21.35,3.18,4.37
20221201061758 ,CHS,KG,HH,74.29,13.12,21.99,3.15,4.16
20221201061758 ,HONA,KS,HG,69.89,12.71,21.07,3.38,3.33
20221201061758 ,KCH2,KS,EL,70.08,12.58,20.89,3.38,8.21
20221201061758 ,MGY2,KS,HG,57.74,10.59,17.65,3.06,3.39
20221201061758 ,ADOA,KS,HG,59.94,10.89,18.08,3.26,3.33
20221201061758 ,LIWA,KS,HG,60.49,11.15,18.42,3.24,3.99
20221201061758 ,BON2,KS,EL,60.46,11.23,18.37,3.14,9.1
20221201061758 ,YOCB,KS,HH,65.74,11.9,19.71,3.19,2.95
20221201061758 ,CGDA,KS,HG,67.63,12.08,20.15,3.52,2.24
20221201061758 ,HCNA,KS,HG,68.45,11.76,20.43,3.4,2.89
20221201061758 ,DGLA,KS,HG,69.59,12.52,20.89,3.24,3.34
20221201061758 ,WICA,KS,HG,65.24,11.8,19.43,3.34,3.91
20221203042258 ,MSNA,KS,HG,79.84,14.18,24.24,3.19,2.9
20221203042258 ,YSB,KG,HH,74.01,13.23,22.37,2.91,13.89
20221203042258 ,JKJA,KS,HG,75,13.38,22.87,3.16,3.59
20221203042258 ,GGGA,KS,HG,76.15,13.34,22.9,2.86,3.59
20221203042258 ,CHS,KG,HH,79.4,14.08,24.05,3.06,5.18
20221203042258 ,BUS3,KS,HH,85.65,14.84,25.16,2.91,6.56
20221203042258 ,CGD,KG,EL,89.07,15.58,26.45,3.07,3.3
20221203042258 ,MLGA,KS,HG,89.41,15.57,26.47,3.01,2.95
20221203042258 ,YODB,KS,HH,92.24,15.79,27.17,3.09,2.54
20221203042258 ,CSOA,KS,HG,94.56,16.32,28.09,3.1,2.63
20221203042258 ,YOCB,KS,HH,80.65,14.32,24.49,3.4,1.95
20221203042258 ,MAK,KG,EL,72.54,12.95,21.86,2.98,5.11
20221203042258 ,HAK,KG,HG,33.85,7.34,12.44,3.09,4.67
20221203042258 ,JEJB,KS,HH,37.04,7.56,12.7,2.75,4.27
20221203042258 ,HDB,KG,HH,37.83,7.72,12.93,2.71,3.61
20221203042258 ,YGBA,KS,HG,38.8,7.95,13.57,2.9,2.9
20221203042258 ,BBK,KG,EL,40.42,8.01,13.41,2.82,5.08
20221203042258 ,HMGA,KS,HG,41.2,8.26,13.88,3.1,2.48
20221203042258 ,SIG,KG,HG,44.09,8.69,14.66,2.69,5.11
20221203042258 ,CGU,KG,HG,49.26,9.5,16.09,2.7,5.96
20221203042258 ,MKL,KG,HH,51.62,9.81,16.6,2.68,6.58
20221203042258 ,GGDA,KS,HG,54.21,10.2,17.43,2.86,4.5
20221203042258 ,POSB,KG,HH,53.36,10.06,17.03,2.83,5.18
20221203042258 ,DUC,KG,HG,57.4,10.65,18.01,2.8,4.49
20221203042258 ,UNI,KG,HG,60.61,11.14,18.82,2.79,4.51
20221203042258 ,GCN,KG,HG,61.05,11.29,19.23,2.95,3.44
20221203042258 ,HCH,KG,HH,57.2,10.81,18.72,3.25,3.81
20221203042258 ,DES,KG,HG,62.05,11.5,19.72,3.1,6.73
20221203042258 ,GIGA,KS,HG,64.32,11.74,20.06,3.25,2.64
20221203042258 ,DKJ,KG,EL,66.19,12.07,20.6,3.01,4.55
20221203042258 ,GSNA,KS,HG,72.07,12.96,21.96,3.22,2.85
20221203042258 ,POHB,KG,HH,53.77,10.41,17.73,3.1,3.99
20221203042258 ,UNCA,KS,HG,61.56,11.25,19,2.9,4.3
20221225103107 ,GAGA,KS,HG,83.63,15.49,25.41,2.8,4.1
20221225103107 ,JECB,KS,HH,83.34,15.31,25.02,2.47,6.08
20221225103107 ,GGDA,KS,HG,83.08,15.18,25.11,2.35,7.49
20221225103107 ,GWLA,KS,HG,80.84,15.08,24.5,3.07,2.99
20221225103107 ,BON2,KS,EL,77.06,14.24,23.25,2.81,20.91
20221225103107 ,OKCB,KS,HH,79.32,14.5,23.76,2.62,3.52
20221225103107 ,YGAA,KS,HG,77.88,14.14,23.39,3.1,2.26
20221225103107 ,YOW2,KS,EL,77.1,14.21,23.43,2.75,7.91
20221225103107 ,SNDA,KS,HG,84.16,15.39,25.28,2.93,4.35
20221225103107 ,HCH,KG,HH,76.47,14.27,23.88,3.25,2.14
20221225103107 ,CGAA,KS,HG,86.07,15.76,25.82,2.92,5.98
20221225103107 ,UJNA,KS,HG,87.28,16.04,26.32,2.8,3.25
20221225103107 ,AGSA,KS,HG,99.56,18,29.53,2.86,4.5
20221225103107 ,PYCB,KS,HG,99.43,17.72,29.64,2.79,3.85
20221225103107 ,LIWA,KS,HG,97.93,17.53,28.97,2.87,4.63
20221225103107 ,DUC,KG,HG,97.74,17.5,29.17,1.9,19.57
20221225103107 ,HONA,KS,HG,96.74,17.32,28.63,3.06,4.5
20221225103107 ,YALB,KS,HH,96.54,17.12,28.31,3.1,3.83
20221225103107 ,KMC,KG,EL,86.67,15.53,25.77,2.63,13.04
20221225103107 ,CGU,KG,HG,95.3,17.18,28.58,2.77,3.54
20221225103107 ,BKWA,KS,HG,94.48,17.11,28.12,2.65,5.22
20221225103107 ,JCUA,KS,HG,92,16.67,27.69,2.8,3.94
20221225103107 ,YDGA,KS,HG,90.3,16.16,26.83,2.71,6.32
20221225103107 ,JSB,KG,HH,90.22,16.43,27.02,2.93,4.35
20221225103107 ,GSNA,KS,HG,90.14,16.07,26.92,2.92,3.71
20221225103107 ,KNUD,KG,HH,89.45,16.5,27.04,3.06,4.5
20221225103107 ,JGNA,KS,HG,89.36,15.96,26.39,2.84,7.57
20221225103107 ,GCN,KG,HG,89.04,16.07,26.85,2.95,2.22
20221225103107 ,DKJ,KG,EL,75.55,13.88,23.09,2.9,5.18
20221225103107 ,CHJ3,KS,HH,73.24,13.54,22.22,2.61,14.85
20221225103107 ,SNNA,KS,HG,52.28,10.13,16.37,2.59,6.34
20221225103107 ,SKBA,KS,HG,48.45,9.61,15.56,2.86,2.95
20221225103107 ,DGLA,KS,HG,47.13,9.49,15.08,2.8,4.21
20221225103107 ,SAJB,KS,HH,46.66,9.16,14.59,2.74,3.91
20221225103107 ,GUMA,KS,HG,45.55,9.01,14.38,2.81,3.74
20221225103107 ,JAEA,KS,HG,45.41,9.21,14.78,2.8,3.72
20221225103107 ,YOJB,KS,HH,43.08,8.8,13.9,2.77,3.52
20221225103107 ,MGB,KG,HH,42.75,8.64,13.65,2.79,6.89
20221225103107 ,CSOA,KS,HG,42.52,8.74,13.97,2.85,3.91
20221225103107 ,YEYB,KS,HH,42.43,8.73,13.9,2.8,3.21
20221225103107 ,GUWB,KS,HH,38.17,7.97,12.64,2.71,12.07
20221225103107 ,PGEA,KS,HG,29.32,6.57,10.12,2.85,3.91
20221225103107 ,YEAB,KS,HH,28.85,6.46,10.05,2.94,2.2
20221225103107 ,DNBA,KS,HG,25.89,5.96,9.06,3.1,2.2
20221225103107 ,YCHB,KS,HH,24.86,5.84,8.78,2.63,4.3
20221225103107 ,EUSB,KS,HH,20.06,5.07,7.61,2.65,12.46
20221225103107 ,ADOA,KS,HG,13.01,4.07,5.86,2.86,4.68
20221225103107 ,SND,KG,HH,73.75,13.92,22.48,2.93,4.95
20221225103107 ,CHYB,KS,HH,54.56,10.63,17.05,2.61,4.5
20221225103107 ,CHS,KG,HH,54.58,10.49,17.16,2.82,7.19
20221225103107 ,TBA2,KS,EL,72.22,13.97,22.55,2.81,9.13
20221225103107 ,DES,KG,HG,71.97,13.53,22.63,3.2,2.72
20221225103107 ,DAGA,KS,HG,70.74,13.18,21.59,2.94,4.22
20221225103107 ,GKP2,KG,HH,69.56,12.85,21.19,2.9,4.25
20221225103107 ,CPR2,KS,EL,69.51,12.8,21.01,2.59,9.1
20221225103107 ,GICA,KS,HG,69.21,12.72,20.97,2.59,5.96
20221225103107 ,GGGA,KS,HG,69.1,13.13,21.27,2.74,3.82
20221225103107 ,YODB,KS,HH,68.8,12.89,21.19,2.65,4.59
20221225103107 ,YOCB,KS,HH,65.8,12.25,20.32,2.78,3.11
20221225103107 ,GGSA,KS,HG,65.41,12.5,20.26,2.78,4.35
20221225103107 ,HWSA,KS,HG,64.5,12.1,19.79,2.82,4.49
20221225103107 ,DKSA,KS,HG,63.62,12.09,19.54,2.83,4.74
20221225103107 ,SUBA,KS,HG,60.19,11.58,18.82,2.56,5.18
20221225103107 ,DNYA,KS,HG,60,11.53,18.74,2.76,3.39
20221225103107 ,JKJA,KS,HG,59.63,11.47,18.74,2.95,4.56
20221225103107 ,CIGB,KS,HH,58.34,10.97,17.72,2.74,5.15
20221225103107 ,MGY2,KS,EL,55.99,10.82,17.39,2.8,6.19
